{"type":"FeatureCollection","features":[{"type":"Feature","properties":{"class":"green","area_km2":0.309},"geometry":{"type":"Polygon","coordinates":[[[103.84785,1.29063],[103.84912,1.29184],[103.84764,1.29444],[103.84957,1.29631],[103.84888,1.29723],[103.8456,1.29728],[103.8441,1.29572],[103.84386,1.29304],[103.84754,1.29077],[103.84785,1.29063]]]}},{"type":"Feature","properties":{"class":"water","area_km2":0.829},"geometry":{"type":"Polygon","coordinates":[[[103.92047,1.34528],[103.92607,1.34646],[103.92618,1.34502],[103.92929,1.34458],[103.9304,1.34211],[103.93295,1.34092],[103.93318,1.33888],[103.93215,1.3384],[103.92757,1.33985],[103.92555,1.33898],[103.92188,1.3399],[103.92017,1.34201],[103.92044,1.34315],[103.91968,1.34352],[103.92044,1.34526],[103.92047,1.34528]]]}},{"type":"Feature","properties":{"class":"water","area_km2":0.678},"geometry":{"type":"Polygon","coordinates":[[[103.67731,1.42621],[103.67688,1.42465],[103.67887,1.42354],[103.67993,1.4216],[103.68166,1.42162],[103.68347,1.41987],[103.68455,1.42021],[103.68321,1.42167],[103.68255,1.42407],[103.68391,1.4243],[103.68514,1.4218],[103.6848,1.42596],[103.68533,1.42655],[103.6886,1.42579],[103.69038,1.42406],[103.69016,1.42554],[103.69269,1.42346],[103.69375,1.42399],[103.6932,1.42524],[103.69115,1.42636],[103.69246,1.42802],[103.69168,1.4284],[103.69015,1.42725],[103.68828,1.42797],[103.68718,1.42753],[103.68596,1.42947],[103.68548,1.42859],[103.68427,1.42857],[103.68289,1.42998],[103.68095,1.42851],[103.68239,1.42643],[103.68098,1.42502],[103.68028,1.42496],[103.67853,1.42689],[103.67808,1.42604],[103.67731,1.42621]]]}},{"type":"Feature","properties":{"class":"water","area_km2":0.71},"geometry":{"type":"Polygon","coordinates":[[[103.72775,1.31232],[103.72735,1.30919],[103.72779,1.30795],[103.72865,1.30803],[103.72784,1.30779],[103.72849,1.30769],[103.72798,1.30741],[103.72864,1.30726],[103.72828,1.30644],[103.7286,1.3068],[103.72863,1.30594],[103.72902,1.30613],[103.72873,1.30453],[103.72978,1.30159],[103.7281,1.30026],[103.72593,1.30651],[103.726,1.30529],[103.7241,1.30467],[103.72323,1.30537],[103.72598,1.31252],[103.73164,1.32175],[103.73319,1.32527],[103.73299,1.32613],[103.73385,1.32637],[103.73413,1.32552],[103.73278,1.31991],[103.7277,1.31237],[103.72775,1.31232]]]}},{"type":"Feature","properties":{"class":"water","area_km2":0.03},"geometry":{"type":"Polygon","coordinates":[[[103.76496,1.38275],[103.76566,1.38286],[103.76699,1.38177],[103.76673,1.38088],[103.765,1.3814],[103.76486,1.38269],[103.76496,1.38275]]]}},{"type":"Feature","properties":{"class":"water","area_km2":0.04},"geometry":{"type":"Polygon","coordinates":[[[103.75442,1.35741],[103.75336,1.35562],[103.75436,1.35593],[103.75415,1.35505],[103.75535,1.35477],[103.75465,1.35601],[103.75596,1.35719],[103.75444,1.35743],[103.75442,1.35741]]]}},{"type":"Feature","properties":{"class":"water","area_km2":0.029},"geometry":{"type":"Polygon","coordinates":[[[103.75454,1.37445],[103.75511,1.37309],[103.75628,1.37351],[103.75551,1.37491],[103.75456,1.37498],[103.75459,1.37455],[103.75454,1.37445]]]}},{"type":"Feature","properties":{"class":"water","area_km2":0.027},"geometry":{"type":"Polygon","coordinates":[[[103.70291,1.43291],[103.70147,1.43219],[103.70179,1.43018],[103.70358,1.43233],[103.703,1.43288],[103.70291,1.43291]]]}},{"type":"Feature","properties":{"class":"water","area_km2":0.036},"geometry":{"type":"Polygon","coordinates":[[[103.81241,1.44785],[103.81301,1.45274],[103.81338,1.45168],[103.81219,1.44524],[103.8123,1.44714],[103.81241,1.44785]]]}},{"type":"Feature","properties":{"class":"water","area_km2":0.03},"geometry":{"type":"Polygon","coordinates":[[[103.83079,1.44204],[103.83639,1.44541],[103.83315,1.45075],[103.83622,1.44543],[103.8312,1.44231],[103.83079,1.44204]]]}},{"type":"Feature","properties":{"class":"water","area_km2":0.042},"geometry":{"type":"Polygon","coordinates":[[[103.83854,1.42603],[103.83985,1.42478],[103.84043,1.42696],[103.8394,1.42763],[103.84032,1.42805],[103.83879,1.42656],[103.83854,1.42603]]]}},{"type":"Feature","properties":{"class":"water","area_km2":0.047},"geometry":{"type":"Polygon","coordinates":[[[103.93182,1.30706],[103.93374,1.30719],[103.93421,1.30636],[103.93249,1.30554],[103.93148,1.30597],[103.93174,1.30701],[103.93182,1.30706]]]}},{"type":"Feature","properties":{"class":"water","area_km2":0.068},"geometry":{"type":"Polygon","coordinates":[[[103.70786,1.33608],[103.70868,1.33832],[103.71438,1.3381],[103.71979,1.34235],[103.72215,1.34272],[103.72217,1.34231],[103.7199,1.34217],[103.7141,1.33779],[103.7088,1.33815],[103.70704,1.33451],[103.69679,1.33437],[103.7068,1.33457],[103.7077,1.33556],[103.70786,1.33608]]]}},{"type":"Feature","properties":{"class":"green","area_km2":0.382},"geometry":{"type":"Polygon","coordinates":[[[103.85757,1.44992],[103.85698,1.44961],[103.85805,1.44917],[103.85973,1.44608],[103.85993,1.44349],[103.86196,1.44186],[103.86241,1.44041],[103.86513,1.43741],[103.86599,1.43876],[103.86549,1.44087],[103.86134,1.44696],[103.85779,1.44991],[103.85757,1.44992]]]}},{"type":"Feature","properties":{"class":"water","area_km2":0.048},"geometry":{"type":"Polygon","coordinates":[[[103.74952,1.31779],[103.7468,1.31211],[103.74759,1.3122],[103.75012,1.3176],[103.74952,1.31779]]]}},{"type":"Feature","properties":{"class":"water","area_km2":0.241},"geometry":{"type":"Polygon","coordinates":[[[103.75227,1.30697],[103.75269,1.306],[103.75182,1.30541],[103.75281,1.30572],[103.75319,1.30508],[103.75222,1.30436],[103.75328,1.30481],[103.75359,1.30425],[103.75377,1.30372],[103.75317,1.30345],[103.75389,1.30344],[103.75524,1.30066],[103.75616,1.29806],[103.75588,1.29738],[103.75868,1.29918],[103.75659,1.30127],[103.75457,1.30669],[103.75328,1.3079],[103.75227,1.30697]]]}},{"type":"Feature","properties":{"class":"water","area_km2":0.041},"geometry":{"type":"Polygon","coordinates":[[[103.89917,1.3785],[103.89901,1.37542],[103.89845,1.37531],[103.89795,1.3777],[103.89914,1.37849],[103.89917,1.3785]]]}},{"type":"Feature","properties":{"class":"green","area_km2":0.162},"geometry":{"type":"Polygon","coordinates":[[[103.89691,1.37874],[103.89658,1.3763],[103.89833,1.37457],[103.89976,1.37497],[103.89969,1.37659],[103.90076,1.37757],[103.90062,1.37932],[103.89724,1.37863],[103.89691,1.37874]]]}},{"type":"Feature","properties":{"class":"green","area_km2":1.128},"geometry":{"type":"Polygon","coordinates":[[[103.96924,1.3258],[103.96501,1.32841],[103.96425,1.32623],[103.96307,1.32495],[103.96406,1.32415],[103.96332,1.32292],[103.96067,1.32121],[103.95741,1.32017],[103.95619,1.31899],[103.95515,1.31403],[103.96753,1.31946],[103.97047,1.32313],[103.97018,1.32495],[103.96924,1.3258]]]}},{"type":"Feature","properties":{"class":"green","area_km2":0.344},"geometry":{"type":"Polygon","coordinates":[[[103.91915,1.30372],[103.91073,1.30128],[103.9099,1.29996],[103.9084,1.30059],[103.90379,1.29925],[103.90442,1.29729],[103.91249,1.29941],[103.91687,1.30181],[103.91924,1.30194],[103.9192,1.30355],[103.91915,1.30372]]]}},{"type":"Feature","properties":{"class":"green","area_km2":0.595},"geometry":{"type":"Polygon","coordinates":[[[103.82864,1.24479],[103.82975,1.24404],[103.82897,1.24307],[103.82963,1.243],[103.83169,1.24065],[103.83207,1.23936],[103.83326,1.23868],[103.83349,1.24086],[103.83532,1.24271],[103.83922,1.24453],[103.83834,1.24588],[103.83694,1.24656],[103.83563,1.24602],[103.83302,1.24749],[103.8285,1.24803],[103.82925,1.24681],[103.82918,1.24541],[103.82864,1.24479]]]}},{"type":"Feature","properties":{"class":"water","area_km2":0.104},"geometry":{"type":"Polygon","coordinates":[[[103.837,1.25208],[103.83732,1.25314],[103.83873,1.25242],[103.83859,1.25305],[103.84017,1.25344],[103.84087,1.2528],[103.84061,1.25049],[103.83955,1.24986],[103.83695,1.25172],[103.837,1.25208]]]}},{"type":"Feature","properties":{"class":"green","area_km2":0.652},"geometry":{"type":"Polygon","coordinates":[[[103.8415,1.2513],[103.84071,1.24948],[103.83916,1.24933],[103.83629,1.25168],[103.83497,1.25165],[103.83258,1.2531],[103.83066,1.24876],[103.82879,1.24872],[103.82761,1.25115],[103.82563,1.25081],[103.82497,1.25156],[103.82652,1.25285],[103.82573,1.25502],[103.83283,1.25441],[103.83449,1.25327],[103.8371,1.25316],[103.83838,1.25405],[103.8415,1.25369],[103.84167,1.25211],[103.8415,1.2513]]]}},{"type":"Feature","properties":{"class":"green","area_km2":0.137},"geometry":{"type":"Polygon","coordinates":[[[103.84058,1.42541],[103.84093,1.42689],[103.84188,1.42682],[103.84466,1.42436],[103.84364,1.4223],[103.84137,1.42209],[103.84097,1.42298],[103.84182,1.42365],[103.84136,1.42522],[103.84058,1.42541]]]}},{"type":"Feature","properties":{"class":"green","area_km2":0.051},"geometry":{"type":"Polygon","coordinates":[[[103.87476,1.3991],[103.87261,1.39955],[103.87244,1.40031],[103.87574,1.40071],[103.87566,1.39906],[103.87514,1.39898],[103.87476,1.3991]]]}},{"type":"Feature","properties":{"class":"green","area_km2":0.126},"geometry":{"type":"Polygon","coordinates":[[[103.95106,1.36986],[103.95399,1.36947],[103.95264,1.37488],[103.95265,1.37384],[103.9507,1.37245],[103.95147,1.37064],[103.95111,1.36994],[103.95106,1.36986]]]}},{"type":"Feature","properties":{"class":"water","area_km2":0.031},"geometry":{"type":"Polygon","coordinates":[[[103.95169,1.37076],[103.95131,1.37194],[103.9524,1.37245],[103.95278,1.37197],[103.95287,1.37296],[103.95319,1.37104],[103.95253,1.37077],[103.95169,1.37076]]]}},{"type":"Feature","properties":{"class":"water","area_km2":0.029},"geometry":{"type":"Polygon","coordinates":[[[103.84456,1.434],[103.84768,1.43663],[103.84402,1.43327],[103.84361,1.42955],[103.84212,1.428],[103.84022,1.42732],[103.83995,1.42767],[103.84207,1.42816],[103.84354,1.42973],[103.84373,1.43291],[103.84435,1.4338],[103.84456,1.434]]]}},{"type":"Feature","properties":{"class":"water","area_km2":0.063},"geometry":{"type":"Polygon","coordinates":[[[103.84475,1.45884],[103.83342,1.45186],[103.83292,1.45068],[103.84484,1.45868],[103.84475,1.45884]]]}},{"type":"Feature","properties":{"class":"water","area_km2":0.323},"geometry":{"type":"Polygon","coordinates":[[[103.92506,1.35024],[103.92371,1.34842],[103.92164,1.34798],[103.92015,1.35089],[103.9213,1.35425],[103.92425,1.3542],[103.9261,1.35307],[103.92527,1.35071],[103.92506,1.35024]]]}},{"type":"Feature","properties":{"class":"water","area_km2":0.023},"geometry":{"type":"Polygon","coordinates":[[[103.89711,1.3791],[103.90337,1.38002],[103.89702,1.37899],[103.89711,1.3791]]]}},{"type":"Feature","properties":{"class":"green","area_km2":0.036},"geometry":{"type":"Polygon","coordinates":[[[103.84873,1.37235],[103.84928,1.37112],[103.84954,1.37153],[103.8508,1.3704],[103.85063,1.36986],[103.85193,1.37003],[103.85147,1.3719],[103.84931,1.37165],[103.84914,1.37239],[103.84873,1.37235]]]}},{"type":"Feature","properties":{"class":"green","area_km2":0.381},"geometry":{"type":"Polygon","coordinates":[[[103.8502,1.3571],[103.85201,1.36043],[103.84768,1.36341],[103.84312,1.36396],[103.84254,1.36254],[103.84445,1.36196],[103.84579,1.36074],[103.84549,1.36029],[103.846,1.36049],[103.85,1.35699],[103.8502,1.3571]]]}},{"type":"Feature","properties":{"class":"green","area_km2":0.284},"geometry":{"type":"Polygon","coordinates":[[[103.84275,1.36392],[103.83212,1.36751],[103.82848,1.36745],[103.8308,1.36687],[103.83686,1.36372],[103.8423,1.36262],[103.84275,1.36392]]]}},{"type":"Feature","properties":{"class":"green","area_km2":0.202},"geometry":{"type":"Polygon","coordinates":[[[103.84452,1.37717],[103.84398,1.37719],[103.8435,1.376],[103.84101,1.3761],[103.84068,1.37352],[103.84124,1.37237],[103.84456,1.37187],[103.84491,1.37262],[103.84518,1.37181],[103.84458,1.37656],[103.84452,1.37717]]]}},{"type":"Feature","properties":{"class":"green","area_km2":1.046},"geometry":{"type":"Polygon","coordinates":[[[103.8184,1.33599],[103.81872,1.33676],[103.81472,1.34065],[103.81508,1.34397],[103.81302,1.34444],[103.81291,1.3462],[103.81203,1.34721],[103.80759,1.34965],[103.80408,1.34887],[103.80358,1.3425],[103.80426,1.34266],[103.80597,1.3413],[103.80958,1.34199],[103.81148,1.34163],[103.81182,1.33946],[103.81362,1.3382],[103.81467,1.33836],[103.81591,1.33764],[103.81705,1.33635],[103.8184,1.33599]]]}},{"type":"Feature","properties":{"class":"green","area_km2":0.097},"geometry":{"type":"Polygon","coordinates":[[[103.83794,1.28438],[103.83806,1.28534],[103.83943,1.28561],[103.84059,1.2868],[103.84155,1.28668],[103.84174,1.28561],[103.84076,1.28568],[103.84106,1.2827],[103.83977,1.28343],[103.83938,1.28304],[103.83851,1.28392],[103.83794,1.28438]]]}},{"type":"Feature","properties":{"class":"green","area_km2":0.398},"geometry":{"type":"Polygon","coordinates":[[[103.84423,1.30973],[103.84126,1.30653],[103.84147,1.30302],[103.84362,1.30147],[103.84322,1.30012],[103.84429,1.29973],[103.84578,1.30322],[103.84538,1.30398],[103.84635,1.30656],[103.84491,1.30945],[103.84423,1.30973]]]}},{"type":"Feature","properties":{"class":"green","area_km2":0.297},"geometry":{"type":"Polygon","coordinates":[[[103.9823,1.3822],[103.98447,1.38063],[103.98472,1.38233],[103.98643,1.38329],[103.98636,1.38642],[103.98553,1.3873],[103.9856,1.39091],[103.98475,1.39132],[103.98434,1.38936],[103.98477,1.38893],[103.98344,1.38833],[103.98319,1.38548],[103.98223,1.38341],[103.9823,1.3822]]]}},{"type":"Feature","properties":{"class":"water","area_km2":0.049},"geometry":{"type":"Polygon","coordinates":[[[103.77518,1.35108],[103.77495,1.3494],[103.77627,1.34953],[103.77764,1.35067],[103.7768,1.35164],[103.77531,1.35109],[103.77518,1.35108]]]}},{"type":"Feature","properties":{"class":"water","area_km2":0.026},"geometry":{"type":"Polygon","coordinates":[[[103.76984,1.43766],[103.77116,1.43694],[103.77114,1.43577],[103.76954,1.43626],[103.76928,1.43721],[103.76979,1.4377],[103.76984,1.43766]]]}},{"type":"Feature","properties":{"class":"green","area_km2":0.038},"geometry":{"type":"Polygon","coordinates":[[[103.88553,1.29782],[103.88728,1.29778],[103.88722,1.29664],[103.88805,1.29612],[103.88549,1.29666],[103.88553,1.29782]]]}},{"type":"Feature","properties":{"class":"water","area_km2":0.027},"geometry":{"type":"Polygon","coordinates":[[[103.93609,1.39317],[103.9318,1.38861],[103.93309,1.38569],[103.93609,1.38373],[103.93291,1.38568],[103.93155,1.38885],[103.93605,1.39309],[103.93609,1.39317]]]}},{"type":"Feature","properties":{"class":"green","area_km2":0.139},"geometry":{"type":"Polygon","coordinates":[[[103.70857,1.31807],[103.70923,1.31952],[103.70751,1.32041],[103.70925,1.32016],[103.71019,1.31921],[103.70907,1.31579],[103.70557,1.31524],[103.70424,1.31602],[103.70424,1.31739],[103.70662,1.31648],[103.70801,1.31843],[103.70857,1.31807]]]}},{"type":"Feature","properties":{"class":"water","area_km2":0.024},"geometry":{"type":"Polygon","coordinates":[[[103.67728,1.33325],[103.67767,1.33269],[103.67902,1.33313],[103.67821,1.33175],[103.67703,1.33189],[103.67705,1.33306],[103.67728,1.33325]]]}},{"type":"Feature","properties":{"class":"water","area_km2":0.036},"geometry":{"type":"Polygon","coordinates":[[[103.85811,1.3234],[103.86007,1.32189],[103.864,1.32086],[103.86722,1.31877],[103.86725,1.31976],[103.86016,1.322],[103.85459,1.32608],[103.84932,1.32876],[103.85778,1.32367],[103.85811,1.3234]]]}},{"type":"Feature","properties":{"class":"water","area_km2":0.154},"geometry":{"type":"Polygon","coordinates":[[[103.88987,1.3085],[103.8899,1.30635],[103.88452,1.30518],[103.8782,1.29867],[103.87621,1.29808],[103.87336,1.29884],[103.87394,1.29973],[103.87627,1.29908],[103.87803,1.29952],[103.88436,1.30537],[103.88973,1.30651],[103.8887,1.31294],[103.89241,1.31407],[103.89284,1.31504],[103.89263,1.31394],[103.88911,1.31317],[103.88898,1.31199],[103.88987,1.3085]]]}},{"type":"Feature","properties":{"class":"green","area_km2":0.705},"geometry":{"type":"Polygon","coordinates":[[[103.81718,1.30675],[103.81878,1.30727],[103.81696,1.31246],[103.81721,1.31492],[103.81859,1.31609],[103.81876,1.3177],[103.81813,1.31833],[103.81698,1.31779],[103.81616,1.31885],[103.8182,1.32013],[103.81959,1.32206],[103.81523,1.32259],[103.81426,1.32051],[103.81523,1.31857],[103.81536,1.31655],[103.81261,1.31279],[103.81324,1.31192],[103.81253,1.31179],[103.81295,1.30984],[103.81487,1.30692],[103.81594,1.30689],[103.81718,1.30675]]]}},{"type":"Feature","properties":{"class":"green","area_km2":0.144},"geometry":{"type":"Polygon","coordinates":[[[103.83443,1.45971],[103.8363,1.45867],[103.83723,1.45926],[103.83746,1.46158],[103.83844,1.46301],[103.83912,1.46287],[103.83644,1.46413],[103.83446,1.45976],[103.83443,1.45971]]]}},{"type":"Feature","properties":{"class":"green","area_km2":0.051},"geometry":{"type":"Polygon","coordinates":[[[103.89185,1.1686],[103.8926,1.16911],[103.89191,1.17043],[103.88923,1.17221],[103.89174,1.16852],[103.89185,1.1686]]]}},{"type":"Feature","properties":{"class":"water","area_km2":0.067},"geometry":{"type":"Polygon","coordinates":[[[103.87344,1.3191],[103.87226,1.31705],[103.87021,1.31571],[103.8721,1.3173],[103.87255,1.31899],[103.88292,1.32333],[103.88479,1.32595],[103.88323,1.32322],[103.87439,1.3192],[103.87344,1.3191]]]}},{"type":"Feature","properties":{"class":"green","area_km2":0.066},"geometry":{"type":"Polygon","coordinates":[[[103.6854,1.34375],[103.68647,1.34343],[103.68405,1.34153],[103.68371,1.34281],[103.68472,1.34375],[103.68429,1.34598],[103.68574,1.34669],[103.685,1.34542],[103.68536,1.34377],[103.6854,1.34375]]]}},{"type":"Feature","properties":{"class":"green","area_km2":0.023},"geometry":{"type":"Polygon","coordinates":[[[103.84488,1.29929],[103.84461,1.2985],[103.84651,1.29793],[103.84736,1.29834],[103.84551,1.29908],[103.84488,1.29929]]]}},{"type":"Feature","properties":{"class":"green","area_km2":0.106},"geometry":{"type":"Polygon","coordinates":[[[103.7967,1.27896],[103.80191,1.2778],[103.80296,1.27891],[103.80236,1.2802],[103.8017,1.27903],[103.79953,1.27933],[103.79885,1.28012],[103.79656,1.28019],[103.79602,1.27942],[103.79663,1.27912],[103.7967,1.27896]]]}},{"type":"Feature","properties":{"class":"green","area_km2":0.39},"geometry":{"type":"Polygon","coordinates":[[[103.79159,1.28475],[103.79109,1.28435],[103.79345,1.28214],[103.79361,1.28089],[103.79474,1.28067],[103.79575,1.27956],[103.79471,1.27779],[103.79408,1.27778],[103.79453,1.27948],[103.79388,1.28028],[103.79298,1.28089],[103.79264,1.28018],[103.79192,1.28084],[103.79107,1.28063],[103.79131,1.28123],[103.78947,1.28201],[103.78938,1.28428],[103.7885,1.28458],[103.78764,1.28384],[103.78571,1.28667],[103.78785,1.28691],[103.78691,1.2885],[103.78845,1.28902],[103.78975,1.28858],[103.78989,1.2874],[103.79213,1.28533],[103.79159,1.28475]]]}},{"type":"Feature","properties":{"class":"green","area_km2":0.068},"geometry":{"type":"Polygon","coordinates":[[[103.78119,1.2847],[103.78087,1.28552],[103.78155,1.28585],[103.78407,1.28433],[103.78257,1.28252],[103.78133,1.2845],[103.78119,1.2847]]]}},{"type":"Feature","properties":{"class":"water","area_km2":0.105},"geometry":{"type":"Polygon","coordinates":[[[103.95559,1.4079],[103.95655,1.40803],[103.95908,1.41021],[103.96011,1.40999],[103.95963,1.40866],[103.95751,1.40742],[103.95631,1.40587],[103.95561,1.40722],[103.95536,1.40684],[103.95544,1.40784],[103.95559,1.4079]]]}},{"type":"Feature","properties":{"class":"water","area_km2":0.173},"geometry":{"type":"Polygon","coordinates":[[[103.94771,1.4118],[103.94475,1.41273],[103.94454,1.41369],[103.94778,1.41425],[103.94956,1.41342],[103.9531,1.41415],[103.95127,1.41118],[103.95078,1.41102],[103.95051,1.41219],[103.94974,1.41248],[103.9483,1.41201],[103.94771,1.4118]]]}},{"type":"Feature","properties":{"class":"water","area_km2":0.05},"geometry":{"type":"Polygon","coordinates":[[[103.95516,1.41734],[103.95526,1.416],[103.95396,1.41553],[103.95305,1.416],[103.95371,1.41791],[103.95437,1.41813],[103.95496,1.41733],[103.95516,1.41734]]]}},{"type":"Feature","properties":{"class":"water","area_km2":0.124},"geometry":{"type":"Polygon","coordinates":[[[103.9858,1.41455],[103.98638,1.41631],[103.98737,1.41618],[103.98914,1.41774],[103.99064,1.41599],[103.98777,1.41403],[103.98636,1.41373],[103.98563,1.41421],[103.9858,1.41455]]]}},{"type":"Feature","properties":{"class":"water","area_km2":0.072},"geometry":{"type":"Polygon","coordinates":[[[103.96739,1.40272],[103.96624,1.40243],[103.96525,1.40411],[103.96797,1.40581],[103.96849,1.40464],[103.96761,1.40386],[103.96713,1.40433],[103.96755,1.4029],[103.96739,1.40272]]]}},{"type":"Feature","properties":{"class":"water","area_km2":0.03},"geometry":{"type":"Polygon","coordinates":[[[103.98264,1.41474],[103.98346,1.41498],[103.98472,1.41388],[103.98314,1.4133],[103.98188,1.41379],[103.9826,1.41427],[103.98264,1.41474]]]}},{"type":"Feature","properties":{"class":"green","area_km2":0.024},"geometry":{"type":"Polygon","coordinates":[[[103.99072,1.4093],[103.99157,1.4092],[103.99226,1.40798],[103.99088,1.40807],[103.99007,1.40917],[103.99072,1.4093]]]}},{"type":"Feature","properties":{"class":"green","area_km2":2.365},"geometry":{"type":"Polygon","coordinates":[[[103.71782,1.20252],[103.72314,1.20324],[103.72684,1.20244],[103.7313,1.20347],[103.73337,1.2033],[103.73371,1.20389],[103.73287,1.20509],[103.73351,1.20563],[103.73557,1.20493],[103.73682,1.20353],[103.73732,1.20498],[103.73837,1.20506],[103.73855,1.20571],[103.73703,1.20605],[103.73555,1.20776],[103.73197,1.20651],[103.73146,1.20788],[103.72801,1.20782],[103.72771,1.20854],[103.72937,1.20964],[103.73064,1.20788],[103.72921,1.21115],[103.72806,1.21166],[103.72863,1.21111],[103.72801,1.21054],[103.7251,1.21024],[103.72385,1.21106],[103.72342,1.21224],[103.72357,1.21297],[103.72497,1.21261],[103.72151,1.21355],[103.71918,1.21234],[103.71369,1.21118],[103.71148,1.20846],[103.7071,1.20516],[103.7077,1.2041],[103.71593,1.20261],[103.71782,1.20252]]]}},{"type":"Feature","properties":{"class":"green","area_km2":0.772},"geometry":{"type":"Polygon","coordinates":[[[103.71886,1.18462],[103.71937,1.18002],[103.72121,1.18216],[103.72213,1.18224],[103.72391,1.18376],[103.7278,1.18423],[103.72847,1.18726],[103.73048,1.18742],[103.73095,1.18909],[103.72419,1.19127],[103.72326,1.19031],[103.7225,1.18731],[103.72126,1.18654],[103.71844,1.18714],[103.71866,1.18642],[103.71738,1.18722],[103.71717,1.18645],[103.71881,1.18513],[103.71886,1.18462]]]}},{"type":"Feature","properties":{"class":"green","area_km2":0.829},"geometry":{"type":"Polygon","coordinates":[[[103.73972,1.16764],[103.73922,1.16965],[103.73956,1.17247],[103.74122,1.17266],[103.74145,1.17389],[103.73898,1.17463],[103.73572,1.17436],[103.73296,1.17623],[103.72927,1.17438],[103.7285,1.17291],[103.72992,1.17306],[103.73096,1.17241],[103.73237,1.16901],[103.73378,1.16726],[103.73527,1.16756],[103.73816,1.16638],[103.73965,1.16715],[103.73972,1.16764]]]}},{"type":"Feature","properties":{"class":"water","area_km2":0.042},"geometry":{"type":"Polygon","coordinates":[[[103.76565,1.2028],[103.76362,1.20136],[103.76328,1.20385],[103.76379,1.20413],[103.76565,1.2028]]]}},{"type":"Feature","properties":{"class":"green","area_km2":0.88},"geometry":{"type":"Polygon","coordinates":[[[103.72461,1.20582],[103.71878,1.20603],[103.71781,1.20928],[103.71543,1.20955],[103.71323,1.20933],[103.71258,1.20765],[103.71104,1.20623],[103.70843,1.20622],[103.71149,1.20841],[103.71392,1.21116],[103.71923,1.21226],[103.72151,1.21343],[103.72352,1.21302],[103.72362,1.21123],[103.72468,1.21027],[103.72799,1.21051],[103.7273,1.20942],[103.72798,1.2091],[103.72784,1.2081],[103.72718,1.20803],[103.72724,1.20611],[103.72637,1.20583],[103.72461,1.20582]]]}},{"type":"Feature","properties":{"class":"green","area_km2":0.282},"geometry":{"type":"Polygon","coordinates":[[[103.729,1.20298],[103.72634,1.20252],[103.72092,1.20324],[103.71597,1.20265],[103.70728,1.2045],[103.71796,1.20426],[103.71962,1.20338],[103.71965,1.20418],[103.72877,1.20373],[103.729,1.20424],[103.729,1.20298]]]}},{"type":"Feature","properties":{"class":"green","area_km2":0.12},"geometry":{"type":"Polygon","coordinates":[[[104.10153,1.14644],[104.10416,1.14814],[104.10375,1.14944],[104.10181,1.14897],[104.10126,1.1514],[104.09916,1.15016],[104.10153,1.14644]]]}},{"type":"Feature","properties":{"class":"green","area_km2":1.807},"geometry":{"type":"Polygon","coordinates":[[[104.08409,1.1892],[104.08716,1.19135],[104.08871,1.19172],[104.08844,1.18968],[104.08974,1.18783],[104.08999,1.18536],[104.09121,1.18494],[104.09205,1.18366],[104.09166,1.1824],[104.08913,1.18196],[104.08813,1.18294],[104.08577,1.18317],[104.08548,1.18236],[104.08716,1.18101],[104.08737,1.18006],[104.08437,1.17925],[104.08399,1.17857],[104.07749,1.17918],[104.07428,1.18075],[104.07452,1.18376],[104.07561,1.18456],[104.07576,1.18769],[104.08102,1.18943],[104.08293,1.19075],[104.08409,1.1892]]]}},{"type":"Feature","properties":{"class":"green","area_km2":0.147},"geometry":{"type":"Polygon","coordinates":[[[104.09033,1.19049],[104.09171,1.1909],[104.09291,1.18961],[104.09139,1.18904],[104.09074,1.18604],[104.08967,1.18655],[104.08978,1.18783],[104.0884,1.18974],[104.08956,1.19165],[104.09053,1.19127],[104.09027,1.19056],[104.09033,1.19049]]]}},{"type":"Feature","properties":{"class":"green","area_km2":0.174},"geometry":{"type":"Polygon","coordinates":[[[103.76091,1.32862],[103.76092,1.33435],[103.76394,1.33213],[103.76386,1.32894],[103.76226,1.32866],[103.76091,1.32862]]]}},{"type":"Feature","properties":{"class":"green","area_km2":0.564},"geometry":{"type":"Polygon","coordinates":[[[103.76156,1.34077],[103.76108,1.3464],[103.76369,1.34661],[103.76419,1.34504],[103.76713,1.34279],[103.7669,1.34222],[103.76512,1.34211],[103.7647,1.33969],[103.76409,1.33945],[103.7645,1.33659],[103.76586,1.33457],[103.76444,1.33329],[103.76052,1.33573],[103.76082,1.33775],[103.76215,1.33867],[103.76156,1.34077]]]}},{"type":"Feature","properties":{"class":"green","area_km2":1.004},"geometry":{"type":"Polygon","coordinates":[[[103.83146,1.38808],[103.82848,1.38956],[103.82863,1.39015],[103.82678,1.39188],[103.82545,1.39185],[103.82461,1.39075],[103.82685,1.38974],[103.82725,1.39039],[103.8282,1.38994],[103.82477,1.38446],[103.81871,1.38828],[103.8182,1.39008],[103.81892,1.39323],[103.8196,1.3937],[103.82745,1.39273],[103.83441,1.3933],[103.83278,1.3886],[103.83203,1.38871],[103.83146,1.38808]]]}},{"type":"Feature","properties":{"class":"green","area_km2":0.058},"geometry":{"type":"Polygon","coordinates":[[[104.02698,1.1343],[104.028,1.13187],[104.02584,1.13147],[104.02534,1.13296],[104.026,1.13349],[104.02698,1.1343]]]}},{"type":"Feature","properties":{"class":"water","area_km2":0.086},"geometry":{"type":"Polygon","coordinates":[[[103.94239,1.36055],[103.94644,1.36053],[103.94876,1.3612],[103.9537,1.36599],[103.95428,1.37086],[103.95302,1.37428],[103.95284,1.37692],[103.95462,1.38167],[103.95388,1.38181],[103.95258,1.37681],[103.9528,1.37405],[103.95396,1.37082],[103.95395,1.36762],[103.9533,1.36575],[103.94848,1.36127],[103.94237,1.36061],[103.94239,1.36055]]]}},{"type":"Feature","properties":{"class":"green","area_km2":0.73},"geometry":{"type":"Polygon","coordinates":[[[103.9616,1.13746],[103.96022,1.13927],[103.95825,1.13956],[103.95648,1.13556],[103.95985,1.13419],[103.96121,1.13633],[103.96172,1.13618],[103.96366,1.13381],[103.96409,1.13211],[103.96305,1.13148],[103.96303,1.13046],[103.96711,1.13053],[103.96739,1.13642],[103.96575,1.13997],[103.96444,1.14109],[103.96304,1.14125],[103.96319,1.13891],[103.9617,1.13727],[103.9616,1.13746]]]}},{"type":"Feature","properties":{"class":"green","area_km2":0.748},"geometry":{"type":"Polygon","coordinates":[[[104.0736,1.17395],[104.07167,1.17323],[104.07147,1.17045],[104.06926,1.16961],[104.07149,1.16589],[104.07238,1.16593],[104.07447,1.16445],[104.07554,1.16454],[104.07515,1.16367],[104.07563,1.1602],[104.07873,1.15823],[104.07974,1.15831],[104.07912,1.16069],[104.08033,1.16253],[104.0823,1.16266],[104.08492,1.16399],[104.08396,1.16484],[104.08125,1.1638],[104.08015,1.16413],[104.07902,1.16289],[104.07702,1.16207],[104.07723,1.16546],[104.07792,1.16612],[104.07666,1.16693],[104.07795,1.16857],[104.07727,1.16896],[104.07563,1.16783],[104.07311,1.16813],[104.07286,1.16922],[104.07444,1.17209],[104.07464,1.17405],[104.07401,1.17405],[104.0736,1.17395]]]}},{"type":"Feature","properties":{"class":"green","area_km2":0.282},"geometry":{"type":"Polygon","coordinates":[[[104.09707,1.19415],[104.09884,1.19504],[104.10131,1.19478],[104.10102,1.19381],[104.09975,1.19383],[104.10197,1.19045],[104.10207,1.18908],[104.09988,1.18695],[104.09858,1.18743],[104.10058,1.18988],[104.09874,1.19239],[104.09862,1.19003],[104.09811,1.19042],[104.09688,1.18944],[104.09668,1.19163],[104.09752,1.19285],[104.09709,1.19278],[104.09695,1.19389],[104.09707,1.19415]]]}},{"type":"Feature","properties":{"class":"water","area_km2":0.171},"geometry":{"type":"Polygon","coordinates":[[[104.05847,1.39751],[104.05947,1.39735],[104.05573,1.39638],[104.05398,1.39682],[104.04676,1.39265],[104.0435,1.39411],[104.04131,1.3941],[104.0407,1.39341],[104.0403,1.39437],[104.04345,1.3948],[104.04676,1.39364],[104.05403,1.39752],[104.0556,1.39707],[104.05847,1.39751]]]}},{"type":"Feature","properties":{"class":"water","area_km2":0.037},"geometry":{"type":"Polygon","coordinates":[[[104.06489,1.4269],[104.06429,1.42706],[104.0636,1.42937],[104.06412,1.42681],[104.06294,1.42726],[104.06366,1.42651],[104.06495,1.42674],[104.06522,1.42583],[104.0661,1.42588],[104.06553,1.42534],[104.06676,1.42518],[104.06682,1.42629],[104.06603,1.42647],[104.06609,1.42709],[104.06502,1.42716],[104.06489,1.4269]]]}},{"type":"Feature","properties":{"class":"green","area_km2":0.027},"geometry":{"type":"Polygon","coordinates":[[[104.04332,1.39761],[104.04417,1.40033],[104.04485,1.40013],[104.04437,1.39721],[104.044,1.39739],[104.04332,1.39761]]]}},{"type":"Feature","properties":{"class":"green","area_km2":0.039},"geometry":{"type":"Polygon","coordinates":[[[104.055,1.40375],[104.05637,1.40435],[104.05586,1.40594],[104.05452,1.40559],[104.05485,1.40381],[104.055,1.40375]]]}},{"type":"Feature","properties":{"class":"green","area_km2":0.05},"geometry":{"type":"Polygon","coordinates":[[[104.05588,1.39532],[104.05371,1.39442],[104.05268,1.39485],[104.05266,1.39554],[104.05399,1.39633],[104.05584,1.3959],[104.05588,1.39532]]]}},{"type":"Feature","properties":{"class":"green","area_km2":0.068},"geometry":{"type":"Polygon","coordinates":[[[104.05311,1.39444],[104.05474,1.39172],[104.05537,1.39196],[104.05588,1.39532],[104.05371,1.39442],[104.05311,1.39444]]]}},{"type":"Feature","properties":{"class":"green","area_km2":0.385},"geometry":{"type":"Polygon","coordinates":[[[104.05286,1.39432],[104.05455,1.39116],[104.05258,1.38752],[104.04981,1.3885],[104.04884,1.3897],[104.04852,1.39151],[104.04859,1.39329],[104.05019,1.39419],[104.05191,1.39427],[104.05286,1.39432]]]}},{"type":"Feature","properties":{"class":"green","area_km2":0.021},"geometry":{"type":"Polygon","coordinates":[[[104.04738,1.38595],[104.04949,1.38591],[104.04921,1.38453],[104.04811,1.38505],[104.04738,1.38595]]]}},{"type":"Feature","properties":{"class":"green","area_km2":0.071},"geometry":{"type":"Polygon","coordinates":[[[104.0462,1.40729],[104.04704,1.40945],[104.04938,1.40882],[104.04845,1.40779],[104.04904,1.40726],[104.0485,1.40614],[104.04783,1.40671],[104.04789,1.4079],[104.04719,1.40769],[104.04719,1.40691],[104.04621,1.40705],[104.0462,1.40729]]]}},{"type":"Feature","properties":{"class":"green","area_km2":0.827},"geometry":{"type":"Polygon","coordinates":[[[104.08268,1.4068],[104.07952,1.40622],[104.07341,1.403],[104.07373,1.40223],[104.07182,1.39373],[104.07255,1.39382],[104.07395,1.39554],[104.07489,1.39474],[104.0792,1.3986],[104.08268,1.40639],[104.08268,1.4068]]]}},{"type":"Feature","properties":{"class":"green","area_km2":0.142},"geometry":{"type":"Polygon","coordinates":[[[104.07508,1.39455],[104.07751,1.39341],[104.07849,1.39378],[104.07967,1.3956],[104.07929,1.39839],[104.07508,1.39455]]]}},{"type":"Feature","properties":{"class":"green","area_km2":0.025},"geometry":{"type":"Polygon","coordinates":[[[104.07403,1.39397],[104.07489,1.39474],[104.07395,1.39554],[104.07255,1.39382],[104.07403,1.39397]]]}},{"type":"Feature","properties":{"class":"green","area_km2":0.125},"geometry":{"type":"Polygon","coordinates":[[[104.07255,1.39352],[104.07262,1.39303],[104.07588,1.3918],[104.07699,1.39195],[104.07882,1.39279],[104.07967,1.3956],[104.07798,1.39348],[104.07508,1.39455],[104.07405,1.39371],[104.07255,1.39352]]]}},{"type":"Feature","properties":{"class":"green","area_km2":0.024},"geometry":{"type":"Polygon","coordinates":[[[104.06712,1.39453],[104.06817,1.39236],[104.07017,1.39322],[104.06835,1.39369],[104.06712,1.39453]]]}},{"type":"Feature","properties":{"class":"green","area_km2":0.13},"geometry":{"type":"Polygon","coordinates":[[[104.06676,1.39534],[104.06852,1.39382],[104.07049,1.39339],[104.07159,1.39373],[104.07225,1.39663],[104.06867,1.39573],[104.06676,1.39534]]]}},{"type":"Feature","properties":{"class":"green","area_km2":0.414},"geometry":{"type":"Polygon","coordinates":[[[104.06667,1.39558],[104.07227,1.39687],[104.07316,1.40285],[104.07053,1.40083],[104.06234,1.39858],[104.06073,1.3974],[104.06626,1.39893],[104.06644,1.39627],[104.06667,1.39558]]]}},{"type":"Feature","properties":{"class":"green","area_km2":0.538},"geometry":{"type":"Polygon","coordinates":[[[104.05571,1.39205],[104.06043,1.39194],[104.06624,1.39522],[104.0662,1.39867],[104.05605,1.39541],[104.0559,1.39237],[104.05571,1.39205]]]}},{"type":"Feature","properties":{"class":"green","area_km2":0.256},"geometry":{"type":"Polygon","coordinates":[[[104.06661,1.39524],[104.06103,1.39192],[104.05882,1.39147],[104.06101,1.38996],[104.06577,1.39134],[104.06792,1.39269],[104.06661,1.39524]]]}},{"type":"Feature","properties":{"class":"green","area_km2":0.231},"geometry":{"type":"Polygon","coordinates":[[[104.05678,1.39185],[104.05481,1.39151],[104.05281,1.38752],[104.05485,1.3875],[104.06077,1.38986],[104.0573,1.39183],[104.05678,1.39185]]]}},{"type":"Feature","properties":{"class":"green","area_km2":0.311},"geometry":{"type":"Polygon","coordinates":[[[104.04955,1.38444],[104.05124,1.38671],[104.05188,1.38604],[104.05256,1.3873],[104.05086,1.38763],[104.04893,1.38911],[104.04835,1.39323],[104.04539,1.39166],[104.04545,1.39011],[104.04575,1.38801],[104.04738,1.38595],[104.04949,1.38591],[104.04921,1.38453],[104.04955,1.38444]]]}},{"type":"Feature","properties":{"class":"green","area_km2":0.128},"geometry":{"type":"Polygon","coordinates":[[[104.04897,1.38336],[104.05047,1.38077],[104.05256,1.38077],[104.05447,1.38151],[104.05506,1.38454],[104.0565,1.38606],[104.05588,1.38668],[104.05594,1.38608],[104.05459,1.38602],[104.05371,1.38482],[104.05438,1.38462],[104.05326,1.38413],[104.05418,1.38392],[104.05408,1.3825],[104.05215,1.38171],[104.05084,1.38149],[104.04925,1.38349],[104.04897,1.38336]]]}},{"type":"Feature","properties":{"class":"green","area_km2":0.024},"geometry":{"type":"Polygon","coordinates":[[[104.05478,1.38351],[104.05594,1.38533],[104.0586,1.38715],[104.05633,1.38628],[104.05506,1.38454],[104.05478,1.38351]]]}},{"type":"Feature","properties":{"class":"green","area_km2":0.148},"geometry":{"type":"Polygon","coordinates":[[[104.05428,1.39927],[104.05755,1.40031],[104.05861,1.39924],[104.05887,1.3997],[104.05784,1.4006],[104.0598,1.40128],[104.06019,1.40226],[104.06061,1.40202],[104.06041,1.40076],[104.05982,1.40052],[104.05992,1.3988],[104.05848,1.39793],[104.05604,1.39745],[104.05454,1.3993],[104.05428,1.39927]]]}},{"type":"Feature","properties":{"class":"green","area_km2":0.063},"geometry":{"type":"Polygon","coordinates":[[[104.06999,1.40416],[104.06858,1.4065],[104.06874,1.40573],[104.06763,1.40589],[104.06788,1.40442],[104.06667,1.40447],[104.06723,1.40355],[104.06797,1.40422],[104.06851,1.40358],[104.07049,1.40344],[104.07025,1.40399],[104.06999,1.40416]]]}},{"type":"Feature","properties":{"class":"green","area_km2":0.069},"geometry":{"type":"Polygon","coordinates":[[[104.06791,1.40792],[104.06503,1.40661],[104.06335,1.40433],[104.06226,1.40383],[104.06248,1.40327],[104.06365,1.40304],[104.06577,1.4062],[104.06803,1.40754],[104.06791,1.40792]]]}},{"type":"Feature","properties":{"class":"green","area_km2":4.505},"geometry":{"type":"Polygon","coordinates":[[[104.08098,1.4183],[104.08122,1.41773],[104.08006,1.41896],[104.08047,1.41769],[104.07958,1.41748],[104.07946,1.41826],[104.0791,1.41682],[104.0784,1.41898],[104.07287,1.4193],[104.07156,1.41699],[104.06571,1.41707],[104.06259,1.41534],[104.06041,1.41574],[104.05801,1.41438],[104.05637,1.41555],[104.05431,1.41927],[104.05279,1.41947],[104.05395,1.42014],[104.05254,1.41954],[104.04647,1.42154],[104.04557,1.42324],[104.04503,1.42268],[104.04443,1.42364],[104.04345,1.42384],[104.04125,1.42291],[104.03911,1.42285],[104.0384,1.4209],[104.03699,1.42221],[104.03628,1.42421],[104.04046,1.4265],[104.04337,1.43116],[104.04539,1.42892],[104.05046,1.42812],[104.05158,1.42526],[104.05415,1.42672],[104.05385,1.42858],[104.05602,1.4319],[104.05851,1.43174],[104.06949,1.42735],[104.08098,1.41852],[104.08098,1.4183]]]}},{"type":"Feature","properties":{"class":"green","area_km2":0.028},"geometry":{"type":"Polygon","coordinates":[[[104.07911,1.41522],[104.0784,1.41523],[104.07907,1.41664],[104.0812,1.41756],[104.07952,1.41599],[104.07911,1.41522]]]}},{"type":"Feature","properties":{"class":"green","area_km2":0.117},"geometry":{"type":"Polygon","coordinates":[[[104.08113,1.41709],[104.0796,1.4159],[104.07821,1.41265],[104.07967,1.41104],[104.08143,1.41384],[104.08071,1.41492],[104.08129,1.41707],[104.08113,1.41709]]]}},{"type":"Feature","properties":{"class":"green","area_km2":0.027},"geometry":{"type":"Polygon","coordinates":[[[104.07781,1.41188],[104.07751,1.41105],[104.07646,1.41094],[104.07651,1.40986],[104.07542,1.41119],[104.07751,1.41227],[104.07782,1.41193],[104.07781,1.41188]]]}},{"type":"Feature","properties":{"class":"green","area_km2":0.146},"geometry":{"type":"Polygon","coordinates":[[[104.07534,1.41109],[104.07665,1.40925],[104.07554,1.40935],[104.07428,1.40796],[104.07237,1.40736],[104.07145,1.40796],[104.06924,1.40776],[104.06914,1.40824],[104.07182,1.40968],[104.07479,1.41065],[104.07534,1.41109]]]}},{"type":"Feature","properties":{"class":"green","area_km2":3.75},"geometry":{"type":"Polygon","coordinates":[[[104.04961,1.40428],[104.05228,1.40479],[104.05312,1.40567],[104.05311,1.40699],[104.0514,1.40916],[104.04978,1.40826],[104.04947,1.40896],[104.04717,1.40962],[104.0468,1.41081],[104.04783,1.41018],[104.04822,1.41082],[104.04913,1.4107],[104.04912,1.41148],[104.04558,1.41255],[104.04442,1.41441],[104.04527,1.41489],[104.04582,1.41721],[104.04824,1.41742],[104.05069,1.41914],[104.04777,1.41995],[104.04673,1.41956],[104.04585,1.42028],[104.04532,1.41926],[104.04461,1.41932],[104.04397,1.42059],[104.04431,1.42264],[104.04382,1.42372],[104.04608,1.42158],[104.05421,1.4192],[104.05624,1.41557],[104.05802,1.41408],[104.0605,1.4155],[104.06261,1.41516],[104.06572,1.41694],[104.06872,1.41647],[104.07053,1.41683],[104.07066,1.41511],[104.07306,1.4128],[104.07214,1.41102],[104.0731,1.41],[104.06578,1.40741],[104.0642,1.40591],[104.06338,1.40896],[104.06293,1.40856],[104.06406,1.40572],[104.06344,1.40474],[104.06308,1.40514],[104.06258,1.40422],[104.06026,1.40301],[104.05673,1.40481],[104.05724,1.40556],[104.05822,1.40537],[104.05804,1.40608],[104.05758,1.40622],[104.05667,1.40488],[104.05586,1.40594],[104.0546,1.40573],[104.05485,1.40381],[104.05604,1.40393],[104.05636,1.40504],[104.06008,1.40275],[104.05952,1.40129],[104.05942,1.40167],[104.05876,1.401],[104.05953,1.40253],[104.0553,1.40037],[104.05575,1.39964],[104.05241,1.40042],[104.05346,1.4008],[104.05353,1.40157],[104.05232,1.40136],[104.05223,1.40212],[104.05001,1.40105],[104.04944,1.40382],[104.04961,1.40428]]]}},{"type":"Feature","properties":{"class":"green","area_km2":2.909},"geometry":{"type":"Polygon","coordinates":[[[104.03859,1.42098],[104.03911,1.42285],[104.04382,1.42372],[104.04357,1.4213],[104.04229,1.42109],[104.04313,1.42038],[104.0439,1.41725],[104.04332,1.41701],[104.04215,1.41794],[104.04199,1.41688],[104.04097,1.41616],[104.03928,1.41947],[104.03961,1.41387],[104.03851,1.41268],[104.04026,1.41127],[104.04007,1.41039],[104.04136,1.40966],[104.04687,1.40946],[104.04574,1.40938],[104.0446,1.40792],[104.04627,1.40659],[104.04584,1.40663],[104.04544,1.40492],[104.04735,1.40402],[104.04735,1.4035],[104.04788,1.40354],[104.04823,1.40507],[104.049,1.40526],[104.04947,1.40453],[104.04949,1.40161],[104.04698,1.39992],[104.0464,1.40101],[104.04711,1.4015],[104.04689,1.402],[104.046,1.40198],[104.0468,1.39982],[104.04609,1.40009],[104.04611,1.39887],[104.04445,1.39696],[104.04511,1.40022],[104.04417,1.40033],[104.04332,1.39761],[104.0443,1.39714],[104.04377,1.39658],[104.04173,1.39749],[104.04317,1.39829],[104.04288,1.39993],[104.04366,1.40111],[104.04342,1.40193],[104.04407,1.4017],[104.04375,1.40238],[104.0444,1.40289],[104.04311,1.40206],[104.04343,1.40105],[104.04278,1.39827],[104.04164,1.39764],[104.0397,1.40063],[104.03713,1.40163],[104.03561,1.40689],[104.03291,1.40811],[104.0303,1.41099],[104.03168,1.41427],[104.03104,1.41683],[104.0295,1.41884],[104.02992,1.42018],[104.03146,1.42012],[104.03317,1.41905],[104.03598,1.42111],[104.03628,1.42421],[104.03699,1.42221],[104.0384,1.4209],[104.03859,1.42098]]]}},{"type":"Feature","properties":{"class":"green","area_km2":0.085},"geometry":{"type":"Polygon","coordinates":[[[104.04578,1.40971],[104.04122,1.41014],[104.04296,1.4121],[104.04427,1.41198],[104.04478,1.4105],[104.04561,1.41081],[104.04549,1.40982],[104.04578,1.40971]]]}},{"type":"Feature","properties":{"class":"green","area_km2":0.135},"geometry":{"type":"Polygon","coordinates":[[[104.07987,1.39737],[104.07946,1.39847],[104.08287,1.40683],[104.08362,1.40696],[104.08081,1.39616],[104.08026,1.3971],[104.07987,1.39737]]]}},{"type":"Feature","properties":{"class":"green","area_km2":0.133},"geometry":{"type":"Polygon","coordinates":[[[104.07193,1.39343],[104.07671,1.39156],[104.07916,1.39274],[104.07987,1.39737],[104.08071,1.39667],[104.07917,1.39167],[104.07599,1.39038],[104.07321,1.39188],[104.07132,1.39167],[104.07168,1.39257],[104.07193,1.39343]]]}},{"type":"Feature","properties":{"class":"green","area_km2":0.16},"geometry":{"type":"Polygon","coordinates":[[[104.07193,1.39343],[104.0611,1.38983],[104.06266,1.38894],[104.06974,1.39119],[104.07086,1.39216],[104.07132,1.39167],[104.07168,1.39257],[104.07193,1.39343]]]}},{"type":"Feature","properties":{"class":"green","area_km2":0.034},"geometry":{"type":"Polygon","coordinates":[[[104.0587,1.38718],[104.06519,1.38924],[104.05882,1.3868],[104.0587,1.38718]]]}},{"type":"Feature","properties":{"class":"green","area_km2":0.021},"geometry":{"type":"Polygon","coordinates":[[[104.06657,1.39003],[104.07086,1.39216],[104.07132,1.39167],[104.0668,1.39004],[104.06657,1.39003]]]}},{"type":"Feature","properties":{"class":"green","area_km2":0.098},"geometry":{"type":"Polygon","coordinates":[[[104.06326,1.39999],[104.06994,1.40203],[104.07226,1.40394],[104.07242,1.40353],[104.06978,1.40165],[104.06386,1.39981],[104.0702,1.40132],[104.07292,1.40322],[104.07054,1.4011],[104.06341,1.39959],[104.06326,1.39999]]]}},{"type":"Feature","properties":{"class":"green","area_km2":0.025},"geometry":{"type":"Polygon","coordinates":[[[104.07244,1.40405],[104.07868,1.40737],[104.08371,1.40823],[104.07826,1.40698],[104.07429,1.40532],[104.07271,1.40396],[104.07244,1.40405]]]}},{"type":"Feature","properties":{"class":"green","area_km2":0.025},"geometry":{"type":"Polygon","coordinates":[[[104.07296,1.40347],[104.07974,1.40681],[104.08297,1.40723],[104.07785,1.40592],[104.07311,1.40338],[104.07296,1.40347]]]}},{"type":"Feature","properties":{"class":"green","area_km2":0.081},"geometry":{"type":"Polygon","coordinates":[[[104.06093,1.38975],[104.0625,1.38889],[104.05673,1.38674],[104.05741,1.38737],[104.05703,1.38765],[104.0596,1.38895],[104.05385,1.38696],[104.0605,1.38955],[104.06093,1.38975]]]}},{"type":"Feature","properties":{"class":"green","area_km2":0.218},"geometry":{"type":"Polygon","coordinates":[[[104.04943,1.38376],[104.05151,1.38371],[104.05264,1.38726],[104.05488,1.38702],[104.0596,1.38895],[104.05703,1.38765],[104.05741,1.38737],[104.05673,1.38674],[104.05559,1.38685],[104.05524,1.38582],[104.05436,1.38576],[104.05371,1.38482],[104.05438,1.38462],[104.05326,1.38413],[104.05418,1.38392],[104.05408,1.3825],[104.05084,1.38149],[104.04897,1.38351],[104.04943,1.38376]]]}},{"type":"Feature","properties":{"class":"green","area_km2":0.053},"geometry":{"type":"Polygon","coordinates":[[[104.05399,1.39925],[104.05083,1.39989],[104.05154,1.39741],[104.05253,1.39754],[104.05291,1.39898],[104.05413,1.39892],[104.05399,1.39925]]]}},{"type":"Feature","properties":{"class":"green","area_km2":0.032},"geometry":{"type":"Polygon","coordinates":[[[104.05082,1.39853],[104.05028,1.39915],[104.05049,1.39755],[104.04903,1.39691],[104.05078,1.39662],[104.05097,1.39815],[104.05082,1.39853]]]}},{"type":"Feature","properties":{"class":"green","area_km2":0.359},"geometry":{"type":"Polygon","coordinates":[[[104.04794,1.39622],[104.04697,1.39869],[104.04423,1.3966],[104.04191,1.39702],[104.03917,1.39584],[104.03837,1.39661],[104.03798,1.39853],[104.0384,1.39943],[104.03776,1.39995],[104.03817,1.40034],[104.03758,1.40002],[104.03676,1.40074],[104.0372,1.40128],[104.03656,1.40214],[104.03658,1.40109],[104.03575,1.40204],[104.0356,1.40329],[104.03636,1.40451],[104.0356,1.40555],[104.03517,1.40252],[104.03699,1.40012],[104.03807,1.3957],[104.03948,1.39494],[104.04046,1.39578],[104.04053,1.39495],[104.04122,1.39468],[104.04349,1.39485],[104.04672,1.39356],[104.04855,1.39449],[104.04794,1.39622]]]}},{"type":"Feature","properties":{"class":"green","area_km2":0.558},"geometry":{"type":"Polygon","coordinates":[[[103.7595,1.45494],[103.75641,1.45448],[103.75195,1.45557],[103.75289,1.46074],[103.75529,1.46318],[103.75864,1.45946],[103.7595,1.45494]]]}},{"type":"Feature","properties":{"class":"green","area_km2":0.04},"geometry":{"type":"Polygon","coordinates":[[[103.73416,1.33483],[103.73525,1.3356],[103.7339,1.33847],[103.7331,1.33752],[103.73407,1.33497],[103.73416,1.33483]]]}},{"type":"Feature","properties":{"class":"green","area_km2":0.33},"geometry":{"type":"Polygon","coordinates":[[[103.94077,1.38555],[103.94334,1.38403],[103.94181,1.38221],[103.94022,1.38345],[103.93927,1.38311],[103.93844,1.38551],[103.9374,1.38608],[103.93787,1.38731],[103.93358,1.39049],[103.93515,1.39201],[103.93544,1.39132],[103.93626,1.39134],[103.93618,1.39022],[103.93938,1.3889],[103.9389,1.38764],[103.93988,1.38822],[103.94131,1.38666],[103.94077,1.38555]]]}},{"type":"Feature","properties":{"class":"green","area_km2":0.964},"geometry":{"type":"Polygon","coordinates":[[[103.85521,1.39707],[103.85731,1.39549],[103.85764,1.3926],[103.85719,1.39159],[103.85252,1.3925],[103.84881,1.39235],[103.84313,1.38913],[103.8403,1.3957],[103.84376,1.39635],[103.85121,1.39622],[103.85489,1.39719],[103.85521,1.39707]]]}},{"type":"Feature","properties":{"class":"green","area_km2":0.099},"geometry":{"type":"Polygon","coordinates":[[[103.8367,1.39754],[103.83449,1.39484],[103.83979,1.39602],[103.83903,1.39764],[103.83678,1.39761],[103.8367,1.39754]]]}},{"type":"Feature","properties":{"class":"water","area_km2":0.028},"geometry":{"type":"Polygon","coordinates":[[[103.8394,1.39773],[103.84277,1.38932],[103.83903,1.39764],[103.8394,1.39773]]]}},{"type":"Feature","properties":{"class":"water","area_km2":0.025},"geometry":{"type":"Polygon","coordinates":[[[103.72297,1.44778],[103.72292,1.44723],[103.72456,1.44698],[103.72603,1.44788],[103.72542,1.44841],[103.72395,1.44757],[103.72305,1.44776],[103.72297,1.44778]]]}},{"type":"Feature","properties":{"class":"water","area_km2":0.023},"geometry":{"type":"Polygon","coordinates":[[[103.72027,1.44506],[103.72092,1.44583],[103.72185,1.44491],[103.72119,1.44608],[103.72198,1.44716],[103.72256,1.44642],[103.72194,1.44519],[103.72243,1.44573],[103.7226,1.44517],[103.723,1.44688],[103.72159,1.44762],[103.72022,1.44511],[103.72027,1.44506]]]}},{"type":"Feature","properties":{"class":"water","area_km2":0.024},"geometry":{"type":"Polygon","coordinates":[[[103.65661,1.34732],[103.65782,1.3458],[103.65966,1.34672],[103.65828,1.34723],[103.65819,1.34673],[103.65815,1.34738],[103.65734,1.3467],[103.65677,1.34721],[103.65661,1.34732]]]}},{"type":"Feature","properties":{"class":"green","area_km2":0.032},"geometry":{"type":"Polygon","coordinates":[[[103.78394,1.33142],[103.78504,1.33272],[103.78597,1.33228],[103.78515,1.33055],[103.78554,1.32988],[103.78407,1.33115],[103.78394,1.33142]]]}},{"type":"Feature","properties":{"class":"green","area_km2":0.217},"geometry":{"type":"Polygon","coordinates":[[[103.77503,1.32588],[103.77204,1.32541],[103.76929,1.32339],[103.76815,1.32376],[103.77045,1.32937],[103.7751,1.32597],[103.77503,1.32588]]]}},{"type":"Feature","properties":{"class":"green","area_km2":0.31},"geometry":{"type":"Polygon","coordinates":[[[103.88579,1.29416],[103.8852,1.2926],[103.8865,1.29224],[103.88664,1.28936],[103.88559,1.28881],[103.88592,1.28826],[103.89373,1.29366],[103.89592,1.29406],[103.89519,1.29457],[103.88751,1.29413],[103.88579,1.29416]]]}},{"type":"Feature","properties":{"class":"green","area_km2":0.026},"geometry":{"type":"Polygon","coordinates":[[[103.96108,1.33955],[103.9599,1.33737],[103.96049,1.33686],[103.96191,1.33946],[103.96124,1.33958],[103.96108,1.33955]]]}},{"type":"Feature","properties":{"class":"green","area_km2":0.025},"geometry":{"type":"Polygon","coordinates":[[[103.7179,1.33747],[103.71915,1.33556],[103.71943,1.3367],[103.71856,1.33793],[103.7179,1.33747]]]}},{"type":"Feature","properties":{"class":"green","area_km2":0.021},"geometry":{"type":"Polygon","coordinates":[[[103.92378,1.31733],[103.92408,1.31609],[103.92267,1.31581],[103.92247,1.31708],[103.92378,1.31733]]]}},{"type":"Feature","properties":{"class":"green","area_km2":0.112},"geometry":{"type":"Polygon","coordinates":[[[103.94966,1.31475],[103.95009,1.31284],[103.95175,1.31239],[103.94227,1.31139],[103.94506,1.31204],[103.94472,1.31354],[103.94519,1.31382],[103.94558,1.3123],[103.94697,1.31235],[103.94655,1.31425],[103.94726,1.31437],[103.9478,1.31305],[103.94887,1.31342],[103.94852,1.31433],[103.94966,1.31475]]]}},{"type":"Feature","properties":{"class":"green","area_km2":0.046},"geometry":{"type":"Polygon","coordinates":[[[103.92147,1.30387],[103.92346,1.30355],[103.92654,1.30454],[103.92595,1.30504],[103.9215,1.30395],[103.92147,1.30387]]]}},{"type":"Feature","properties":{"class":"water","area_km2":0.082},"geometry":{"type":"Polygon","coordinates":[[[103.99802,1.31058],[104.00362,1.32405],[104.0075,1.32334],[104.00451,1.32459],[104.00331,1.32419],[103.99765,1.31074],[103.99802,1.31058]]]}},{"type":"Feature","properties":{"class":"green","area_km2":0.023},"geometry":{"type":"Polygon","coordinates":[[[103.84697,1.35744],[103.84787,1.35683],[103.84668,1.35551],[103.84636,1.35673],[103.84697,1.35744]]]}},{"type":"Feature","properties":{"class":"green","area_km2":0.353},"geometry":{"type":"Polygon","coordinates":[[[103.76222,1.34876],[103.76154,1.35298],[103.76587,1.35323],[103.76903,1.34936],[103.76997,1.34912],[103.76729,1.35054],[103.76616,1.3529],[103.76594,1.35209],[103.76506,1.35174],[103.76739,1.35038],[103.76576,1.34741],[103.76475,1.34784],[103.76359,1.34697],[103.76105,1.34679],[103.76098,1.34802],[103.76222,1.34876]]]}},{"type":"Feature","properties":{"class":"green","area_km2":0.045},"geometry":{"type":"Polygon","coordinates":[[[103.76841,1.34777],[103.76898,1.34719],[103.76865,1.34626],[103.7704,1.3454],[103.76982,1.34754],[103.77051,1.34826],[103.76987,1.34857],[103.76841,1.34777]]]}},{"type":"Feature","properties":{"class":"green","area_km2":0.052},"geometry":{"type":"Polygon","coordinates":[[[103.77198,1.43785],[103.77371,1.43869],[103.77321,1.44053],[103.77148,1.43987],[103.77158,1.43787],[103.77198,1.43785]]]}},{"type":"Feature","properties":{"class":"green","area_km2":0.281},"geometry":{"type":"Polygon","coordinates":[[[103.77798,1.44927],[103.77916,1.45085],[103.78044,1.4513],[103.78021,1.44762],[103.78219,1.44714],[103.78266,1.44477],[103.78531,1.44177],[103.78488,1.4415],[103.78048,1.44403],[103.77899,1.44623],[103.77749,1.44706],[103.77798,1.44927]]]}},{"type":"Feature","properties":{"class":"green","area_km2":0.037},"geometry":{"type":"Polygon","coordinates":[[[103.78097,1.4805],[103.78192,1.48029],[103.78322,1.4829],[103.78247,1.48362],[103.78097,1.4805]]]}},{"type":"Feature","properties":{"class":"green","area_km2":0.098},"geometry":{"type":"Polygon","coordinates":[[[103.70603,1.33574],[103.7077,1.33556],[103.70848,1.33814],[103.70967,1.3384],[103.70936,1.34005],[103.70748,1.33939],[103.70619,1.33606],[103.70603,1.33574]]]}},{"type":"Feature","properties":{"class":"water","area_km2":0.061},"geometry":{"type":"Polygon","coordinates":[[[104.01888,1.12926],[104.02176,1.13047],[104.02338,1.13017],[104.0191,1.1281],[104.0186,1.12883],[104.01888,1.12926]]]}},{"type":"Feature","properties":{"class":"green","area_km2":4.8},"geometry":{"type":"Polygon","coordinates":[[[104.01549,1.30403],[104.03679,1.30411],[104.03669,1.32429],[104.03525,1.32468],[104.02854,1.32415],[104.02856,1.32292],[104.02124,1.32273],[104.02127,1.32173],[104.01946,1.32166],[104.01957,1.31884],[104.01611,1.31874],[104.01594,1.31824],[104.01677,1.31824],[104.0168,1.31724],[104.01737,1.31724],[104.01745,1.31585],[104.01635,1.31648],[104.0152,1.31571],[104.01548,1.30574],[104.01549,1.30403]]]}},{"type":"Feature","properties":{"class":"green","area_km2":0.173},"geometry":{"type":"Polygon","coordinates":[[[103.7679,1.2902],[103.76714,1.2911],[103.77631,1.28789],[103.77444,1.28566],[103.77366,1.28673],[103.76878,1.28977],[103.7679,1.2902]]]}},{"type":"Feature","properties":{"class":"green","area_km2":0.339},"geometry":{"type":"Polygon","coordinates":[[[103.76128,1.301],[103.7622,1.30124],[103.76672,1.29108],[103.76363,1.29279],[103.76281,1.29503],[103.7619,1.29489],[103.7619,1.29586],[103.75875,1.29902],[103.76119,1.30096],[103.76128,1.301]]]}},{"type":"Feature","properties":{"class":"water","area_km2":0.023},"geometry":{"type":"Polygon","coordinates":[[[103.70102,1.31405],[103.70351,1.31624],[103.70412,1.32167],[103.70373,1.31612],[103.70131,1.31399],[103.70102,1.31405]]]}},{"type":"Feature","properties":{"class":"green","area_km2":0.176},"geometry":{"type":"Polygon","coordinates":[[[103.77389,1.31373],[103.77245,1.31356],[103.77192,1.3173],[103.77252,1.31755],[103.77788,1.31358],[103.77717,1.31257],[103.77488,1.31271],[103.77462,1.31394],[103.77387,1.31386],[103.77389,1.31373]]]}},{"type":"Feature","properties":{"class":"green","area_km2":0.206},"geometry":{"type":"Polygon","coordinates":[[[103.7754,1.32657],[103.77544,1.32774],[103.77437,1.329],[103.77479,1.32928],[103.7735,1.32986],[103.77276,1.33147],[103.77034,1.33232],[103.76852,1.33155],[103.76911,1.32999],[103.77507,1.32677],[103.7754,1.32657]]]}},{"type":"Feature","properties":{"class":"green","area_km2":0.093},"geometry":{"type":"Polygon","coordinates":[[[103.74714,1.35799],[103.74538,1.36071],[103.7438,1.36116],[103.7435,1.36038],[103.74477,1.3588],[103.74447,1.35708],[103.74516,1.35671],[103.7453,1.35788],[103.74699,1.35798],[103.74714,1.35799]]]}},{"type":"Feature","properties":{"class":"water","area_km2":0.026},"geometry":{"type":"Polygon","coordinates":[[[103.85039,1.34233],[103.8577,1.34187],[103.84546,1.34283],[103.84166,1.34468],[103.84529,1.34273],[103.85021,1.34236],[103.85039,1.34233]]]}},{"type":"Feature","properties":{"class":"water","area_km2":0.081},"geometry":{"type":"Polygon","coordinates":[[[103.6678,1.40446],[103.66589,1.40388],[103.66514,1.40276],[103.66276,1.39478],[103.66349,1.39363],[103.6652,1.39464],[103.66528,1.39372],[103.66733,1.39334],[103.66384,1.393],[103.66316,1.3923],[103.66447,1.3878],[103.66315,1.39064],[103.66331,1.39],[103.66269,1.39043],[103.66273,1.39502],[103.66507,1.4033],[103.66763,1.40449],[103.6678,1.40446]]]}},{"type":"Feature","properties":{"class":"green","area_km2":0.022},"geometry":{"type":"Polygon","coordinates":[[[103.79079,1.44149],[103.79084,1.44074],[103.78919,1.44078],[103.7889,1.44021],[103.79047,1.43981],[103.79041,1.44054],[103.79143,1.44061],[103.79108,1.44151],[103.79079,1.44149]]]}},{"type":"Feature","properties":{"class":"green","area_km2":0.022},"geometry":{"type":"Polygon","coordinates":[[[103.74928,1.34832],[103.7515,1.34826],[103.75012,1.34946],[103.74928,1.34832]]]}},{"type":"Feature","properties":{"class":"green","area_km2":0.024},"geometry":{"type":"Polygon","coordinates":[[[103.75054,1.34777],[103.7507,1.34673],[103.7517,1.34663],[103.75214,1.34824],[103.7508,1.3478],[103.75054,1.34777]]]}},{"type":"Feature","properties":{"class":"green","area_km2":0.023},"geometry":{"type":"Polygon","coordinates":[[[103.89831,1.2981],[103.90022,1.29938],[103.90065,1.29872],[103.90158,1.29882],[103.89841,1.29793],[103.89831,1.2981]]]}},{"type":"Feature","properties":{"class":"green","area_km2":0.106},"geometry":{"type":"Polygon","coordinates":[[[103.81523,1.41347],[103.81852,1.4134],[103.82032,1.41064],[103.82113,1.411],[103.82062,1.4112],[103.82117,1.41229],[103.82258,1.41206],[103.82287,1.41316],[103.82058,1.41413],[103.81554,1.41344],[103.81523,1.41347]]]}},{"type":"Feature","properties":{"class":"green","area_km2":0.235},"geometry":{"type":"Polygon","coordinates":[[[103.81712,1.39516],[103.81839,1.39491],[103.81866,1.39538],[103.81622,1.39566],[103.81726,1.3967],[103.81652,1.39893],[103.81651,1.39962],[103.81714,1.39978],[103.8166,1.4019],[103.81296,1.40189],[103.81434,1.39738],[103.81657,1.39533],[103.81712,1.39516]]]}},{"type":"Feature","properties":{"class":"water","area_km2":0.027},"geometry":{"type":"Polygon","coordinates":[[[103.82795,1.40336],[103.82792,1.4029],[103.82148,1.40124],[103.82758,1.40315],[103.82795,1.40336]]]}},{"type":"Feature","properties":{"class":"water","area_km2":0.021},"geometry":{"type":"Polygon","coordinates":[[[103.84915,1.41451],[103.85021,1.41528],[103.85113,1.41479],[103.84968,1.41542],[103.84733,1.41396],[103.84871,1.41224],[103.84849,1.41325],[103.84767,1.41363],[103.8491,1.41437],[103.84915,1.41451]]]}},{"type":"Feature","properties":{"class":"water","area_km2":0.022},"geometry":{"type":"Polygon","coordinates":[[[103.83508,1.24349],[103.83717,1.24391],[103.83353,1.24137],[103.83501,1.24335],[103.83508,1.24349]]]}},{"type":"Feature","properties":{"class":"water","area_km2":0.021},"geometry":{"type":"Polygon","coordinates":[[[103.82866,1.25257],[103.82905,1.25303],[103.82981,1.25134],[103.82944,1.2495],[103.82868,1.25249],[103.82866,1.25257]]]}},{"type":"Feature","properties":{"class":"green","area_km2":0.352},"geometry":{"type":"Polygon","coordinates":[[[103.70795,1.43478],[103.70535,1.4346],[103.70044,1.4358],[103.70241,1.43912],[103.70199,1.43943],[103.70236,1.44075],[103.70626,1.44491],[103.70769,1.44396],[103.70771,1.44233],[103.70478,1.44161],[103.70389,1.43612],[103.70603,1.43641],[103.70605,1.43598],[103.70795,1.43693],[103.70795,1.43478]]]}},{"type":"Feature","properties":{"class":"green","area_km2":0.594},"geometry":{"type":"Polygon","coordinates":[[[103.68761,1.41729],[103.68682,1.41803],[103.68697,1.41887],[103.68333,1.42166],[103.68266,1.42394],[103.68379,1.42428],[103.68403,1.42286],[103.68497,1.42168],[103.68562,1.42195],[103.685,1.42577],[103.6856,1.42643],[103.69045,1.42392],[103.69019,1.42542],[103.69234,1.4237],[103.69198,1.42123],[103.69256,1.42103],[103.69257,1.41968],[103.69092,1.41964],[103.69052,1.41885],[103.68943,1.41858],[103.68836,1.41896],[103.68754,1.41817],[103.68794,1.41778],[103.68761,1.41729]]]}},{"type":"Feature","properties":{"class":"aero","area_km2":5.799},"geometry":{"type":"Polygon","coordinates":[[[103.81286,1.44351],[103.81713,1.44122],[103.82383,1.43497],[103.82324,1.43443],[103.82237,1.43489],[103.82223,1.4341],[103.82276,1.43381],[103.82444,1.4349],[103.82376,1.43427],[103.82372,1.43288],[103.82429,1.43289],[103.82428,1.42758],[103.8221,1.42702],[103.8219,1.42547],[103.8202,1.42274],[103.82188,1.42013],[103.82256,1.42014],[103.82259,1.41902],[103.81969,1.41724],[103.81755,1.41923],[103.81548,1.41954],[103.81525,1.4178],[103.81236,1.41687],[103.80994,1.41886],[103.80885,1.41565],[103.80644,1.41466],[103.79629,1.42243],[103.79618,1.42339],[103.81056,1.44012],[103.81205,1.44373],[103.81286,1.44351]]]}},{"type":"Feature","properties":{"class":"green","area_km2":0.045},"geometry":{"type":"Polygon","coordinates":[[[103.85465,1.27812],[103.85333,1.27611],[103.85465,1.27526],[103.8559,1.27726],[103.85465,1.27812]]]}},{"type":"Feature","properties":{"class":"green","area_km2":0.048},"geometry":{"type":"Polygon","coordinates":[[[103.8458,1.32483],[103.84307,1.32416],[103.84374,1.32381],[103.84393,1.32266],[103.84536,1.32266],[103.84581,1.32448],[103.8458,1.32483]]]}},{"type":"Feature","properties":{"class":"water","area_km2":0.048},"geometry":{"type":"Polygon","coordinates":[[[103.96351,1.32322],[103.96405,1.32356],[103.96539,1.32112],[103.96449,1.32021],[103.96489,1.31909],[103.96527,1.31974],[103.96483,1.32022],[103.96681,1.32149],[103.96625,1.32125],[103.9659,1.32211],[103.96356,1.32356],[103.96351,1.32322]]]}},{"type":"Feature","properties":{"class":"green","area_km2":0.203},"geometry":{"type":"Polygon","coordinates":[[[103.80704,1.4609],[103.80806,1.46123],[103.81066,1.45954],[103.80993,1.45721],[103.80606,1.45441],[103.80527,1.45569],[103.80804,1.45831],[103.80692,1.46083],[103.80704,1.4609]]]}},{"type":"Feature","properties":{"class":"green","area_km2":0.495},"geometry":{"type":"Polygon","coordinates":[[[103.98039,1.32768],[103.97814,1.3279],[103.97594,1.32633],[103.97576,1.32945],[103.98029,1.33601],[103.98093,1.33612],[103.98347,1.33504],[103.98357,1.33428],[103.98066,1.32759],[103.98039,1.32768]]]}},{"type":"Feature","properties":{"class":"green","area_km2":0.174},"geometry":{"type":"Polygon","coordinates":[[[103.79133,1.34538],[103.79028,1.34481],[103.79202,1.34334],[103.79072,1.34226],[103.79115,1.34099],[103.79041,1.33858],[103.79127,1.33821],[103.79152,1.3372],[103.7911,1.3404],[103.79199,1.34142],[103.7926,1.34102],[103.79212,1.34248],[103.79281,1.34348],[103.79452,1.34382],[103.79369,1.34427],[103.79372,1.34783],[103.79242,1.34789],[103.79155,1.349],[103.79109,1.34697],[103.78947,1.34589],[103.79155,1.34704],[103.79302,1.3454],[103.79221,1.34551],[103.79209,1.34618],[103.7916,1.34598],[103.79244,1.34489],[103.79166,1.34483],[103.79133,1.34538]]]}},{"type":"Feature","properties":{"class":"green","area_km2":0.345},"geometry":{"type":"Polygon","coordinates":[[[103.8158,1.46375],[103.81417,1.46409],[103.81275,1.46606],[103.81458,1.46955],[103.81582,1.46964],[103.81577,1.47065],[103.81816,1.47055],[103.81828,1.47156],[103.81826,1.47053],[103.81914,1.4702],[103.81881,1.46936],[103.81966,1.46854],[103.81597,1.46395],[103.8158,1.46375]]]}},{"type":"Feature","properties":{"class":"green","area_km2":0.318},"geometry":{"type":"Polygon","coordinates":[[[103.66771,1.29277],[103.66503,1.2962],[103.66174,1.29645],[103.6609,1.29767],[103.65879,1.29534],[103.66476,1.29194],[103.6654,1.29078],[103.66689,1.29197],[103.66771,1.29277]]]}},{"type":"Feature","properties":{"class":"green","area_km2":0.04},"geometry":{"type":"Polygon","coordinates":[[[103.79287,1.43623],[103.79545,1.43489],[103.79452,1.43403],[103.79211,1.43516],[103.79288,1.43587],[103.79287,1.43623]]]}},{"type":"Feature","properties":{"class":"water","area_km2":11.983},"geometry":{"type":"Polygon","coordinates":[[[104.06387,1.52457],[104.06585,1.52633],[104.07056,1.52751],[104.07236,1.52628],[104.07451,1.52712],[104.07607,1.52645],[104.07648,1.52521],[104.07777,1.52506],[104.07996,1.52345],[104.08049,1.52373],[104.08269,1.52108],[104.08442,1.52021],[104.08919,1.51987],[104.1071,1.53225],[104.11451,1.53554],[104.11737,1.53622],[104.11865,1.53559],[104.12219,1.53703],[104.12556,1.53982],[104.1274,1.54352],[104.13388,1.55142],[104.1383,1.55253],[104.1412,1.55227],[104.14656,1.54869],[104.14878,1.5505],[104.15285,1.55158],[104.15583,1.55132],[104.16063,1.54906],[104.16603,1.5482],[104.16868,1.54873],[104.17493,1.55337],[104.1788,1.55358],[104.17894,1.55461],[104.17776,1.55685],[104.17792,1.55909],[104.179,1.56098],[104.18159,1.56235],[104.18348,1.56103],[104.18356,1.55984],[104.18201,1.55677],[104.18269,1.56037],[104.18226,1.56143],[104.18045,1.56143],[104.1792,1.56021],[104.17882,1.55702],[104.18026,1.5548],[104.17906,1.55284],[104.1745,1.55209],[104.17189,1.54961],[104.17397,1.54899],[104.16758,1.54645],[104.16495,1.54643],[104.16248,1.54731],[104.15849,1.54682],[104.15159,1.54922],[104.15035,1.54853],[104.15016,1.54753],[104.15112,1.548],[104.14996,1.54643],[104.14846,1.54543],[104.14585,1.54505],[104.14253,1.54611],[104.13812,1.54873],[104.1364,1.54859],[104.13367,1.54525],[104.13249,1.53986],[104.12683,1.53541],[104.12545,1.53511],[104.12546,1.53383],[104.12191,1.5322],[104.11908,1.52969],[104.11665,1.52957],[104.11011,1.52651],[104.10873,1.52255],[104.10711,1.52113],[104.10203,1.5207],[104.10075,1.5196],[104.09937,1.51966],[104.09802,1.51826],[104.09789,1.51676],[104.09621,1.51417],[104.09129,1.51548],[104.08791,1.51335],[104.07837,1.51576],[104.07106,1.5153],[104.06842,1.51444],[104.06601,1.51352],[104.0548,1.50256],[104.05533,1.50061],[104.04518,1.49706],[104.04453,1.49919],[104.04577,1.50043],[104.04505,1.503],[104.04587,1.50522],[104.045,1.5059],[104.0488,1.50699],[104.04941,1.50811],[104.04918,1.51301],[104.05145,1.51517],[104.05317,1.51838],[104.05654,1.51804],[104.05688,1.51865],[104.06209,1.52054],[104.0641,1.52065],[104.06399,1.52159],[104.06387,1.52457]]]}},{"type":"Feature","properties":{"class":"green","area_km2":0.021},"geometry":{"type":"Polygon","coordinates":[[[103.87631,1.36457],[103.87775,1.36548],[103.87715,1.36627],[103.87582,1.36543],[103.87604,1.36486],[103.87631,1.36457]]]}},{"type":"Feature","properties":{"class":"green","area_km2":0.375},"geometry":{"type":"Polygon","coordinates":[[[103.83122,1.24806],[103.83055,1.24875],[103.83248,1.25312],[103.83492,1.25161],[103.83627,1.25165],[103.8362,1.25085],[103.83932,1.24803],[103.83749,1.24779],[103.83832,1.24603],[103.8389,1.24631],[103.83946,1.24448],[103.83906,1.24433],[103.83834,1.24588],[103.83694,1.24656],[103.83603,1.24631],[103.83631,1.24733],[103.83687,1.247],[103.8373,1.24756],[103.83605,1.24896],[103.83528,1.24901],[103.83445,1.24636],[103.83303,1.24754],[103.83144,1.24775],[103.83122,1.24806]]]}},{"type":"Feature","properties":{"class":"green","area_km2":0.158},"geometry":{"type":"Polygon","coordinates":[[[103.81492,1.25399],[103.81533,1.25484],[103.8124,1.25735],[103.81382,1.25855],[103.81562,1.2577],[103.81597,1.25505],[103.8174,1.25494],[103.81687,1.25328],[103.81802,1.25282],[103.81786,1.2521],[103.81705,1.25193],[103.81683,1.25259],[103.81658,1.25221],[103.81502,1.25386],[103.81492,1.25399]]]}},{"type":"Feature","properties":{"class":"green","area_km2":0.201},"geometry":{"type":"Polygon","coordinates":[[[103.83624,1.25507],[103.83691,1.25609],[103.83532,1.25758],[103.83576,1.25805],[103.8345,1.25994],[103.832,1.26245],[103.83006,1.26196],[103.83011,1.26136],[103.83171,1.26193],[103.8329,1.26047],[103.83228,1.25951],[103.83298,1.25889],[103.83068,1.26007],[103.83105,1.25853],[103.83325,1.25768],[103.83317,1.25657],[103.83598,1.25568],[103.83624,1.25507]]]}},{"type":"Feature","properties":{"class":"green","area_km2":0.032},"geometry":{"type":"Polygon","coordinates":[[[103.86026,1.22253],[103.86064,1.22367],[103.86182,1.22395],[103.86251,1.22196],[103.86036,1.2227],[103.86026,1.22253]]]}},{"type":"Feature","properties":{"class":"water","area_km2":0.026},"geometry":{"type":"Polygon","coordinates":[[[103.66008,1.32906],[103.66132,1.32961],[103.66194,1.32894],[103.66197,1.32971],[103.66062,1.33089],[103.66112,1.33131],[103.65988,1.33079],[103.66055,1.33028],[103.66003,1.33029],[103.65996,1.32917],[103.66008,1.32906]]]}},{"type":"Feature","properties":{"class":"green","area_km2":0.026},"geometry":{"type":"Polygon","coordinates":[[[103.74401,1.38916],[103.74467,1.39221],[103.7452,1.39004],[103.7443,1.38932],[103.74401,1.38916]]]}},{"type":"Feature","properties":{"class":"green","area_km2":0.554},"geometry":{"type":"Polygon","coordinates":[[[103.88115,1.42478],[103.87796,1.41923],[103.87713,1.41964],[103.87378,1.4233],[103.8748,1.42483],[103.87393,1.42542],[103.8761,1.42968],[103.87426,1.42826],[103.87402,1.42896],[103.87502,1.42986],[103.87439,1.43055],[103.8759,1.43109],[103.87709,1.43078],[103.87954,1.42808],[103.87667,1.42325],[103.87755,1.42269],[103.87985,1.42621],[103.88056,1.42538],[103.88115,1.42478]]]}},{"type":"Feature","properties":{"class":"green","area_km2":0.036},"geometry":{"type":"Polygon","coordinates":[[[103.75865,1.41788],[103.75689,1.41831],[103.75775,1.42002],[103.7586,1.41955],[103.75891,1.41814],[103.75865,1.41788]]]}},{"type":"Feature","properties":{"class":"green","area_km2":0.122},"geometry":{"type":"Polygon","coordinates":[[[103.7514,1.35176],[103.75123,1.35087],[103.7528,1.34975],[103.75351,1.35113],[103.75319,1.35232],[103.75169,1.35257],[103.74985,1.3549],[103.74936,1.35391],[103.74809,1.35431],[103.74849,1.35627],[103.74755,1.3563],[103.74842,1.35346],[103.75033,1.35316],[103.74998,1.35212],[103.75088,1.35114],[103.75137,1.35178],[103.7514,1.35176]]]}},{"type":"Feature","properties":{"class":"water","area_km2":0.095},"geometry":{"type":"Polygon","coordinates":[[[103.92185,1.39706],[103.91692,1.40185],[103.91423,1.40297],[103.91102,1.40599],[103.90818,1.40711],[103.90751,1.4098],[103.90536,1.41137],[103.90327,1.41164],[103.90339,1.40908],[103.90244,1.40719],[103.89874,1.40931],[103.89502,1.40919],[103.89582,1.41012],[103.90242,1.40778],[103.90334,1.4095],[103.90274,1.41181],[103.90504,1.41163],[103.90797,1.40979],[103.90826,1.40724],[103.911,1.40627],[103.91277,1.40436],[103.91717,1.40182],[103.9188,1.39996],[103.92253,1.39762],[103.92185,1.39706]]]}},{"type":"Feature","properties":{"class":"green","area_km2":0.281},"geometry":{"type":"Polygon","coordinates":[[[103.81455,1.30676],[103.81287,1.3067],[103.80881,1.30919],[103.80777,1.31081],[103.80889,1.31395],[103.81252,1.31085],[103.81402,1.30796],[103.81455,1.30676]]]}},{"type":"Feature","properties":{"class":"green","area_km2":0.042},"geometry":{"type":"Polygon","coordinates":[[[103.80548,1.39524],[103.80978,1.3984],[103.80563,1.39446],[103.80534,1.39523],[103.80548,1.39524]]]}},{"type":"Feature","properties":{"class":"green","area_km2":0.039},"geometry":{"type":"Polygon","coordinates":[[[103.80736,1.39315],[103.8112,1.39628],[103.81156,1.39584],[103.80736,1.39218],[103.80689,1.39231],[103.8072,1.39306],[103.80736,1.39315]]]}},{"type":"Feature","properties":{"class":"green","area_km2":1.671},"geometry":{"type":"Polygon","coordinates":[[[103.79717,1.35527],[103.8043,1.35704],[103.8027,1.36156],[103.80202,1.36037],[103.80102,1.36081],[103.80326,1.36575],[103.80281,1.36608],[103.80181,1.36472],[103.80194,1.36339],[103.80054,1.36377],[103.79979,1.36299],[103.80076,1.3611],[103.79855,1.36139],[103.79875,1.35955],[103.79693,1.36062],[103.79671,1.35985],[103.79739,1.35892],[103.79656,1.35814],[103.79587,1.3593],[103.79527,1.35902],[103.7954,1.35645],[103.79368,1.35777],[103.79337,1.35667],[103.79229,1.35722],[103.79181,1.35651],[103.79014,1.35855],[103.79346,1.35995],[103.79231,1.36055],[103.79248,1.36114],[103.7941,1.36163],[103.79241,1.3624],[103.79092,1.36182],[103.79014,1.36046],[103.7888,1.36021],[103.78931,1.36119],[103.7917,1.36355],[103.79282,1.36354],[103.79354,1.36489],[103.79362,1.36352],[103.79527,1.36228],[103.7964,1.36249],[103.79671,1.36303],[103.79539,1.36368],[103.79514,1.36487],[103.79636,1.36398],[103.79779,1.36419],[103.79964,1.36686],[103.79856,1.36773],[103.79684,1.36703],[103.79644,1.36571],[103.79513,1.36674],[103.79589,1.36764],[103.79564,1.36848],[103.79426,1.36885],[103.79332,1.36667],[103.7929,1.36909],[103.79224,1.36934],[103.79086,1.36686],[103.79177,1.3646],[103.79077,1.36561],[103.78984,1.36519],[103.79087,1.36329],[103.7903,1.36241],[103.78837,1.36162],[103.78719,1.35932],[103.78445,1.3579],[103.7828,1.35781],[103.78885,1.35348],[103.78986,1.35526],[103.79295,1.35501],[103.79421,1.35423],[103.79704,1.3553],[103.79717,1.35527]]]}},{"type":"Feature","properties":{"class":"green","area_km2":0.023},"geometry":{"type":"Polygon","coordinates":[[[103.75586,1.43157],[103.75677,1.43228],[103.75842,1.43192],[103.75594,1.43116],[103.75586,1.43157]]]}},{"type":"Feature","properties":{"class":"green","area_km2":0.368},"geometry":{"type":"Polygon","coordinates":[[[103.7971,1.34798],[103.79822,1.34385],[103.79948,1.34439],[103.80017,1.34328],[103.79935,1.3426],[103.7999,1.34157],[103.79997,1.33764],[103.80169,1.33837],[103.80556,1.33853],[103.80552,1.33951],[103.79722,1.34785],[103.7971,1.34798]]]}},{"type":"Feature","properties":{"class":"green","area_km2":0.03},"geometry":{"type":"Polygon","coordinates":[[[103.86311,1.28109],[103.86414,1.28092],[103.86486,1.28327],[103.86311,1.28217],[103.8632,1.28122],[103.86311,1.28109]]]}},{"type":"Feature","properties":{"class":"green","area_km2":0.023},"geometry":{"type":"Polygon","coordinates":[[[103.82331,1.27453],[103.82475,1.27421],[103.82472,1.27327],[103.8239,1.27276],[103.82326,1.27453],[103.82331,1.27453]]]}},{"type":"Feature","properties":{"class":"green","area_km2":0.221},"geometry":{"type":"Polygon","coordinates":[[[103.71959,1.3743],[103.72023,1.37007],[103.72363,1.37167],[103.72696,1.37437],[103.72215,1.37429],[103.71959,1.3743]]]}},{"type":"Feature","properties":{"class":"green","area_km2":0.021},"geometry":{"type":"Polygon","coordinates":[[[103.83161,1.42765],[103.83326,1.4286],[103.83315,1.42724],[103.83205,1.42733],[103.83161,1.42765]]]}},{"type":"Feature","properties":{"class":"green","area_km2":0.049},"geometry":{"type":"Polygon","coordinates":[[[103.83527,1.28748],[103.83494,1.28562],[103.83651,1.28572],[103.83532,1.28512],[103.83567,1.28425],[103.83654,1.28424],[103.83746,1.2857],[103.83659,1.28543],[103.83707,1.28787],[103.83639,1.28697],[103.83527,1.28748]]]}},{"type":"Feature","properties":{"class":"green","area_km2":0.037},"geometry":{"type":"Polygon","coordinates":[[[103.83657,1.27449],[103.83673,1.27338],[103.83858,1.27361],[103.83861,1.27548],[103.83723,1.27505],[103.83657,1.27449]]]}},{"type":"Feature","properties":{"class":"green","area_km2":0.029},"geometry":{"type":"Polygon","coordinates":[[[103.80815,1.26574],[103.80945,1.26718],[103.80975,1.26534],[103.80849,1.26504],[103.80815,1.26564],[103.80815,1.26574]]]}},{"type":"Feature","properties":{"class":"green","area_km2":0.049},"geometry":{"type":"Polygon","coordinates":[[[104.09093,1.37099],[104.08891,1.36946],[104.08918,1.36846],[104.09116,1.36905],[104.09113,1.37088],[104.09093,1.37099]]]}},{"type":"Feature","properties":{"class":"green","area_km2":0.034},"geometry":{"type":"Polygon","coordinates":[[[103.86229,1.27815],[103.86274,1.27762],[103.86441,1.28043],[103.8625,1.28022],[103.86282,1.27921],[103.86227,1.27862],[103.86229,1.27815]]]}},{"type":"Feature","properties":{"class":"green","area_km2":0.022},"geometry":{"type":"Polygon","coordinates":[[[103.94563,1.31136],[103.94615,1.31001],[103.94798,1.31067],[103.9467,1.31122],[103.94563,1.31136]]]}},{"type":"Feature","properties":{"class":"green","area_km2":0.035},"geometry":{"type":"Polygon","coordinates":[[[103.79002,1.30533],[103.78948,1.30493],[103.79034,1.30374],[103.79043,1.30162],[103.79107,1.30148],[103.79098,1.30456],[103.79006,1.30531],[103.79002,1.30533]]]}},{"type":"Feature","properties":{"class":"green","area_km2":0.026},"geometry":{"type":"Polygon","coordinates":[[[103.96507,1.36818],[103.96438,1.36951],[103.96527,1.37039],[103.96556,1.36978],[103.96493,1.36935],[103.96569,1.36855],[103.96686,1.36998],[103.96741,1.36944],[103.96514,1.36812],[103.96507,1.36818]]]}},{"type":"Feature","properties":{"class":"green","area_km2":1.33},"geometry":{"type":"Polygon","coordinates":[[[103.91928,1.34544],[103.91875,1.3419],[103.91963,1.34226],[103.92017,1.34119],[103.91963,1.34048],[103.91855,1.34076],[103.91825,1.33965],[103.92017,1.33888],[103.92441,1.33814],[103.92784,1.33919],[103.93222,1.33789],[103.93539,1.33943],[103.93002,1.34493],[103.92516,1.34826],[103.91962,1.34572],[103.91928,1.34544]]]}},{"type":"Feature","properties":{"class":"green","area_km2":0.154},"geometry":{"type":"Polygon","coordinates":[[[103.91935,1.33426],[103.91886,1.33421],[103.91953,1.33266],[103.92577,1.33517],[103.93324,1.33614],[103.93103,1.33675],[103.91875,1.33452],[103.91935,1.33426]]]}},{"type":"Feature","properties":{"class":"green","area_km2":0.093},"geometry":{"type":"Polygon","coordinates":[[[103.92486,1.39725],[103.92235,1.39543],[103.92398,1.39363],[103.9265,1.39585],[103.92486,1.39725]]]}},{"type":"Feature","properties":{"class":"green","area_km2":0.06},"geometry":{"type":"Polygon","coordinates":[[[103.79943,1.29496],[103.80027,1.29689],[103.80098,1.29645],[103.80209,1.29492],[103.80099,1.29368],[103.79943,1.29496]]]}},{"type":"Feature","properties":{"class":"green","area_km2":0.079},"geometry":{"type":"Polygon","coordinates":[[[103.83316,1.43817],[103.83584,1.43938],[103.83692,1.43746],[103.83543,1.43616],[103.83462,1.43719],[103.83389,1.43713],[103.83316,1.43817]]]}},{"type":"Feature","properties":{"class":"green","area_km2":0.748},"geometry":{"type":"Polygon","coordinates":[[[103.90548,1.3804],[103.90773,1.37921],[103.91006,1.37623],[103.9148,1.37974],[103.91643,1.38288],[103.91453,1.38529],[103.91472,1.38463],[103.91317,1.38436],[103.90982,1.385],[103.90731,1.3846],[103.90538,1.38278],[103.90568,1.38043],[103.90548,1.3804]]]}},{"type":"Feature","properties":{"class":"green","area_km2":0.025},"geometry":{"type":"Polygon","coordinates":[[[103.84038,1.41816],[103.83974,1.41835],[103.84005,1.41879],[103.83901,1.42127],[103.83807,1.42089],[103.83808,1.42157],[103.83879,1.42182],[103.83846,1.42301],[103.84006,1.4205],[103.83957,1.42029],[103.84045,1.41814],[103.84038,1.41816]]]}},{"type":"Feature","properties":{"class":"aero","area_km2":22.325},"geometry":{"type":"Polygon","coordinates":[[[103.98118,1.32077],[103.99831,1.31346],[104.0031,1.32448],[104.00406,1.32503],[104.0039,1.32637],[104.00979,1.34083],[104.01086,1.34036],[104.01168,1.34231],[104.0109,1.34264],[104.01179,1.34271],[104.01316,1.34597],[104.01257,1.34624],[104.0126,1.34734],[104.01443,1.35163],[104.0149,1.35143],[104.01933,1.36294],[104.00071,1.37086],[104.00057,1.37181],[104.0013,1.37229],[104.00104,1.37382],[103.9994,1.37362],[103.99778,1.37431],[103.99587,1.3698],[103.99367,1.37074],[103.99328,1.36978],[103.99167,1.37047],[103.99652,1.38294],[103.99736,1.384],[103.99813,1.38359],[103.99975,1.38643],[103.99856,1.38845],[103.99794,1.38802],[103.99646,1.38872],[103.99421,1.38725],[103.99195,1.38795],[103.99163,1.38717],[103.99092,1.3874],[103.98534,1.37247],[103.9845,1.37337],[103.9845,1.37175],[103.98366,1.3717],[103.98133,1.36612],[103.98254,1.36605],[103.98135,1.36316],[103.97551,1.35051],[103.9747,1.35075],[103.97085,1.34193],[103.97243,1.34054],[103.97824,1.33809],[103.98011,1.33902],[103.98138,1.33848],[103.9819,1.33701],[103.98148,1.33589],[103.98351,1.33506],[103.97858,1.32245],[103.9801,1.32123],[103.98118,1.32077]]]}},{"type":"Feature","properties":{"class":"green","area_km2":0.131},"geometry":{"type":"Polygon","coordinates":[[[103.76921,1.43951],[103.76875,1.43912],[103.76883,1.43582],[103.77089,1.43496],[103.77182,1.43554],[103.7717,1.43644],[103.7709,1.43952],[103.76983,1.43962],[103.76921,1.43951]]]}},{"type":"Feature","properties":{"class":"green","area_km2":0.061},"geometry":{"type":"Polygon","coordinates":[[[103.77758,1.4365],[103.77803,1.43544],[103.78087,1.43667],[103.78035,1.43792],[103.77849,1.4373],[103.77758,1.4365]]]}},{"type":"Feature","properties":{"class":"green","area_km2":0.1},"geometry":{"type":"Polygon","coordinates":[[[103.77734,1.45151],[103.7805,1.45171],[103.78045,1.45243],[103.78221,1.45338],[103.78265,1.45271],[103.78309,1.45312],[103.78266,1.45471],[103.78241,1.45506],[103.77734,1.45183],[103.77734,1.45151]]]}},{"type":"Feature","properties":{"class":"green","area_km2":0.167},"geometry":{"type":"Polygon","coordinates":[[[104.00474,1.37315],[104.00789,1.37353],[104.00605,1.3745],[104.00537,1.37566],[104.00035,1.38705],[103.99994,1.3868],[104.00453,1.37433],[104.00474,1.37315]]]}},{"type":"Feature","properties":{"class":"green","area_km2":0.091},"geometry":{"type":"Polygon","coordinates":[[[103.99538,1.38986],[103.99077,1.39123],[103.98843,1.3911],[103.98658,1.39311],[103.98764,1.39318],[103.99861,1.38911],[103.99626,1.38978],[103.99538,1.38986]]]}},{"type":"Feature","properties":{"class":"green","area_km2":0.031},"geometry":{"type":"Polygon","coordinates":[[[103.90158,1.29802],[103.90203,1.29701],[103.90383,1.29767],[103.90384,1.29888],[103.90158,1.29802]]]}},{"type":"Feature","properties":{"class":"green","area_km2":0.335},"geometry":{"type":"Polygon","coordinates":[[[103.90379,1.29925],[103.90442,1.29729],[103.89912,1.29566],[103.8965,1.29381],[103.89534,1.29475],[103.88543,1.29439],[103.88582,1.2955],[103.89309,1.29546],[103.89755,1.29629],[103.89838,1.29723],[103.90261,1.2988],[103.90379,1.29925]]]}},{"type":"Feature","properties":{"class":"green","area_km2":0.238},"geometry":{"type":"Polygon","coordinates":[[[103.92934,1.30456],[103.92893,1.3072],[103.91915,1.30354],[103.91947,1.3021],[103.92933,1.30453],[103.92934,1.30456]]]}},{"type":"Feature","properties":{"class":"green","area_km2":0.32},"geometry":{"type":"Polygon","coordinates":[[[103.93743,1.3097],[103.92893,1.3072],[103.92934,1.30456],[103.93223,1.30555],[103.93359,1.30526],[103.93826,1.30705],[103.93751,1.30949],[103.93743,1.3097]]]}},{"type":"Feature","properties":{"class":"green","area_km2":0.315},"geometry":{"type":"Polygon","coordinates":[[[103.9519,1.31196],[103.94947,1.31095],[103.94899,1.31169],[103.94429,1.31156],[103.93743,1.3097],[103.93837,1.30715],[103.9485,1.31078],[103.95223,1.31109],[103.9519,1.31196]]]}},{"type":"Feature","properties":{"class":"green","area_km2":0.215},"geometry":{"type":"Polygon","coordinates":[[[103.9519,1.31196],[103.95223,1.31109],[103.95511,1.31185],[103.95598,1.3115],[103.96116,1.3137],[103.96162,1.31462],[103.96303,1.31462],[103.96243,1.31624],[103.95296,1.31243],[103.9519,1.31196]]]}},{"type":"Feature","properties":{"class":"green","area_km2":0.044},"geometry":{"type":"Polygon","coordinates":[[[104.0031,1.37229],[104.00152,1.37225],[104.00365,1.37153],[104.00451,1.37325],[104.00307,1.37449],[104.00313,1.37385],[104.0031,1.37229]]]}},{"type":"Feature","properties":{"class":"green","area_km2":0.041},"geometry":{"type":"Polygon","coordinates":[[[103.77567,1.29364],[103.77585,1.29266],[103.77701,1.29232],[103.77684,1.29181],[103.77856,1.29154],[103.77877,1.29057],[103.7793,1.29102],[103.77898,1.29149],[103.77959,1.29214],[103.77905,1.29271],[103.77728,1.29291],[103.77708,1.29243],[103.77594,1.29291],[103.7761,1.29364],[103.77567,1.29364]]]}},{"type":"Feature","properties":{"class":"green","area_km2":0.155},"geometry":{"type":"Polygon","coordinates":[[[103.76951,1.29585],[103.76884,1.29598],[103.76854,1.29691],[103.76713,1.29708],[103.76717,1.29867],[103.76574,1.30229],[103.76647,1.30336],[103.76746,1.30374],[103.76686,1.30202],[103.76788,1.30027],[103.76867,1.30062],[103.76968,1.29931],[103.76957,1.29727],[103.76951,1.29585]]]}},{"type":"Feature","properties":{"class":"water","area_km2":0.416},"geometry":{"type":"Polygon","coordinates":[[[103.89684,1.41199],[103.89198,1.40603],[103.88782,1.40329],[103.8871,1.39962],[103.88524,1.39504],[103.88209,1.39311],[103.88188,1.38986],[103.88061,1.38761],[103.88148,1.3904],[103.88103,1.39305],[103.88411,1.39541],[103.88408,1.39623],[103.88497,1.39689],[103.88668,1.40375],[103.88786,1.40513],[103.8913,1.40714],[103.89473,1.41121],[103.89486,1.41254],[103.89684,1.41199]]]}},{"type":"Feature","properties":{"class":"green","area_km2":0.882},"geometry":{"type":"Polygon","coordinates":[[[103.59564,1.40381],[103.59858,1.40141],[103.60127,1.40146],[103.60376,1.39768],[103.60627,1.39593],[103.60999,1.4004],[103.60815,1.39918],[103.60735,1.39996],[103.60623,1.40474],[103.60421,1.40441],[103.60373,1.40573],[103.60077,1.40542],[103.60012,1.4075],[103.5977,1.40868],[103.59621,1.40498],[103.59564,1.40381]]]}},{"type":"Feature","properties":{"class":"water","area_km2":0.385},"geometry":{"type":"Polygon","coordinates":[[[103.61255,1.38669],[103.61284,1.38877],[103.61177,1.38913],[103.61063,1.38851],[103.6096,1.39023],[103.61052,1.38871],[103.6116,1.38926],[103.61303,1.38903],[103.61319,1.38639],[103.61563,1.38648],[103.61848,1.38131],[103.61968,1.38184],[103.619,1.38487],[103.61965,1.38621],[103.62136,1.38568],[103.62188,1.38317],[103.62277,1.3824],[103.62792,1.38544],[103.6338,1.38542],[103.63516,1.38407],[103.63495,1.38053],[103.63804,1.37945],[103.63778,1.37856],[103.63752,1.37783],[103.6356,1.37844],[103.6354,1.37803],[103.63444,1.3793],[103.63386,1.38139],[103.63406,1.38411],[103.63329,1.38478],[103.62785,1.38465],[103.62269,1.38177],[103.6214,1.38287],[103.62098,1.38528],[103.61996,1.38575],[103.61953,1.38514],[103.62016,1.38196],[103.61831,1.38085],[103.6169,1.38174],[103.61709,1.38367],[103.61556,1.38612],[103.61323,1.38604],[103.61255,1.38663],[103.61255,1.38669]]]}},{"type":"Feature","properties":{"class":"green","area_km2":0.881},"geometry":{"type":"Polygon","coordinates":[[[103.64004,1.44751],[103.63952,1.44647],[103.63842,1.44689],[103.63725,1.44807],[103.63782,1.44915],[103.63623,1.45039],[103.63599,1.45207],[103.63223,1.45403],[103.63232,1.45492],[103.63361,1.45545],[103.63243,1.45621],[103.63128,1.4582],[103.63019,1.45866],[103.63061,1.4593],[103.63288,1.459],[103.6344,1.45673],[103.63692,1.45908],[103.63755,1.45889],[103.63773,1.45794],[103.63642,1.45592],[103.6348,1.45577],[103.63535,1.45478],[103.63485,1.45379],[103.63743,1.45256],[103.63989,1.44936],[103.64263,1.45083],[103.64256,1.45604],[103.6436,1.45686],[103.64592,1.45652],[103.64844,1.45802],[103.65185,1.45711],[103.65124,1.45424],[103.64932,1.45097],[103.64602,1.44895],[103.64372,1.45064],[103.64897,1.45094],[103.64904,1.45302],[103.65081,1.45608],[103.64882,1.45668],[103.64633,1.45542],[103.6458,1.45551],[103.64577,1.4564],[103.64354,1.4558],[103.64428,1.45295],[103.64296,1.44796],[103.64001,1.44775],[103.64004,1.44751]]]}},{"type":"Feature","properties":{"class":"green","area_km2":0.235},"geometry":{"type":"Polygon","coordinates":[[[103.90281,1.41239],[103.90107,1.41251],[103.90048,1.41166],[103.90253,1.41026],[103.90386,1.41083],[103.90567,1.4099],[103.90617,1.40901],[103.90571,1.40736],[103.90771,1.40631],[103.90903,1.40928],[103.90558,1.41162],[103.9035,1.41224],[103.90281,1.41239]]]}},{"type":"Feature","properties":{"class":"green","area_km2":0.021},"geometry":{"type":"Polygon","coordinates":[[[103.91437,1.31655],[103.9134,1.31634],[103.914,1.31477],[103.91497,1.31497],[103.91458,1.31606],[103.91437,1.31655]]]}},{"type":"Feature","properties":{"class":"water","area_km2":0.609},"geometry":{"type":"Polygon","coordinates":[[[103.97391,1.43089],[103.97156,1.43476],[103.97292,1.43771],[103.9732,1.44034],[103.97244,1.4436],[103.96733,1.44673],[103.96244,1.44726],[103.96265,1.4522],[103.9619,1.45409],[103.9597,1.45579],[103.95651,1.4571],[103.95476,1.46193],[103.95,1.46256],[103.94931,1.4649],[103.95011,1.46752],[103.94817,1.46957],[103.9464,1.47029],[103.94557,1.47295],[103.94574,1.47064],[103.9499,1.46735],[103.94895,1.46476],[103.94957,1.46242],[103.95131,1.46156],[103.95436,1.46155],[103.95624,1.45648],[103.96144,1.45382],[103.96197,1.4524],[103.96107,1.44839],[103.9615,1.4472],[103.9628,1.4461],[103.96696,1.44593],[103.9717,1.44265],[103.97216,1.4406],[103.9698,1.43403],[103.97213,1.42979],[103.97304,1.43035],[103.97391,1.43089]]]}},{"type":"Feature","properties":{"class":"green","area_km2":0.067},"geometry":{"type":"Polygon","coordinates":[[[103.62912,1.42495],[103.62858,1.42403],[103.62783,1.42408],[103.62853,1.42324],[103.62779,1.42272],[103.62996,1.42243],[103.63094,1.42341],[103.63178,1.42293],[103.63285,1.42474],[103.63182,1.42463],[103.63116,1.42375],[103.62959,1.42379],[103.62921,1.42467],[103.62912,1.42495]]]}},{"type":"Feature","properties":{"class":"green","area_km2":0.038},"geometry":{"type":"Polygon","coordinates":[[[103.6094,1.4371],[103.61053,1.43639],[103.61167,1.43729],[103.61191,1.43767],[103.61066,1.4388],[103.6094,1.4371]]]}},{"type":"Feature","properties":{"class":"green","area_km2":0.028},"geometry":{"type":"Polygon","coordinates":[[[103.6112,1.43644],[103.61247,1.43522],[103.61308,1.4356],[103.61274,1.43696],[103.61157,1.43674],[103.6112,1.43644]]]}},{"type":"Feature","properties":{"class":"green","area_km2":0.092},"geometry":{"type":"Polygon","coordinates":[[[103.94235,1.36022],[103.94249,1.35759],[103.94442,1.35688],[103.94425,1.35817],[103.94524,1.35832],[103.94474,1.35874],[103.94491,1.36021],[103.94282,1.36022],[103.94235,1.36022]]]}},{"type":"Feature","properties":{"class":"green","area_km2":0.343},"geometry":{"type":"Polygon","coordinates":[[[103.94747,1.36665],[103.95304,1.36548],[103.9483,1.36142],[103.9445,1.36082],[103.94696,1.3667],[103.94747,1.36665]]]}},{"type":"Feature","properties":{"class":"green","area_km2":0.141},"geometry":{"type":"Polygon","coordinates":[[[103.74028,1.42077],[103.74373,1.42407],[103.74531,1.42714],[103.74661,1.42796],[103.74636,1.43036],[103.74694,1.43092],[103.74737,1.42805],[103.74693,1.4268],[103.74309,1.42234],[103.74288,1.42116],[103.74119,1.4214],[103.74033,1.42069],[103.74028,1.42077]]]}},{"type":"Feature","properties":{"class":"green","area_km2":0.118},"geometry":{"type":"Polygon","coordinates":[[[103.80772,1.40191],[103.80888,1.40483],[103.81186,1.40201],[103.80907,1.4006],[103.80778,1.40189],[103.80772,1.40191]]]}},{"type":"Feature","properties":{"class":"water","area_km2":0.16},"geometry":{"type":"Polygon","coordinates":[[[103.67468,1.44288],[103.67125,1.44406],[103.67054,1.44288],[103.67021,1.43959],[103.66917,1.4386],[103.66746,1.44033],[103.66626,1.43984],[103.6647,1.43481],[103.66256,1.43457],[103.66241,1.43625],[103.65899,1.437],[103.66218,1.43616],[103.66228,1.43449],[103.66467,1.43446],[103.66684,1.43972],[103.66858,1.43888],[103.66815,1.43832],[103.66918,1.43825],[103.67095,1.4397],[103.67176,1.44321],[103.67424,1.44201],[103.67446,1.44243],[103.67468,1.44288]]]}},{"type":"Feature","properties":{"class":"water","area_km2":0.646},"geometry":{"type":"Polygon","coordinates":[[[103.70798,1.47084],[103.71078,1.4675],[103.71248,1.46861],[103.71637,1.47321],[103.7183,1.4727],[103.71708,1.47146],[103.71956,1.46908],[103.72145,1.46975],[103.71817,1.46497],[103.71843,1.46754],[103.71723,1.46959],[103.71102,1.46668],[103.7097,1.46681],[103.70092,1.47677],[103.69977,1.47738],[103.69583,1.47536],[103.69156,1.47187],[103.6904,1.47251],[103.68938,1.47461],[103.68612,1.47363],[103.68202,1.47372],[103.6815,1.47446],[103.68183,1.47682],[103.67581,1.4837],[103.6732,1.48407],[103.66806,1.48356],[103.66581,1.4854],[103.66438,1.48851],[103.66585,1.48549],[103.66803,1.48385],[103.67294,1.48438],[103.67587,1.48378],[103.68186,1.47706],[103.68194,1.47538],[103.6826,1.47599],[103.68188,1.47396],[103.68656,1.47403],[103.68915,1.475],[103.69163,1.47228],[103.6945,1.47488],[103.69422,1.47519],[103.69482,1.47504],[103.6988,1.47785],[103.69991,1.47798],[103.70148,1.47724],[103.70783,1.47101],[103.70798,1.47084]]]}},{"type":"Feature","properties":{"class":"water","area_km2":4.172},"geometry":{"type":"Polygon","coordinates":[[[104.12663,1.41107],[104.1333,1.40704],[104.13603,1.40641],[104.13738,1.407],[104.13823,1.41122],[104.13694,1.41523],[104.13748,1.41818],[104.13929,1.42036],[104.1426,1.4224],[104.14513,1.42281],[104.15294,1.41775],[104.15571,1.41762],[104.15902,1.41525],[104.16313,1.41485],[104.16435,1.41728],[104.16586,1.41809],[104.16782,1.41814],[104.16855,1.42017],[104.17027,1.42122],[104.17191,1.42124],[104.17511,1.41931],[104.17627,1.42027],[104.17644,1.42234],[104.17793,1.42374],[104.17911,1.42363],[104.17929,1.42237],[104.18257,1.4208],[104.18351,1.42234],[104.18505,1.4218],[104.18699,1.42255],[104.18764,1.42357],[104.1896,1.42274],[104.18984,1.42492],[104.19061,1.42506],[104.19088,1.42302],[104.1889,1.42161],[104.18865,1.42066],[104.18645,1.42052],[104.18654,1.42],[104.1846,1.42041],[104.1838,1.42139],[104.18273,1.42057],[104.18292,1.41977],[104.18676,1.41718],[104.18657,1.41582],[104.18465,1.41702],[104.18261,1.41723],[104.18211,1.41827],[104.18294,1.41906],[104.18195,1.41983],[104.18143,1.41803],[104.18087,1.41925],[104.17985,1.4188],[104.17776,1.41998],[104.17876,1.42224],[104.17854,1.42344],[104.17678,1.42175],[104.17682,1.41988],[104.17536,1.41884],[104.17343,1.419],[104.17214,1.42039],[104.1699,1.42011],[104.16826,1.41709],[104.16565,1.41636],[104.16409,1.41379],[104.16165,1.41381],[104.1646,1.41345],[104.16463,1.41142],[104.16198,1.41114],[104.16133,1.41019],[104.16188,1.40828],[104.16428,1.40727],[104.16309,1.40697],[104.16351,1.40581],[104.16198,1.40751],[104.16055,1.40724],[104.1612,1.40832],[104.16072,1.41128],[104.15931,1.41152],[104.15937,1.41347],[104.16056,1.41387],[104.15743,1.41474],[104.15517,1.41652],[104.15222,1.41651],[104.1504,1.41721],[104.14529,1.42015],[104.14283,1.41971],[104.13999,1.41739],[104.14089,1.41035],[104.14059,1.40797],[104.13899,1.40532],[104.13664,1.40401],[104.13469,1.40384],[104.13023,1.40498],[104.12375,1.4089],[104.1221,1.40924],[104.12053,1.40878],[104.11636,1.40512],[104.11443,1.40005],[104.11218,1.39905],[104.11308,1.39723],[104.11292,1.39625],[104.11369,1.3955],[104.11264,1.39392],[104.10655,1.40527],[104.11822,1.41423],[104.11994,1.41456],[104.12447,1.41392],[104.12542,1.41223],[104.12663,1.41107]]]}},{"type":"Feature","properties":{"class":"green","area_km2":0.031},"geometry":{"type":"Polygon","coordinates":[[[103.95849,1.37102],[103.95829,1.36948],[103.95915,1.37005],[103.9605,1.36952],[103.96061,1.37067],[103.95888,1.37101],[103.95849,1.37102]]]}},{"type":"Feature","properties":{"class":"green","area_km2":0.228},"geometry":{"type":"Polygon","coordinates":[[[103.96229,1.37523],[103.96405,1.37434],[103.96474,1.37601],[103.96543,1.37611],[103.96676,1.37932],[103.96625,1.38163],[103.96503,1.38109],[103.96476,1.37928],[103.9624,1.37931],[103.96221,1.37803],[103.96314,1.37821],[103.96293,1.37725],[103.96218,1.3779],[103.96159,1.3753],[103.96229,1.37523]]]}},{"type":"Feature","properties":{"class":"green","area_km2":0.339},"geometry":{"type":"Polygon","coordinates":[[[103.81415,1.49397],[103.81614,1.49272],[103.81418,1.49032],[103.81139,1.49065],[103.8109,1.48838],[103.8101,1.48838],[103.8098,1.49101],[103.80657,1.48926],[103.80674,1.49044],[103.80419,1.49181],[103.80483,1.49238],[103.80856,1.49225],[103.81357,1.49392],[103.81415,1.49397]]]}},{"type":"Feature","properties":{"class":"green","area_km2":0.177},"geometry":{"type":"Polygon","coordinates":[[[103.92271,1.40373],[103.92094,1.40155],[103.92172,1.40099],[103.92102,1.40012],[103.92322,1.39838],[103.92433,1.39902],[103.92395,1.39951],[103.92449,1.3991],[103.92551,1.40002],[103.92439,1.4012],[103.92409,1.403],[103.92271,1.40373]]]}},{"type":"Feature","properties":{"class":"green","area_km2":0.049},"geometry":{"type":"Polygon","coordinates":[[[103.76719,1.38209],[103.76631,1.38274],[103.76577,1.38441],[103.76406,1.38405],[103.76402,1.38314],[103.76566,1.38286],[103.76699,1.38177],[103.76715,1.38071],[103.76719,1.38209]]]}},{"type":"Feature","properties":{"class":"green","area_km2":0.023},"geometry":{"type":"Polygon","coordinates":[[[103.87927,1.33092],[103.87989,1.33092],[103.88047,1.32768],[103.87926,1.33084],[103.87927,1.33092]]]}},{"type":"Feature","properties":{"class":"green","area_km2":0.021},"geometry":{"type":"Polygon","coordinates":[[[103.96755,1.33982],[103.96667,1.33785],[103.96709,1.3376],[103.96856,1.33913],[103.96783,1.33964],[103.96755,1.33982]]]}},{"type":"Feature","properties":{"class":"green","area_km2":0.026},"geometry":{"type":"Polygon","coordinates":[[[103.90804,1.30032],[103.90927,1.29992],[103.9094,1.29902],[103.90807,1.29872],[103.90808,1.30022],[103.90804,1.30032]]]}},{"type":"Feature","properties":{"class":"green","area_km2":0.021},"geometry":{"type":"Polygon","coordinates":[[[103.90403,1.2989],[103.90542,1.29934],[103.90568,1.29817],[103.90443,1.29766],[103.90403,1.2989]]]}},{"type":"Feature","properties":{"class":"green","area_km2":0.093},"geometry":{"type":"Polygon","coordinates":[[[103.93916,1.30987],[103.94422,1.31132],[103.94518,1.31041],[103.94402,1.30997],[103.9429,1.31035],[103.94281,1.30947],[103.93993,1.3084],[103.93918,1.30969],[103.93916,1.30987]]]}},{"type":"Feature","properties":{"class":"water","area_km2":0.144},"geometry":{"type":"Polygon","coordinates":[[[103.83193,1.48224],[103.83096,1.48295],[103.83186,1.4845],[103.83353,1.48458],[103.83465,1.48571],[103.83257,1.48887],[103.83377,1.49165],[103.83453,1.49117],[103.83455,1.4901],[103.83305,1.48916],[103.83314,1.48864],[103.83485,1.48718],[103.83577,1.4873],[103.83499,1.48717],[103.8351,1.48479],[103.83406,1.48333],[103.83244,1.48255],[103.83193,1.48224]]]}},{"type":"Feature","properties":{"class":"green","area_km2":0.283},"geometry":{"type":"Polygon","coordinates":[[[103.81793,1.46072],[103.82018,1.45872],[103.82078,1.45975],[103.82123,1.45952],[103.82158,1.45752],[103.82258,1.45878],[103.82345,1.45847],[103.82658,1.45928],[103.82569,1.45795],[103.82276,1.45834],[103.82182,1.45728],[103.82497,1.45722],[103.82538,1.45661],[103.827,1.45643],[103.82596,1.45403],[103.82456,1.45339],[103.82457,1.45202],[103.82285,1.45528],[103.8213,1.45395],[103.82024,1.45562],[103.82131,1.45728],[103.81763,1.46032],[103.81793,1.46072]]]}},{"type":"Feature","properties":{"class":"water","area_km2":0.116},"geometry":{"type":"Polygon","coordinates":[[[104.04736,1.1698],[104.0455,1.16924],[104.03937,1.16924],[104.0443,1.1696],[104.04384,1.17029],[104.03938,1.17029],[104.04337,1.17064],[104.04338,1.17132],[104.03937,1.17132],[104.04338,1.17168],[104.04338,1.17215],[104.03937,1.17273],[104.04344,1.17268],[104.0438,1.17094],[104.04478,1.17009],[104.04716,1.17057],[104.04736,1.1698]]]}},{"type":"Feature","properties":{"class":"green","area_km2":0.565},"geometry":{"type":"Polygon","coordinates":[[[103.73298,1.37983],[103.74093,1.38689],[103.74009,1.38957],[103.7392,1.38906],[103.73636,1.38921],[103.73427,1.38996],[103.73284,1.38012],[103.73298,1.37983]]]}},{"type":"Feature","properties":{"class":"green","area_km2":0.207},"geometry":{"type":"Polygon","coordinates":[[[103.786,1.28348],[103.78645,1.28368],[103.78738,1.2822],[103.78779,1.28265],[103.78718,1.28449],[103.78554,1.28635],[103.78696,1.28689],[103.78684,1.28788],[103.78349,1.29055],[103.78272,1.29007],[103.78341,1.29152],[103.78097,1.28977],[103.78392,1.28846],[103.78392,1.28733],[103.78493,1.28677],[103.7841,1.2855],[103.78487,1.28401],[103.78595,1.28351],[103.786,1.28348]]]}},{"type":"Feature","properties":{"class":"water","area_km2":0.159},"geometry":{"type":"Polygon","coordinates":[[[104.06989,1.40192],[104.0744,1.40535],[104.07937,1.40741],[104.08475,1.40853],[104.08369,1.40717],[104.07937,1.40664],[104.07481,1.40469],[104.07059,1.40131],[104.06551,1.40029],[104.06961,1.40151],[104.06989,1.40192]]]}},{"type":"Feature","properties":{"class":"green","area_km2":0.079},"geometry":{"type":"Polygon","coordinates":[[[103.77752,1.30741],[103.77647,1.30676],[103.7775,1.30591],[103.77602,1.30569],[103.77733,1.30516],[103.77724,1.30367],[103.77902,1.30359],[103.77969,1.30414],[103.77902,1.3047],[103.77945,1.30509],[103.7779,1.30725],[103.77752,1.30741]]]}},{"type":"Feature","properties":{"class":"green","area_km2":0.669},"geometry":{"type":"Polygon","coordinates":[[[103.97781,1.31753],[103.97035,1.31673],[103.96436,1.31517],[103.96374,1.31678],[103.96894,1.3189],[103.97039,1.32168],[103.97219,1.32265],[103.97344,1.32284],[103.97925,1.31981],[103.97781,1.31753]]]}},{"type":"Feature","properties":{"class":"green","area_km2":0.852},"geometry":{"type":"Polygon","coordinates":[[[103.96937,1.32624],[103.973,1.32704],[103.9789,1.33557],[103.97824,1.33717],[103.97438,1.33904],[103.96771,1.32745],[103.96937,1.32624]]]}},{"type":"Feature","properties":{"class":"green","area_km2":0.041},"geometry":{"type":"Polygon","coordinates":[[[103.83299,1.28034],[103.83195,1.28019],[103.8306,1.27832],[103.83177,1.27804],[103.83361,1.27987],[103.83299,1.28034]]]}},{"type":"Feature","properties":{"class":"green","area_km2":0.037},"geometry":{"type":"Polygon","coordinates":[[[103.96739,1.3446],[103.96792,1.3449],[103.96739,1.34599],[103.97122,1.34039],[103.968,1.34465],[103.96751,1.34399],[103.96808,1.34258],[103.96713,1.34385],[103.96645,1.34324],[103.96643,1.34183],[103.96635,1.34333],[103.96734,1.34467],[103.96739,1.3446]]]}},{"type":"Feature","properties":{"class":"green","area_km2":0.08},"geometry":{"type":"Polygon","coordinates":[[[103.9699,1.3636],[103.96769,1.36505],[103.96897,1.36736],[103.96948,1.36645],[103.97114,1.36704],[103.97081,1.36571],[103.9699,1.3636]]]}},{"type":"Feature","properties":{"class":"green","area_km2":0.03},"geometry":{"type":"Polygon","coordinates":[[[103.93093,1.37181],[103.93254,1.37079],[103.93081,1.36953],[103.93077,1.37177],[103.93093,1.37181]]]}},{"type":"Feature","properties":{"class":"green","area_km2":0.512},"geometry":{"type":"Polygon","coordinates":[[[103.97607,1.36734],[103.97969,1.37027],[103.97981,1.37114],[103.9794,1.37204],[103.97506,1.37371],[103.97149,1.37042],[103.97203,1.36988],[103.97081,1.36571],[103.97538,1.36648],[103.97607,1.36734]]]}},{"type":"Feature","properties":{"class":"green","area_km2":0.152},"geometry":{"type":"Polygon","coordinates":[[[103.97467,1.35084],[103.97547,1.35288],[103.97471,1.35357],[103.97625,1.35844],[103.97696,1.35955],[103.97878,1.35895],[103.97816,1.35758],[103.97687,1.35812],[103.97606,1.35698],[103.97744,1.35639],[103.97802,1.35709],[103.97522,1.35067],[103.97467,1.35084]]]}},{"type":"Feature","properties":{"class":"green","area_km2":0.417},"geometry":{"type":"Polygon","coordinates":[[[103.97921,1.35902],[103.9821,1.36498],[103.97712,1.36516],[103.9756,1.36592],[103.97375,1.36107],[103.97921,1.35902]]]}},{"type":"Feature","properties":{"class":"green","area_km2":3.169},"geometry":{"type":"Polygon","coordinates":[[[104.09139,1.37004],[104.09125,1.37101],[104.09043,1.37104],[104.08889,1.37254],[104.08848,1.37735],[104.08981,1.3795],[104.09735,1.38142],[104.11063,1.37914],[104.11265,1.37253],[104.1098,1.37148],[104.10907,1.37051],[104.10932,1.36899],[104.10554,1.36971],[104.10425,1.36632],[104.09609,1.36845],[104.09134,1.36902],[104.09139,1.37004]]]}},{"type":"Feature","properties":{"class":"water","area_km2":0.165},"geometry":{"type":"Polygon","coordinates":[[[103.86884,1.46767],[103.8729,1.47195],[103.87278,1.47475],[103.8736,1.47565],[103.87579,1.47653],[103.87806,1.47623],[103.87787,1.47767],[103.87921,1.47553],[103.88078,1.47567],[103.88055,1.47492],[103.87946,1.47465],[103.87633,1.47589],[103.87402,1.47518],[103.87332,1.4709],[103.86997,1.46714],[103.86944,1.46739],[103.86884,1.46767]]]}},{"type":"Feature","properties":{"class":"water","area_km2":0.042},"geometry":{"type":"Polygon","coordinates":[[[103.97658,1.42879],[103.97584,1.42831],[103.97601,1.42773],[103.97779,1.42714],[103.97859,1.42791],[103.97831,1.42877],[103.97667,1.42879],[103.97658,1.42879]]]}},{"type":"Feature","properties":{"class":"green","area_km2":0.074},"geometry":{"type":"Polygon","coordinates":[[[103.77006,1.43143],[103.77003,1.43047],[103.77146,1.42948],[103.77155,1.42392],[103.76978,1.43135],[103.77006,1.43143]]]}},{"type":"Feature","properties":{"class":"water","area_km2":0.037},"geometry":{"type":"Polygon","coordinates":[[[103.64079,1.27869],[103.64235,1.28562],[103.64132,1.2856],[103.64111,1.2829],[103.64079,1.27869]]]}},{"type":"Feature","properties":{"class":"green","area_km2":0.095},"geometry":{"type":"Polygon","coordinates":[[[103.77922,1.4031],[103.7808,1.40309],[103.78082,1.40095],[103.77973,1.3992],[103.77852,1.39943],[103.77887,1.40295],[103.77837,1.40348],[103.77888,1.40313],[103.77922,1.4031]]]}},{"type":"Feature","properties":{"class":"green","area_km2":0.061},"geometry":{"type":"Polygon","coordinates":[[[103.77907,1.41798],[103.7798,1.41734],[103.78089,1.41844],[103.78204,1.41845],[103.78244,1.41928],[103.78091,1.42091],[103.78097,1.42047],[103.77907,1.41798]]]}},{"type":"Feature","properties":{"class":"green","area_km2":0.034},"geometry":{"type":"Polygon","coordinates":[[[103.7537,1.38834],[103.75827,1.38134],[103.75808,1.38272],[103.75763,1.38249],[103.7558,1.38481],[103.75551,1.38644],[103.75386,1.38825],[103.7537,1.38834]]]}},{"type":"Feature","properties":{"class":"green","area_km2":0.185},"geometry":{"type":"Polygon","coordinates":[[[103.71499,1.37359],[103.71468,1.3686],[103.71835,1.36956],[103.71787,1.37427],[103.71499,1.37359]]]}},{"type":"Feature","properties":{"class":"green","area_km2":0.097},"geometry":{"type":"Polygon","coordinates":[[[103.71787,1.37427],[103.71959,1.3743],[103.7201,1.37013],[103.71835,1.36956],[103.71787,1.37427]]]}},{"type":"Feature","properties":{"class":"green","area_km2":0.034},"geometry":{"type":"Polygon","coordinates":[[[103.68734,1.37315],[103.68684,1.37557],[103.68585,1.37428],[103.68701,1.37313],[103.68734,1.37315]]]}},{"type":"Feature","properties":{"class":"green","area_km2":0.024},"geometry":{"type":"Polygon","coordinates":[[[104.07443,1.18519],[104.07452,1.18376],[104.07561,1.18456],[104.07579,1.18723],[104.07514,1.18674],[104.07532,1.18563],[104.07443,1.18519]]]}},{"type":"Feature","properties":{"class":"green","area_km2":0.976},"geometry":{"type":"Polygon","coordinates":[[[103.85566,1.42717],[103.85641,1.42595],[103.85738,1.42577],[103.85759,1.42689],[103.85671,1.4287],[103.85752,1.42933],[103.85949,1.42885],[103.85977,1.43082],[103.86102,1.4316],[103.86208,1.43375],[103.8622,1.43517],[103.86034,1.43792],[103.85731,1.43844],[103.85566,1.4376],[103.85229,1.43428],[103.85307,1.43404],[103.85168,1.43042],[103.85517,1.42764],[103.85566,1.42717]]]}},{"type":"Feature","properties":{"class":"green","area_km2":0.233},"geometry":{"type":"Polygon","coordinates":[[[103.67992,1.33227],[103.68141,1.33269],[103.68191,1.33401],[103.68038,1.334],[103.67992,1.33448],[103.68038,1.3351],[103.67845,1.33536],[103.67747,1.33487],[103.67749,1.33534],[103.67832,1.33551],[103.67818,1.33666],[103.6789,1.33552],[103.68014,1.33553],[103.68042,1.33621],[103.68097,1.33571],[103.68097,1.33731],[103.67826,1.33702],[103.67761,1.33809],[103.6751,1.331],[103.67798,1.33044],[103.67816,1.33133],[103.67722,1.33092],[103.67637,1.33207],[103.67746,1.33349],[103.67707,1.33403],[103.67776,1.3338],[103.6779,1.33436],[103.67842,1.33307],[103.67966,1.33371],[103.67982,1.33267],[103.67992,1.33227]]]}},{"type":"Feature","properties":{"class":"green","area_km2":0.061},"geometry":{"type":"Polygon","coordinates":[[[103.68224,1.33008],[103.68125,1.3319],[103.67891,1.33202],[103.67843,1.3313],[103.67946,1.33028],[103.68224,1.33008]]]}},{"type":"Feature","properties":{"class":"green","area_km2":0.47},"geometry":{"type":"Polygon","coordinates":[[[103.67656,1.33678],[103.67258,1.33699],[103.6728,1.33843],[103.67125,1.3386],[103.67072,1.33696],[103.66847,1.33495],[103.66864,1.33365],[103.66967,1.33319],[103.66864,1.33094],[103.66935,1.33065],[103.67097,1.33258],[103.67285,1.33076],[103.67534,1.3324],[103.67656,1.33678]]]}},{"type":"Feature","properties":{"class":"green","area_km2":0.659},"geometry":{"type":"Polygon","coordinates":[[[103.69658,1.41654],[103.69709,1.41855],[103.69874,1.41856],[103.70001,1.42311],[103.69556,1.42459],[103.69511,1.42315],[103.69401,1.42304],[103.69288,1.422],[103.69282,1.42034],[103.68822,1.41762],[103.68805,1.41698],[103.68942,1.41629],[103.68998,1.41681],[103.69076,1.41586],[103.69322,1.4167],[103.69462,1.4162],[103.69658,1.41654]]]}},{"type":"Feature","properties":{"class":"green","area_km2":0.074},"geometry":{"type":"Polygon","coordinates":[[[103.83362,1.3266],[103.8331,1.32956],[103.83229,1.33004],[103.83081,1.32974],[103.83236,1.32624],[103.83362,1.3266]]]}},{"type":"Feature","properties":{"class":"green","area_km2":1.277},"geometry":{"type":"Polygon","coordinates":[[[103.82195,1.41072],[103.81888,1.40475],[103.81747,1.4056],[103.81703,1.40462],[103.81271,1.40337],[103.81172,1.40368],[103.80909,1.40685],[103.80721,1.41171],[103.80957,1.41287],[103.81163,1.41229],[103.81173,1.4147],[103.81517,1.41324],[103.81849,1.41337],[103.8203,1.4106],[103.82122,1.41092],[103.82195,1.41072]]]}},{"type":"Feature","properties":{"class":"green","area_km2":0.313},"geometry":{"type":"Polygon","coordinates":[[[103.66065,1.29699],[103.65799,1.30033],[103.66145,1.30275],[103.66408,1.29954],[103.66539,1.29666],[103.66519,1.296],[103.66174,1.29645],[103.6609,1.29767],[103.66088,1.29717],[103.66065,1.29699]]]}},{"type":"Feature","properties":{"class":"green","area_km2":0.286},"geometry":{"type":"Polygon","coordinates":[[[103.9841,1.31672],[103.98461,1.31786],[103.98858,1.31666],[103.99579,1.31351],[103.99531,1.31296],[103.99709,1.31194],[103.99026,1.31405],[103.98989,1.31535],[103.98909,1.31513],[103.98894,1.31582],[103.98718,1.31511],[103.98771,1.31329],[103.98473,1.31235],[103.98533,1.31308],[103.98434,1.31659],[103.9841,1.31672]]]}},{"type":"Feature","properties":{"class":"green","area_km2":0.424},"geometry":{"type":"Polygon","coordinates":[[[104.02081,1.32712],[104.02161,1.32566],[104.02302,1.32483],[104.03216,1.32468],[104.02839,1.32423],[104.02845,1.32297],[104.02111,1.32279],[104.02119,1.32178],[104.01935,1.32171],[104.01948,1.31893],[104.01616,1.31885],[104.01893,1.32518],[104.02035,1.32522],[104.02087,1.32588],[104.02081,1.32712]]]}},{"type":"Feature","properties":{"class":"green","area_km2":0.06},"geometry":{"type":"Polygon","coordinates":[[[103.90969,1.32775],[103.91822,1.33213],[103.91856,1.33401],[103.9175,1.33196],[103.91137,1.32904],[103.91037,1.32952],[103.90955,1.32797],[103.90969,1.32775]]]}},{"type":"Feature","properties":{"class":"green","area_km2":0.234},"geometry":{"type":"Polygon","coordinates":[[[103.81059,1.33576],[103.81174,1.33786],[103.81246,1.33746],[103.81264,1.33874],[103.81204,1.33914],[103.81141,1.33817],[103.81101,1.33864],[103.81164,1.34049],[103.80976,1.3413],[103.80795,1.3409],[103.80784,1.34152],[103.80596,1.34124],[103.80484,1.34186],[103.80562,1.34035],[103.807,1.34033],[103.80686,1.33927],[103.81059,1.33576]]]}},{"type":"Feature","properties":{"class":"green","area_km2":0.022},"geometry":{"type":"Polygon","coordinates":[[[103.86032,1.3681],[103.8601,1.36653],[103.85879,1.36807],[103.86032,1.3681]]]}},{"type":"Feature","properties":{"class":"green","area_km2":0.073},"geometry":{"type":"Polygon","coordinates":[[[103.82928,1.40898],[103.82792,1.4059],[103.82758,1.40315],[103.82935,1.40898],[103.832,1.40951],[103.83483,1.41118],[103.83465,1.41166],[103.83189,1.41012],[103.82974,1.40989],[103.82928,1.40898]]]}},{"type":"Feature","properties":{"class":"green","area_km2":0.027},"geometry":{"type":"Polygon","coordinates":[[[103.83231,1.41571],[103.82983,1.41672],[103.82962,1.41584],[103.83213,1.41534],[103.83231,1.41571]]]}},{"type":"Feature","properties":{"class":"green","area_km2":0.3},"geometry":{"type":"Polygon","coordinates":[[[103.8253,1.4218],[103.82666,1.42172],[103.82983,1.41923],[103.83158,1.42007],[103.83132,1.42273],[103.82648,1.42606],[103.82537,1.42226],[103.8253,1.4218]]]}},{"type":"Feature","properties":{"class":"green","area_km2":0.025},"geometry":{"type":"Polygon","coordinates":[[[103.60954,1.31632],[103.60905,1.31594],[103.60948,1.31494],[103.61075,1.31442],[103.61092,1.31518],[103.60953,1.31613],[103.60954,1.31632]]]}},{"type":"Feature","properties":{"class":"water","area_km2":0.084},"geometry":{"type":"Polygon","coordinates":[[[104.02123,1.36667],[104.01817,1.35909],[104.0188,1.35792],[104.02152,1.35637],[104.02055,1.35241],[104.02194,1.35641],[104.01858,1.35912],[104.02159,1.36648],[104.02123,1.36667]]]}},{"type":"Feature","properties":{"class":"green","area_km2":0.032},"geometry":{"type":"Polygon","coordinates":[[[103.78781,1.3221],[103.78721,1.31992],[103.78805,1.31985],[103.78886,1.32136],[103.78848,1.32227],[103.78781,1.3221]]]}},{"type":"Feature","properties":{"class":"green","area_km2":0.028},"geometry":{"type":"Polygon","coordinates":[[[103.99041,1.39002],[103.9918,1.38989],[103.99166,1.38847],[103.99354,1.38833],[103.99322,1.38768],[103.99104,1.3881],[103.99122,1.38927],[103.9904,1.38986],[103.99041,1.39002]]]}},{"type":"Feature","properties":{"class":"aero","area_km2":1.316},"geometry":{"type":"Polygon","coordinates":[[[103.98752,1.38739],[103.98912,1.3879],[103.99087,1.38727],[103.98534,1.37247],[103.98451,1.37353],[103.98258,1.3712],[103.98113,1.37596],[103.97787,1.37655],[103.9792,1.37914],[103.97877,1.37925],[103.97876,1.38566],[103.98003,1.38688],[103.98331,1.38774],[103.98333,1.38545],[103.98217,1.38349],[103.98227,1.38217],[103.98455,1.38054],[103.98496,1.38099],[103.98452,1.38184],[103.98592,1.38338],[103.98646,1.38328],[103.98641,1.38558],[103.98754,1.38562],[103.98752,1.38739]]]}},{"type":"Feature","properties":{"class":"green","area_km2":0.179},"geometry":{"type":"Polygon","coordinates":[[[103.98663,1.38434],[103.98926,1.38369],[103.98757,1.38118],[103.98729,1.37871],[103.98618,1.37884],[103.9854,1.38024],[103.98451,1.38039],[103.98475,1.3821],[103.98648,1.38327],[103.98663,1.38434]]]}},{"type":"Feature","properties":{"class":"green","area_km2":0.084},"geometry":{"type":"Polygon","coordinates":[[[103.98359,1.38291],[103.98585,1.38463],[103.98579,1.38604],[103.98455,1.38639],[103.98378,1.38589],[103.98261,1.38267],[103.9835,1.38297],[103.98359,1.38291]]]}},{"type":"Feature","properties":{"class":"green","area_km2":0.027},"geometry":{"type":"Polygon","coordinates":[[[103.98164,1.37153],[103.98313,1.3724],[103.98315,1.37178],[103.98366,1.37237],[103.98394,1.37186],[103.98487,1.37287],[103.98436,1.37148],[103.98372,1.37175],[103.98318,1.3705],[103.98316,1.37145],[103.98225,1.37077],[103.98166,1.37128],[103.98164,1.37153]]]}},{"type":"Feature","properties":{"class":"green","area_km2":0.063},"geometry":{"type":"Polygon","coordinates":[[[103.90661,1.3394],[103.9091,1.33838],[103.90992,1.33937],[103.90843,1.34105],[103.90678,1.34091],[103.90661,1.3394]]]}},{"type":"Feature","properties":{"class":"aero","area_km2":6.632},"geometry":{"type":"Polygon","coordinates":[[[103.90526,1.3609],[103.90363,1.35693],[103.90176,1.35623],[103.89852,1.34811],[103.89943,1.34326],[103.89845,1.34055],[103.90198,1.33895],[103.90293,1.341],[103.90843,1.34105],[103.9129,1.34456],[103.91568,1.34248],[103.91595,1.3429],[103.91408,1.34458],[103.91621,1.34689],[103.92504,1.36771],[103.92014,1.37297],[103.9196,1.37774],[103.91874,1.37937],[103.91717,1.37984],[103.91487,1.37855],[103.90892,1.36476],[103.90606,1.36278],[103.90526,1.3609]]]}},{"type":"Feature","properties":{"class":"green","area_km2":0.073},"geometry":{"type":"Polygon","coordinates":[[[103.98658,1.38836],[103.98611,1.38989],[103.98666,1.39033],[103.98525,1.39117],[103.98502,1.39073],[103.98656,1.39029],[103.98544,1.39024],[103.98546,1.38811],[103.98372,1.38807],[103.98355,1.38861],[103.98177,1.38809],[103.98494,1.38754],[103.98639,1.38636],[103.98633,1.38549],[103.98647,1.38611],[103.98737,1.38554],[103.98671,1.3861],[103.98736,1.38604],[103.98733,1.38678],[103.98614,1.38654],[103.9856,1.3874],[103.98658,1.38771],[103.98658,1.38836]]]}},{"type":"Feature","properties":{"class":"green","area_km2":0.301},"geometry":{"type":"Polygon","coordinates":[[[103.97885,1.38744],[103.97231,1.3896],[103.97194,1.38855],[103.97407,1.38737],[103.97399,1.38665],[103.97826,1.37967],[103.97816,1.38477],[103.97976,1.3872],[103.97885,1.38744]]]}},{"type":"Feature","properties":{"class":"green","area_km2":0.047},"geometry":{"type":"Polygon","coordinates":[[[103.77659,1.37406],[103.77564,1.37345],[103.77589,1.37238],[103.77482,1.3717],[103.77516,1.37105],[103.77728,1.37156],[103.77668,1.37375],[103.77659,1.37406]]]}},{"type":"Feature","properties":{"class":"green","area_km2":0.091},"geometry":{"type":"Polygon","coordinates":[[[103.90166,1.41491],[103.90455,1.41373],[103.90619,1.41483],[103.90717,1.41422],[103.90595,1.41211],[103.90143,1.41406],[103.90166,1.41491]]]}},{"type":"Feature","properties":{"class":"green","area_km2":0.56},"geometry":{"type":"Polygon","coordinates":[[[103.87724,1.40634],[103.87756,1.40761],[103.87596,1.40809],[103.87555,1.40949],[103.8787,1.41341],[103.88296,1.41284],[103.88406,1.4168],[103.88199,1.41661],[103.8812,1.41507],[103.87724,1.41743],[103.87588,1.416],[103.87336,1.41049],[103.87372,1.41022],[103.87414,1.41101],[103.87573,1.40974],[103.87407,1.40926],[103.87386,1.40837],[103.87255,1.4086],[103.87237,1.40754],[103.87616,1.40664],[103.87724,1.40634]]]}},{"type":"Feature","properties":{"class":"green","area_km2":0.156},"geometry":{"type":"Polygon","coordinates":[[[103.93317,1.39057],[103.93593,1.39335],[103.93463,1.39591],[103.93092,1.39258],[103.93317,1.39057]]]}},{"type":"Feature","properties":{"class":"green","area_km2":0.048},"geometry":{"type":"Polygon","coordinates":[[[103.9296,1.39116],[103.93006,1.39164],[103.92911,1.39248],[103.92985,1.39332],[103.92861,1.39432],[103.92754,1.39279],[103.9295,1.39115],[103.9296,1.39116]]]}},{"type":"Feature","properties":{"class":"green","area_km2":0.021},"geometry":{"type":"Polygon","coordinates":[[[103.88321,1.3558],[103.88377,1.35477],[103.88436,1.35491],[103.885,1.35525],[103.88442,1.35639],[103.88321,1.3558]]]}},{"type":"Feature","properties":{"class":"green","area_km2":0.023},"geometry":{"type":"Polygon","coordinates":[[[103.84685,1.34579],[103.84783,1.34558],[103.84866,1.34425],[103.84693,1.34437],[103.84684,1.34572],[103.84685,1.34579]]]}},{"type":"Feature","properties":{"class":"green","area_km2":0.074},"geometry":{"type":"Polygon","coordinates":[[[103.83968,1.42438],[103.83834,1.42592],[103.8394,1.42828],[103.84031,1.42847],[103.84075,1.42752],[103.83995,1.42463],[103.83968,1.42438]]]}},{"type":"Feature","properties":{"class":"water","area_km2":0.031},"geometry":{"type":"Polygon","coordinates":[[[103.63476,1.43102],[103.63594,1.42902],[103.63782,1.42909],[103.63493,1.43081],[103.63476,1.43102]]]}},{"type":"Feature","properties":{"class":"water","area_km2":0.121},"geometry":{"type":"Polygon","coordinates":[[[103.63577,1.40864],[103.63466,1.40807],[103.63549,1.40603],[103.63874,1.404],[103.63965,1.40643],[103.63762,1.40639],[103.63588,1.40858],[103.63577,1.40864]]]}},{"type":"Feature","properties":{"class":"water","area_km2":0.035},"geometry":{"type":"Polygon","coordinates":[[[103.62565,1.42411],[103.62528,1.42272],[103.62742,1.42185],[103.6269,1.42366],[103.62565,1.42411]]]}},{"type":"Feature","properties":{"class":"green","area_km2":2.066},"geometry":{"type":"Polygon","coordinates":[[[103.63551,1.41854],[103.63295,1.41362],[103.63328,1.40902],[103.63469,1.40898],[103.63582,1.41043],[103.64055,1.41029],[103.65041,1.40639],[103.65194,1.40805],[103.65419,1.40871],[103.65072,1.41294],[103.64931,1.41586],[103.64958,1.41759],[103.64531,1.41722],[103.64577,1.41897],[103.64462,1.41939],[103.63587,1.41883],[103.63551,1.41854]]]}},{"type":"Feature","properties":{"class":"green","area_km2":2.058},"geometry":{"type":"Polygon","coordinates":[[[103.63322,1.4077],[103.63191,1.40179],[103.63274,1.4015],[103.63537,1.40237],[103.63804,1.401],[103.63801,1.3991],[103.64096,1.39814],[103.64152,1.39568],[103.64074,1.39505],[103.64203,1.39486],[103.64167,1.39331],[103.64241,1.39269],[103.64264,1.39071],[103.64396,1.38994],[103.64686,1.3905],[103.64717,1.39408],[103.64676,1.39501],[103.64595,1.39428],[103.64603,1.39504],[103.64689,1.39601],[103.64733,1.39527],[103.64802,1.39635],[103.64809,1.39797],[103.64999,1.4019],[103.65041,1.40639],[103.64223,1.40935],[103.64284,1.40739],[103.64263,1.40553],[103.64003,1.40559],[103.63905,1.4048],[103.63888,1.40376],[103.63554,1.40568],[103.63461,1.40754],[103.63322,1.4077]]]}},{"type":"Feature","properties":{"class":"water","area_km2":0.028},"geometry":{"type":"Polygon","coordinates":[[[103.7222,1.4069],[103.72287,1.40614],[103.72126,1.40473],[103.72075,1.40565],[103.7221,1.40676],[103.7222,1.4069]]]}},{"type":"Feature","properties":{"class":"green","area_km2":0.084},"geometry":{"type":"Polygon","coordinates":[[[103.81808,1.40051],[103.81734,1.40059],[103.81781,1.40258],[103.8213,1.40032],[103.82048,1.39916],[103.81904,1.39997],[103.81808,1.40051]]]}},{"type":"Feature","properties":{"class":"green","area_km2":0.17},"geometry":{"type":"Polygon","coordinates":[[[103.9533,1.31827],[103.95246,1.31382],[103.95174,1.31287],[103.95521,1.3144],[103.95609,1.31941],[103.95451,1.31887],[103.9533,1.31827]]]}},{"type":"Feature","properties":{"class":"water","area_km2":0.039},"geometry":{"type":"Polygon","coordinates":[[[103.85483,1.32863],[103.84342,1.32929],[103.85484,1.32878],[103.85483,1.32863]]]}},{"type":"Feature","properties":{"class":"water","area_km2":0.226},"geometry":{"type":"Polygon","coordinates":[[[104.0984,1.1699],[104.09775,1.1678],[104.09716,1.16773],[104.09925,1.16696],[104.10044,1.16835],[104.10153,1.1682],[104.10225,1.16666],[104.101,1.16442],[104.10246,1.16431],[104.10252,1.16638],[104.10378,1.16695],[104.10265,1.16718],[104.10242,1.16865],[104.10547,1.1698],[104.10627,1.16876],[104.10656,1.17011],[104.10818,1.17004],[104.1088,1.17077],[104.10588,1.17126],[104.1044,1.17052],[104.10383,1.17187],[104.10375,1.1705],[104.10296,1.17001],[104.10083,1.16965],[104.10007,1.17059],[104.09877,1.16975],[104.0984,1.1699]]]}},{"type":"Feature","properties":{"class":"green","area_km2":0.052},"geometry":{"type":"Polygon","coordinates":[[[103.72602,1.37459],[103.72689,1.37475],[103.72689,1.37749],[103.72496,1.3775],[103.72602,1.37459]]]}},{"type":"Feature","properties":{"class":"green","area_km2":0.031},"geometry":{"type":"Polygon","coordinates":[[[103.8254,1.28861],[103.82493,1.28674],[103.82271,1.28827],[103.82493,1.28804],[103.8252,1.28861],[103.8254,1.28861]]]}},{"type":"Feature","properties":{"class":"green","area_km2":0.055},"geometry":{"type":"Polygon","coordinates":[[[103.86626,1.30683],[103.8661,1.30578],[103.86753,1.30551],[103.86978,1.30847],[103.86958,1.31008],[103.86755,1.30673],[103.86628,1.30707],[103.86626,1.30683]]]}},{"type":"Feature","properties":{"class":"green","area_km2":0.05},"geometry":{"type":"Polygon","coordinates":[[[103.87011,1.30658],[103.87111,1.30695],[103.87197,1.3084],[103.871,1.31059],[103.87042,1.3098],[103.87055,1.3074],[103.86894,1.30503],[103.87,1.30649],[103.87011,1.30658]]]}},{"type":"Feature","properties":{"class":"green","area_km2":0.035},"geometry":{"type":"Polygon","coordinates":[[[103.93492,1.35417],[103.93718,1.35324],[103.93887,1.35347],[103.93893,1.35416],[103.93492,1.35417]]]}},{"type":"Feature","properties":{"class":"green","area_km2":0.048},"geometry":{"type":"Polygon","coordinates":[[[103.7873,1.30246],[103.78736,1.30114],[103.78904,1.30048],[103.78912,1.30221],[103.78804,1.30313],[103.7878,1.30258],[103.7873,1.30246]]]}},{"type":"Feature","properties":{"class":"water","area_km2":0.024},"geometry":{"type":"Polygon","coordinates":[[[103.94618,1.44184],[103.94701,1.44252],[103.94639,1.44338],[103.94573,1.44332],[103.94656,1.44429],[103.94605,1.44473],[103.94503,1.44395],[103.94614,1.44178],[103.94618,1.44184]]]}},{"type":"Feature","properties":{"class":"green","area_km2":2.935},"geometry":{"type":"Polygon","coordinates":[[[103.93911,1.44362],[103.93881,1.44198],[103.94058,1.44008],[103.9439,1.43973],[103.94414,1.44072],[103.94616,1.44042],[103.94641,1.44218],[103.9471,1.44222],[103.94793,1.44049],[103.94885,1.44044],[103.95042,1.44291],[103.95134,1.44074],[103.95421,1.4396],[103.95207,1.43613],[103.94842,1.4383],[103.94805,1.43744],[103.94961,1.43538],[103.94838,1.4347],[103.94839,1.43392],[103.94947,1.43259],[103.95128,1.43287],[103.95266,1.43208],[103.95335,1.43464],[103.95595,1.43629],[103.95698,1.43466],[103.95761,1.43014],[103.96089,1.42997],[103.96101,1.43223],[103.96322,1.43185],[103.96351,1.43236],[103.96356,1.43463],[103.9616,1.4348],[103.96,1.43629],[103.95818,1.43966],[103.96011,1.4422],[103.96168,1.44329],[103.96373,1.44372],[103.96065,1.44493],[103.96007,1.44601],[103.95859,1.44674],[103.95626,1.44638],[103.9538,1.4477],[103.94984,1.44809],[103.94997,1.44971],[103.94921,1.45133],[103.94055,1.44833],[103.94012,1.44371],[103.93911,1.44362]]]}},{"type":"Feature","properties":{"class":"green","area_km2":0.808},"geometry":{"type":"Polygon","coordinates":[[[103.82499,1.26689],[103.82527,1.26637],[103.8259,1.26726],[103.8254,1.2681],[103.82417,1.2681],[103.8243,1.26984],[103.8231,1.2699],[103.82312,1.27078],[103.82229,1.27079],[103.82148,1.27221],[103.82037,1.27219],[103.82016,1.27358],[103.81826,1.2766],[103.81733,1.27616],[103.81646,1.27712],[103.81217,1.27223],[103.81464,1.27066],[103.81427,1.27002],[103.81528,1.26963],[103.81486,1.26894],[103.81677,1.26811],[103.81719,1.26874],[103.81852,1.26797],[103.81935,1.26846],[103.81888,1.26758],[103.82174,1.2665],[103.82443,1.26703],[103.82499,1.26689]]]}},{"type":"Feature","properties":{"class":"green","area_km2":0.081},"geometry":{"type":"Polygon","coordinates":[[[103.76431,1.32744],[103.76527,1.32893],[103.7651,1.32995],[103.76575,1.32972],[103.76527,1.33139],[103.76763,1.33144],[103.76842,1.33091],[103.76844,1.33156],[103.76971,1.33196],[103.7651,1.33214],[103.76421,1.32988],[103.76431,1.32744]]]}},{"type":"Feature","properties":{"class":"green","area_km2":0.061},"geometry":{"type":"Polygon","coordinates":[[[103.81656,1.31112],[103.81717,1.31116],[103.81661,1.31135],[103.81715,1.31501],[103.81579,1.31455],[103.81524,1.31171],[103.81615,1.31115],[103.81656,1.31112]]]}},{"type":"Feature","properties":{"class":"green","area_km2":0.036},"geometry":{"type":"Polygon","coordinates":[[[103.82099,1.30985],[103.82118,1.30901],[103.82007,1.30991],[103.81951,1.30964],[103.82102,1.30881],[103.82077,1.30746],[103.82314,1.30729],[103.82233,1.30803],[103.82098,1.30801],[103.82166,1.30796],[103.82154,1.30896],[103.82182,1.30843],[103.82231,1.30896],[103.8227,1.30862],[103.82237,1.30908],[103.82099,1.30985]]]}},{"type":"Feature","properties":{"class":"green","area_km2":0.022},"geometry":{"type":"Polygon","coordinates":[[[103.83358,1.31359],[103.83363,1.31309],[103.8329,1.31301],[103.83404,1.31144],[103.83496,1.31214],[103.83386,1.31188],[103.83338,1.31273],[103.8343,1.31316],[103.83491,1.31237],[103.83464,1.31305],[103.83514,1.31339],[103.83392,1.31363],[103.83358,1.31359]]]}},{"type":"Feature","properties":{"class":"aero","area_km2":1.573},"geometry":{"type":"Polygon","coordinates":[[[103.86408,1.41865],[103.86515,1.41808],[103.86352,1.41545],[103.86448,1.41468],[103.8633,1.41292],[103.86235,1.41354],[103.86218,1.41132],[103.86009,1.40642],[103.86288,1.40436],[103.86833,1.41269],[103.8698,1.41172],[103.86927,1.4124],[103.87059,1.41443],[103.87172,1.41369],[103.87236,1.41467],[103.87086,1.41598],[103.87458,1.42084],[103.87384,1.42201],[103.87312,1.4221],[103.87269,1.42343],[103.87307,1.42394],[103.87375,1.42334],[103.87471,1.42481],[103.87382,1.4254],[103.87606,1.42966],[103.87491,1.42825],[103.87453,1.4285],[103.87155,1.42418],[103.86854,1.42455],[103.86398,1.41869],[103.86408,1.41865]]]}},{"type":"Feature","properties":{"class":"green","area_km2":0.881},"geometry":{"type":"Polygon","coordinates":[[[103.9544,1.43003],[103.95681,1.43258],[103.95558,1.43054],[103.95564,1.42933],[103.95694,1.43048],[103.95761,1.43014],[103.95676,1.4352],[103.95553,1.43527],[103.95436,1.4345],[103.95407,1.43187],[103.95306,1.43177],[103.95222,1.43016],[103.95057,1.43045],[103.95114,1.4312],[103.94949,1.43095],[103.94917,1.43234],[103.94803,1.43348],[103.949,1.43597],[103.94805,1.43744],[103.94842,1.4383],[103.95207,1.43613],[103.95311,1.43788],[103.95166,1.43754],[103.95029,1.43885],[103.95075,1.44036],[103.95173,1.44071],[103.95088,1.44248],[103.94994,1.44267],[103.94885,1.44044],[103.94793,1.44049],[103.9471,1.44222],[103.94641,1.44218],[103.94616,1.44042],[103.94414,1.44072],[103.94376,1.43958],[103.94497,1.43896],[103.94482,1.43681],[103.94389,1.43599],[103.94361,1.43195],[103.94568,1.43169],[103.9476,1.43281],[103.94692,1.43456],[103.94828,1.43653],[103.94738,1.43842],[103.94813,1.43806],[103.94837,1.43621],[103.9474,1.43475],[103.94777,1.43249],[103.94667,1.4316],[103.94985,1.43024],[103.95418,1.43019],[103.9544,1.43003]]]}},{"type":"Feature","properties":{"class":"water","area_km2":0.037},"geometry":{"type":"Polygon","coordinates":[[[103.95321,1.44099],[103.95166,1.44119],[103.95169,1.44199],[103.95304,1.4413],[103.95412,1.44327],[103.95554,1.44216],[103.95363,1.44165],[103.95331,1.44101],[103.95321,1.44099]]]}},{"type":"Feature","properties":{"class":"water","area_km2":0.023},"geometry":{"type":"Polygon","coordinates":[[[103.96055,1.43015],[103.95875,1.43142],[103.95846,1.43404],[103.96059,1.43013],[103.96055,1.43015]]]}},{"type":"Feature","properties":{"class":"water","area_km2":0.035},"geometry":{"type":"Polygon","coordinates":[[[103.94861,1.43761],[103.94959,1.43591],[103.9519,1.43496],[103.95454,1.43706],[103.95412,1.43759],[103.95204,1.43537],[103.94981,1.43621],[103.94873,1.43765],[103.94861,1.43761]]]}},{"type":"Feature","properties":{"class":"water","area_km2":0.028},"geometry":{"type":"Polygon","coordinates":[[[103.94609,1.43181],[103.94766,1.43307],[103.94692,1.43456],[103.94828,1.43653],[103.94738,1.43842],[103.94813,1.43806],[103.94837,1.43621],[103.9474,1.43475],[103.94777,1.43249],[103.94667,1.4316],[103.94609,1.43181]]]}},{"type":"Feature","properties":{"class":"water","area_km2":0.03},"geometry":{"type":"Polygon","coordinates":[[[103.63557,1.39028],[103.63671,1.39133],[103.63768,1.3904],[103.63734,1.38932],[103.63546,1.39031],[103.63557,1.39028]]]}},{"type":"Feature","properties":{"class":"water","area_km2":0.023},"geometry":{"type":"Polygon","coordinates":[[[103.6401,1.39487],[103.64138,1.39458],[103.64128,1.39355],[103.63978,1.39327],[103.64006,1.39448],[103.6401,1.39487]]]}},{"type":"Feature","properties":{"class":"green","area_km2":0.022},"geometry":{"type":"Polygon","coordinates":[[[103.87373,1.37987],[103.87382,1.37896],[103.87535,1.37903],[103.87609,1.37997],[103.87373,1.37987]]]}},{"type":"Feature","properties":{"class":"green","area_km2":0.08},"geometry":{"type":"Polygon","coordinates":[[[103.65927,1.48129],[103.66015,1.48138],[103.66101,1.48041],[103.66082,1.47924],[103.65998,1.4786],[103.65821,1.4795],[103.65832,1.48074],[103.65909,1.48123],[103.65927,1.48129]]]}},{"type":"Feature","properties":{"class":"green","area_km2":0.166},"geometry":{"type":"Polygon","coordinates":[[[103.70069,1.48736],[103.70095,1.48928],[103.70175,1.48954],[103.70357,1.48888],[103.70457,1.48746],[103.70401,1.48593],[103.70189,1.48463],[103.70071,1.48703],[103.70069,1.48736]]]}},{"type":"Feature","properties":{"class":"green","area_km2":1.409},"geometry":{"type":"Polygon","coordinates":[[[103.76029,1.37761],[103.75936,1.37758],[103.76036,1.37613],[103.75913,1.37578],[103.75859,1.37437],[103.75366,1.37225],[103.75365,1.36797],[103.75453,1.36343],[103.75532,1.36376],[103.75503,1.36247],[103.75727,1.36102],[103.75824,1.36177],[103.7606,1.3609],[103.7622,1.36306],[103.76181,1.36483],[103.7629,1.36609],[103.7652,1.36529],[103.76595,1.36564],[103.76308,1.37],[103.76087,1.377],[103.76029,1.37761]]]}},{"type":"Feature","properties":{"class":"green","area_km2":0.139},"geometry":{"type":"Polygon","coordinates":[[[103.69384,1.36873],[103.69332,1.368],[103.69226,1.36843],[103.68914,1.36622],[103.68899,1.36542],[103.6911,1.36438],[103.69164,1.36555],[103.69271,1.36506],[103.69385,1.36847],[103.69384,1.36873]]]}},{"type":"Feature","properties":{"class":"green","area_km2":0.025},"geometry":{"type":"Polygon","coordinates":[[[103.70683,1.44497],[103.70763,1.44429],[103.7071,1.4468],[103.70612,1.44658],[103.70666,1.44495],[103.70683,1.44497]]]}},{"type":"Feature","properties":{"class":"green","area_km2":0.072},"geometry":{"type":"Polygon","coordinates":[[[103.72794,1.38751],[103.72919,1.38377],[103.73101,1.3811],[103.7297,1.38122],[103.72825,1.38234],[103.72818,1.38343],[103.72756,1.38296],[103.72836,1.38428],[103.7276,1.38472],[103.7284,1.38441],[103.72794,1.38704],[103.72794,1.38751]]]}},{"type":"Feature","properties":{"class":"green","area_km2":0.175},"geometry":{"type":"Polygon","coordinates":[[[103.69924,1.38321],[103.70136,1.38653],[103.70244,1.38593],[103.70231,1.38359],[103.69768,1.37908],[103.69686,1.37922],[103.69762,1.38075],[103.69924,1.38321]]]}},{"type":"Feature","properties":{"class":"green","area_km2":0.53},"geometry":{"type":"Polygon","coordinates":[[[103.70032,1.39974],[103.70266,1.39384],[103.7023,1.38811],[103.6991,1.38336],[103.69775,1.38483],[103.70032,1.39974]]]}},{"type":"Feature","properties":{"class":"green","area_km2":0.598},"geometry":{"type":"Polygon","coordinates":[[[103.68606,1.32994],[103.68482,1.3349],[103.68149,1.33928],[103.68437,1.34105],[103.68739,1.33716],[103.68905,1.33826],[103.69146,1.33517],[103.68716,1.32994],[103.68606,1.32994]]]}},{"type":"Feature","properties":{"class":"green","area_km2":0.625},"geometry":{"type":"Polygon","coordinates":[[[103.68149,1.33928],[103.68482,1.3349],[103.68606,1.32994],[103.68246,1.33012],[103.6814,1.33103],[103.68154,1.33213],[103.67992,1.33216],[103.67962,1.33341],[103.67657,1.33455],[103.67785,1.33828],[103.6789,1.33907],[103.68113,1.33922],[103.68149,1.33928]]]}},{"type":"Feature","properties":{"class":"green","area_km2":0.159},"geometry":{"type":"Polygon","coordinates":[[[103.82667,1.42874],[103.82516,1.42917],[103.82408,1.42877],[103.82429,1.43289],[103.82372,1.43288],[103.82376,1.43427],[103.82438,1.43489],[103.82603,1.43417],[103.82645,1.43019],[103.82667,1.42874]]]}},{"type":"Feature","properties":{"class":"green","area_km2":0.3},"geometry":{"type":"Polygon","coordinates":[[[103.82442,1.41955],[103.8234,1.41945],[103.82337,1.41857],[103.82197,1.41714],[103.82128,1.41802],[103.82256,1.41896],[103.82256,1.42014],[103.82188,1.42013],[103.8202,1.42274],[103.8219,1.42547],[103.8221,1.42702],[103.82325,1.42758],[103.82388,1.42752],[103.82311,1.42447],[103.82519,1.42384],[103.82469,1.42108],[103.82442,1.41955]]]}},{"type":"Feature","properties":{"class":"green","area_km2":0.636},"geometry":{"type":"Polygon","coordinates":[[[103.82442,1.41955],[103.8234,1.41945],[103.82337,1.41857],[103.82197,1.41714],[103.82128,1.41802],[103.81969,1.41724],[103.81557,1.41945],[103.81525,1.41774],[103.81309,1.41686],[103.80991,1.41873],[103.80942,1.41806],[103.8092,1.41562],[103.81504,1.41382],[103.82074,1.41449],[103.82311,1.41407],[103.82442,1.41955]]]}},{"type":"Feature","properties":{"class":"green","area_km2":0.029},"geometry":{"type":"Polygon","coordinates":[[[103.78902,1.35536],[103.78772,1.35397],[103.78925,1.35349],[103.7898,1.35509],[103.78902,1.35536]]]}},{"type":"Feature","properties":{"class":"green","area_km2":0.122},"geometry":{"type":"Polygon","coordinates":[[[103.74674,1.4626],[103.74837,1.46602],[103.75022,1.46629],[103.75179,1.46469],[103.74754,1.46285],[103.74674,1.4626]]]}},{"type":"Feature","properties":{"class":"green","area_km2":0.049},"geometry":{"type":"Polygon","coordinates":[[[103.88031,1.2842],[103.88153,1.286],[103.87973,1.28832],[103.87931,1.28813],[103.8803,1.28619],[103.88072,1.28673],[103.88113,1.28618],[103.88056,1.28535],[103.87909,1.28619],[103.87941,1.28447],[103.88015,1.28422],[103.88031,1.2842]]]}},{"type":"Feature","properties":{"class":"green","area_km2":0.188},"geometry":{"type":"Polygon","coordinates":[[[103.74798,1.48215],[103.75012,1.4838],[103.75185,1.48039],[103.75002,1.48089],[103.75216,1.47784],[103.75022,1.47802],[103.74765,1.47994],[103.74789,1.48212],[103.74798,1.48215]]]}},{"type":"Feature","properties":{"class":"green","area_km2":0.029},"geometry":{"type":"Polygon","coordinates":[[[103.89131,1.30915],[103.89243,1.30937],[103.89252,1.3107],[103.89075,1.31122],[103.89131,1.30915]]]}},{"type":"Feature","properties":{"class":"green","area_km2":0.044},"geometry":{"type":"Polygon","coordinates":[[[103.69036,1.35503],[103.69198,1.35452],[103.69266,1.35309],[103.69316,1.35309],[103.69332,1.35453],[103.69386,1.35454],[103.69339,1.35288],[103.69446,1.35155],[103.69414,1.35107],[103.69279,1.35218],[103.69163,1.35103],[103.6925,1.35241],[103.69228,1.35353],[103.69036,1.35486],[103.69036,1.35503]]]}},{"type":"Feature","properties":{"class":"green","area_km2":0.033},"geometry":{"type":"Polygon","coordinates":[[[103.76014,1.46095],[103.76109,1.46055],[103.7604,1.45985],[103.76092,1.45619],[103.75984,1.45828],[103.76013,1.46078],[103.76014,1.46095]]]}},{"type":"Feature","properties":{"class":"green","area_km2":0.074},"geometry":{"type":"Polygon","coordinates":[[[103.86939,1.49356],[103.87158,1.49236],[103.87108,1.48965],[103.86832,1.49223],[103.86939,1.49356]]]}},{"type":"Feature","properties":{"class":"green","area_km2":0.024},"geometry":{"type":"Polygon","coordinates":[[[103.87048,1.48906],[103.87111,1.48864],[103.87072,1.48686],[103.86952,1.48752],[103.87048,1.48906]]]}},{"type":"Feature","properties":{"class":"water","area_km2":0.038},"geometry":{"type":"Polygon","coordinates":[[[103.64999,1.408],[103.64957,1.41131],[103.64787,1.41004],[103.64446,1.41061],[103.64809,1.41026],[103.64957,1.41155],[103.65015,1.40854],[103.65109,1.4073],[103.65041,1.40639],[103.65008,1.4076],[103.64999,1.408]]]}},{"type":"Feature","properties":{"class":"green","area_km2":0.109},"geometry":{"type":"Polygon","coordinates":[[[103.74644,1.47517],[103.74789,1.47563],[103.75051,1.46951],[103.75004,1.46923],[103.74863,1.47075],[103.74627,1.47396],[103.74645,1.475],[103.74644,1.47517]]]}},{"type":"Feature","properties":{"class":"green","area_km2":0.07},"geometry":{"type":"Polygon","coordinates":[[[103.75039,1.48328],[103.75173,1.48416],[103.75258,1.48306],[103.75214,1.47964],[103.75126,1.48016],[103.75185,1.48039],[103.75095,1.4821],[103.75039,1.48328]]]}},{"type":"Feature","properties":{"class":"green","area_km2":0.21},"geometry":{"type":"Polygon","coordinates":[[[103.74439,1.48614],[103.7455,1.48581],[103.74623,1.48629],[103.74746,1.48487],[103.74928,1.48438],[103.74886,1.48282],[103.74752,1.48202],[103.74716,1.48029],[103.74494,1.48073],[103.74501,1.48121],[103.74652,1.48094],[103.74651,1.48183],[103.74311,1.48272],[103.74409,1.48272],[103.74512,1.48425],[103.74416,1.48509],[103.74432,1.48607],[103.74439,1.48614]]]}},{"type":"Feature","properties":{"class":"green","area_km2":0.027},"geometry":{"type":"Polygon","coordinates":[[[103.71997,1.48544],[103.72206,1.48565],[103.72255,1.48463],[103.72174,1.48418],[103.71996,1.48521],[103.71997,1.48544]]]}},{"type":"Feature","properties":{"class":"green","area_km2":0.138},"geometry":{"type":"Polygon","coordinates":[[[104.09874,1.19232],[104.10052,1.18983],[104.10021,1.18928],[104.09875,1.18786],[104.09661,1.18827],[104.0961,1.18624],[104.094,1.18684],[104.09553,1.18714],[104.09525,1.18849],[104.09635,1.18899],[104.09674,1.18999],[104.09705,1.18925],[104.09806,1.19027],[104.09839,1.18971],[104.09873,1.19001],[104.09872,1.19203],[104.09874,1.19232]]]}},{"type":"Feature","properties":{"class":"green","area_km2":0.031},"geometry":{"type":"Polygon","coordinates":[[[104.09691,1.18625],[104.09883,1.18591],[104.09989,1.18639],[104.10144,1.18526],[104.1006,1.18566],[104.099,1.18524],[104.09685,1.18606],[104.09691,1.18625]]]}},{"type":"Feature","properties":{"class":"green","area_km2":0.605},"geometry":{"type":"Polygon","coordinates":[[[104.02304,1.41361],[104.02702,1.41432],[104.02696,1.41514],[104.02543,1.41839],[104.02457,1.4184],[104.02429,1.42003],[104.0207,1.42149],[104.01951,1.42363],[104.01883,1.42105],[104.01676,1.41749],[104.01966,1.41675],[104.02111,1.41446],[104.02241,1.41369],[104.02304,1.41361]]]}},{"type":"Feature","properties":{"class":"water","area_km2":0.192},"geometry":{"type":"Polygon","coordinates":[[[103.546,1.39953],[103.54613,1.40299],[103.55056,1.40749],[103.553,1.40831],[103.55437,1.40976],[103.55771,1.41067],[103.55856,1.41194],[103.56089,1.41244],[103.56378,1.41445],[103.56382,1.41561],[103.56489,1.41497],[103.56482,1.41593],[103.56574,1.41539],[103.56604,1.41615],[103.56676,1.416],[103.56613,1.4161],[103.56567,1.41524],[103.56484,1.41581],[103.56471,1.41477],[103.56384,1.41551],[103.56372,1.41393],[103.56102,1.41215],[103.55872,1.41165],[103.55779,1.4103],[103.55484,1.40931],[103.55276,1.40739],[103.55005,1.40623],[103.54667,1.40236],[103.54756,1.39982],[103.546,1.39953]]]}},{"type":"Feature","properties":{"class":"green","area_km2":0.862},"geometry":{"type":"Polygon","coordinates":[[[103.7758,1.38211],[103.77501,1.38811],[103.77506,1.38996],[103.77569,1.39016],[103.77707,1.38991],[103.77658,1.38084],[103.778,1.38101],[103.77852,1.37865],[103.7822,1.37822],[103.78295,1.37894],[103.78391,1.37869],[103.78402,1.37724],[103.78295,1.37593],[103.78301,1.37485],[103.78229,1.37365],[103.78143,1.37376],[103.78189,1.37065],[103.78311,1.36935],[103.78036,1.36457],[103.77814,1.37346],[103.77886,1.37506],[103.77721,1.37628],[103.77636,1.37936],[103.7758,1.38211]]]}},{"type":"Feature","properties":{"class":"water","area_km2":0.309},"geometry":{"type":"Polygon","coordinates":[[[103.54985,1.4546],[103.54557,1.46014],[103.54432,1.46478],[103.5444,1.46705],[103.54054,1.47134],[103.54039,1.47199],[103.54221,1.47448],[103.54095,1.47522],[103.53835,1.47498],[103.53781,1.47552],[103.53818,1.47637],[103.53977,1.47669],[103.53945,1.4802],[103.54056,1.47685],[103.53978,1.47593],[103.53833,1.47557],[103.54102,1.47577],[103.54243,1.4751],[103.54266,1.47353],[103.54135,1.47144],[103.54514,1.46729],[103.5452,1.46511],[103.54676,1.46006],[103.55064,1.45496],[103.54985,1.4546]]]}},{"type":"Feature","properties":{"class":"water","area_km2":0.481},"geometry":{"type":"Polygon","coordinates":[[[103.56829,1.44529],[103.56731,1.44164],[103.56947,1.44144],[103.5716,1.43937],[103.57515,1.44074],[103.57871,1.44071],[103.57197,1.43869],[103.57075,1.4391],[103.56961,1.44072],[103.56725,1.44089],[103.56651,1.44267],[103.56746,1.44507],[103.56693,1.44652],[103.56605,1.44723],[103.56341,1.44684],[103.56188,1.44743],[103.55995,1.45015],[103.55946,1.45267],[103.55853,1.45394],[103.55253,1.45481],[103.55388,1.45766],[103.55457,1.45742],[103.55687,1.45888],[103.5549,1.45716],[103.5559,1.45564],[103.55928,1.45513],[103.56076,1.45327],[103.56184,1.44866],[103.56264,1.44803],[103.56581,1.44876],[103.56821,1.44563],[103.56829,1.44529]]]}},{"type":"Feature","properties":{"class":"water","area_km2":0.041},"geometry":{"type":"Polygon","coordinates":[[[103.5511,1.37676],[103.55019,1.37797],[103.54843,1.37738],[103.54824,1.37856],[103.54682,1.37954],[103.54478,1.37944],[103.5443,1.38058],[103.53948,1.38156],[103.53985,1.38085],[103.54053,1.38136],[103.54251,1.38049],[103.54382,1.38061],[103.54476,1.37928],[103.54675,1.37929],[103.54813,1.37849],[103.54835,1.37725],[103.55038,1.37742],[103.55093,1.3767],[103.5511,1.37676]]]}},{"type":"Feature","properties":{"class":"water","area_km2":0.04},"geometry":{"type":"Polygon","coordinates":[[[103.59258,1.34556],[103.59021,1.35624],[103.59042,1.35915],[103.59249,1.36214],[103.59028,1.35915],[103.59002,1.35635],[103.59145,1.34811],[103.59255,1.34574],[103.59258,1.34556]]]}},{"type":"Feature","properties":{"class":"water","area_km2":0.025},"geometry":{"type":"Polygon","coordinates":[[[103.72828,1.48809],[103.7294,1.48822],[103.72943,1.48709],[103.73074,1.48668],[103.72935,1.48666],[103.72906,1.48574],[103.7296,1.48544],[103.72853,1.4853],[103.72908,1.48678],[103.72824,1.488],[103.72828,1.48809]]]}},{"type":"Feature","properties":{"class":"green","area_km2":0.024},"geometry":{"type":"Polygon","coordinates":[[[103.79084,1.30029],[103.78994,1.2999],[103.79061,1.29837],[103.79153,1.29939],[103.79087,1.30015],[103.79084,1.30029]]]}},{"type":"Feature","properties":{"class":"green","area_km2":0.137},"geometry":{"type":"Polygon","coordinates":[[[103.83105,1.25853],[103.83325,1.25768],[103.83317,1.25657],[103.83598,1.25568],[103.83661,1.2542],[103.83056,1.25589],[103.83102,1.25844],[103.83105,1.25853]]]}},{"type":"Feature","properties":{"class":"green","area_km2":0.032},"geometry":{"type":"Polygon","coordinates":[[[103.84814,1.30346],[103.84847,1.30482],[103.84729,1.30578],[103.84656,1.30447],[103.84771,1.3037],[103.84814,1.30346]]]}},{"type":"Feature","properties":{"class":"water","area_km2":0.27},"geometry":{"type":"Polygon","coordinates":[[[104.08505,1.43409],[104.08835,1.43422],[104.09189,1.43282],[104.09265,1.43356],[104.09224,1.43687],[104.09265,1.43695],[104.09294,1.43525],[104.09396,1.43469],[104.09487,1.43514],[104.09602,1.4371],[104.09538,1.43424],[104.09897,1.4342],[104.09975,1.43537],[104.09926,1.43855],[104.09992,1.43831],[104.10037,1.4364],[104.10109,1.43615],[104.1015,1.43806],[104.10221,1.43718],[104.10392,1.43751],[104.10443,1.43796],[104.10412,1.43968],[104.10611,1.44098],[104.10651,1.44016],[104.1065,1.44135],[104.10398,1.44011],[104.1038,1.43775],[104.10279,1.43732],[104.10195,1.43827],[104.1009,1.43839],[104.10098,1.43648],[104.10018,1.4389],[104.09893,1.43903],[104.09844,1.43785],[104.09936,1.43537],[104.09827,1.43447],[104.09581,1.43467],[104.09675,1.43652],[104.09634,1.43757],[104.09505,1.43718],[104.09407,1.43523],[104.09246,1.43775],[104.09168,1.43689],[104.09181,1.43332],[104.08853,1.43479],[104.08436,1.43468],[104.08469,1.4344],[104.08505,1.43409]]]}},{"type":"Feature","properties":{"class":"green","area_km2":0.278},"geometry":{"type":"Polygon","coordinates":[[[103.75384,1.38708],[103.75299,1.3866],[103.7528,1.38439],[103.75237,1.38484],[103.75273,1.38418],[103.75111,1.38365],[103.74824,1.38545],[103.74836,1.38884],[103.75312,1.38873],[103.7534,1.38786],[103.75384,1.38708]]]}},{"type":"Feature","properties":{"class":"green","area_km2":0.118},"geometry":{"type":"Polygon","coordinates":[[[103.74604,1.38856],[103.74837,1.38946],[103.75084,1.38921],[103.74836,1.38884],[103.74824,1.38545],[103.74714,1.38429],[103.74633,1.38539],[103.74604,1.3885],[103.74604,1.38856]]]}},{"type":"Feature","properties":{"class":"green","area_km2":0.067},"geometry":{"type":"Polygon","coordinates":[[[103.75751,1.49286],[103.75919,1.49474],[103.7589,1.49651],[103.75743,1.49589],[103.75639,1.49458],[103.75751,1.49286]]]}},{"type":"Feature","properties":{"class":"green","area_km2":0.03},"geometry":{"type":"Polygon","coordinates":[[[103.58286,1.46715],[103.58445,1.46665],[103.5842,1.46542],[103.58285,1.4658],[103.58278,1.46718],[103.58286,1.46715]]]}},{"type":"Feature","properties":{"class":"green","area_km2":0.02},"geometry":{"type":"Polygon","coordinates":[[[103.83528,1.48512],[103.83456,1.48414],[103.83661,1.48365],[103.83679,1.48407],[103.83533,1.48509],[103.83528,1.48512]]]}},{"type":"Feature","properties":{"class":"green","area_km2":0.071},"geometry":{"type":"Polygon","coordinates":[[[103.72156,1.34281],[103.72225,1.34476],[103.72799,1.34417],[103.72725,1.34292],[103.72491,1.34418],[103.7226,1.34419],[103.72215,1.34272],[103.72154,1.34269],[103.72156,1.34281]]]}},{"type":"Feature","properties":{"class":"green","area_km2":0.079},"geometry":{"type":"Polygon","coordinates":[[[103.82075,1.4427],[103.81986,1.44211],[103.82237,1.43775],[103.82399,1.43773],[103.82325,1.43956],[103.82227,1.43964],[103.82075,1.4427]]]}},{"type":"Feature","properties":{"class":"green","area_km2":0.023},"geometry":{"type":"Polygon","coordinates":[[[103.68867,1.48148],[103.68768,1.48036],[103.68925,1.47983],[103.68973,1.48001],[103.68931,1.48095],[103.68867,1.48148]]]}},{"type":"Feature","properties":{"class":"green","area_km2":0.265},"geometry":{"type":"Polygon","coordinates":[[[103.77615,1.49095],[103.77643,1.48822],[103.77781,1.48828],[103.77792,1.48738],[103.77982,1.48783],[103.77978,1.48669],[103.78056,1.4867],[103.78075,1.48745],[103.78173,1.4878],[103.78089,1.48796],[103.78104,1.48933],[103.7819,1.48923],[103.78191,1.48844],[103.7831,1.48819],[103.7819,1.48747],[103.78308,1.48725],[103.78344,1.48569],[103.78404,1.48673],[103.78336,1.48816],[103.78152,1.48969],[103.7809,1.48956],[103.78081,1.49065],[103.78102,1.49167],[103.78341,1.49246],[103.78066,1.49172],[103.77615,1.49095]]]}},{"type":"Feature","properties":{"class":"water","area_km2":0.041},"geometry":{"type":"Polygon","coordinates":[[[103.78485,1.48807],[103.78541,1.48846],[103.78504,1.48943],[103.78221,1.48965],[103.784,1.48745],[103.7848,1.48804],[103.78485,1.48807]]]}},{"type":"Feature","properties":{"class":"green","area_km2":0.797},"geometry":{"type":"Polygon","coordinates":[[[103.78367,1.48385],[103.77673,1.48502],[103.77613,1.49099],[103.78416,1.49275],[103.78596,1.48958],[103.78583,1.488],[103.78367,1.48385]]]}},{"type":"Feature","properties":{"class":"green","area_km2":0.118},"geometry":{"type":"Polygon","coordinates":[[[103.82185,1.44939],[103.82403,1.44924],[103.82614,1.44783],[103.82423,1.44562],[103.82356,1.44567],[103.82185,1.44939]]]}},{"type":"Feature","properties":{"class":"green","area_km2":0.052},"geometry":{"type":"Polygon","coordinates":[[[103.85719,1.34494],[103.85703,1.34612],[103.8565,1.34624],[103.8566,1.34919],[103.8558,1.34942],[103.85481,1.35127],[103.85349,1.35042],[103.85477,1.35131],[103.85043,1.35697],[103.85612,1.3503],[103.85698,1.34725],[103.85719,1.34494]]]}},{"type":"Feature","properties":{"class":"green","area_km2":0.051},"geometry":{"type":"Polygon","coordinates":[[[103.88241,1.38294],[103.88244,1.38129],[103.88429,1.37957],[103.88167,1.3795],[103.88221,1.38274],[103.88241,1.38294]]]}},{"type":"Feature","properties":{"class":"green","area_km2":0.04},"geometry":{"type":"Polygon","coordinates":[[[103.77243,1.38651],[103.77413,1.38662],[103.77437,1.38454],[103.77311,1.38455],[103.77221,1.38614],[103.77243,1.38651]]]}},{"type":"Feature","properties":{"class":"green","area_km2":0.542},"geometry":{"type":"Polygon","coordinates":[[[103.85125,1.3841],[103.84971,1.3856],[103.85035,1.39112],[103.85102,1.38759],[103.85495,1.38767],[103.85724,1.38519],[103.8581,1.38604],[103.858,1.37946],[103.85614,1.37999],[103.85564,1.3793],[103.85509,1.38174],[103.85393,1.3825],[103.85199,1.38251],[103.85145,1.38392],[103.85125,1.3841]]]}},{"type":"Feature","properties":{"class":"green","area_km2":0.226},"geometry":{"type":"Polygon","coordinates":[[[103.87742,1.33727],[103.87598,1.3385],[103.87828,1.34004],[103.88021,1.34074],[103.88118,1.33961],[103.88209,1.34],[103.88271,1.33928],[103.88188,1.3365],[103.88013,1.33725],[103.87938,1.33594],[103.87812,1.33577],[103.87794,1.33674],[103.87742,1.33727]]]}},{"type":"Feature","properties":{"class":"green","area_km2":0.199},"geometry":{"type":"Polygon","coordinates":[[[103.72832,1.34416],[103.72856,1.34332],[103.73019,1.34301],[103.73099,1.3404],[103.7331,1.33752],[103.73348,1.33779],[103.73437,1.34138],[103.7311,1.3437],[103.72837,1.34422],[103.72832,1.34416]]]}},{"type":"Feature","properties":{"class":"green","area_km2":0.045},"geometry":{"type":"Polygon","coordinates":[[[103.82519,1.37106],[103.82675,1.37112],[103.82657,1.37033],[103.82792,1.37052],[103.82735,1.36917],[103.82642,1.36966],[103.82606,1.36847],[103.82659,1.36832],[103.82593,1.3672],[103.82497,1.3676],[103.82622,1.37013],[103.82527,1.371],[103.82519,1.37106]]]}},{"type":"Feature","properties":{"class":"green","area_km2":0.034},"geometry":{"type":"Polygon","coordinates":[[[103.81056,1.3744],[103.81303,1.37298],[103.81342,1.37179],[103.81244,1.3706],[103.81154,1.37377],[103.81055,1.37435],[103.81056,1.3744]]]}},{"type":"Feature","properties":{"class":"green","area_km2":0.027},"geometry":{"type":"Polygon","coordinates":[[[104.08395,1.1924],[104.08381,1.19332],[104.08272,1.19381],[104.08279,1.19471],[104.08374,1.19506],[104.08446,1.19353],[104.08395,1.1924]]]}},{"type":"Feature","properties":{"class":"green","area_km2":0.054},"geometry":{"type":"Polygon","coordinates":[[[104.01495,1.31711],[104.01094,1.31626],[104.01133,1.31527],[104.01447,1.31587],[104.01467,1.31645],[104.01495,1.31711]]]}},{"type":"Feature","properties":{"class":"water","area_km2":0.033},"geometry":{"type":"Polygon","coordinates":[[[103.9044,1.47275],[103.90488,1.47348],[103.90462,1.47519],[103.90291,1.47371],[103.90312,1.4733],[103.9044,1.47275]]]}},{"type":"Feature","properties":{"class":"green","area_km2":0.02},"geometry":{"type":"Polygon","coordinates":[[[103.84045,1.34354],[103.84134,1.34306],[103.84184,1.34375],[103.84096,1.34467],[103.84021,1.344],[103.84045,1.34354]]]}},{"type":"Feature","properties":{"class":"green","area_km2":0.046},"geometry":{"type":"Polygon","coordinates":[[[103.81379,1.3141],[103.8148,1.31364],[103.81481,1.3116],[103.81424,1.31139],[103.81261,1.31279],[103.81361,1.31378],[103.81379,1.3141]]]}},{"type":"Feature","properties":{"class":"green","area_km2":0.022},"geometry":{"type":"Polygon","coordinates":[[[103.81814,1.32071],[103.81959,1.32206],[103.81867,1.32229],[103.81733,1.32077],[103.81814,1.32084],[103.81814,1.32071]]]}},{"type":"Feature","properties":{"class":"green","area_km2":0.254},"geometry":{"type":"Polygon","coordinates":[[[103.90258,1.47349],[103.90375,1.47652],[103.90497,1.47604],[103.90519,1.47697],[103.9061,1.47694],[103.90896,1.47606],[103.90657,1.47185],[103.90258,1.47349]]]}},{"type":"Feature","properties":{"class":"green","area_km2":0.109},"geometry":{"type":"Polygon","coordinates":[[[103.82036,1.48502],[103.82051,1.48556],[103.81905,1.48664],[103.82222,1.48539],[103.82216,1.48471],[103.82292,1.48533],[103.8253,1.48506],[103.82434,1.48187],[103.82333,1.48331],[103.82036,1.48502]]]}},{"type":"Feature","properties":{"class":"green","area_km2":0.025},"geometry":{"type":"Polygon","coordinates":[[[103.81459,1.48738],[103.81562,1.48725],[103.81595,1.48582],[103.81436,1.48608],[103.81459,1.48738]]]}},{"type":"Feature","properties":{"class":"green","area_km2":0.587},"geometry":{"type":"Polygon","coordinates":[[[103.9989,1.44156],[103.99793,1.44237],[103.99851,1.44304],[103.99829,1.44474],[103.99656,1.447],[103.99441,1.44749],[103.99301,1.4427],[103.99247,1.44287],[103.99185,1.44174],[103.99045,1.4418],[103.98843,1.44034],[103.98887,1.43954],[103.99329,1.44035],[103.99473,1.44099],[103.9934,1.44148],[103.99324,1.44231],[103.9951,1.44201],[103.99517,1.44318],[103.99708,1.44355],[103.99538,1.44316],[103.99528,1.44189],[103.99334,1.44204],[103.99494,1.44108],[103.99446,1.44041],[103.99529,1.43905],[103.99519,1.43674],[103.99699,1.43469],[103.99775,1.43487],[103.99783,1.4356],[103.99653,1.43912],[103.9989,1.44134],[103.9989,1.44156]]]}},{"type":"Feature","properties":{"class":"green","area_km2":0.156},"geometry":{"type":"Polygon","coordinates":[[[103.99019,1.4392],[103.99176,1.43873],[103.99201,1.43776],[103.99157,1.43611],[103.9901,1.43585],[103.9913,1.43457],[103.9946,1.43673],[103.99476,1.43905],[103.99372,1.43984],[103.99114,1.4393],[103.99019,1.4392]]]}},{"type":"Feature","properties":{"class":"green","area_km2":2.932},"geometry":{"type":"Polygon","coordinates":[[[103.99036,1.43416],[103.99119,1.43452],[103.98904,1.43584],[103.98855,1.43524],[103.98733,1.43545],[103.98827,1.43601],[103.98835,1.43905],[103.98683,1.44032],[103.98215,1.44281],[103.98018,1.44207],[103.97905,1.44333],[103.9799,1.44407],[103.97951,1.44334],[103.98007,1.44247],[103.98259,1.44299],[103.98541,1.44176],[103.98818,1.4396],[103.98607,1.44462],[103.98308,1.44666],[103.98372,1.44685],[103.98174,1.44839],[103.9785,1.45031],[103.9766,1.45043],[103.97427,1.4496],[103.97517,1.44755],[103.97701,1.44667],[103.97472,1.44586],[103.97398,1.44365],[103.97329,1.44418],[103.97244,1.4436],[103.9732,1.44034],[103.97292,1.43771],[103.97156,1.43476],[103.97391,1.43089],[103.97908,1.43064],[103.98072,1.4319],[103.98389,1.43219],[103.9841,1.43295],[103.98572,1.43369],[103.98847,1.43216],[103.99008,1.43364],[103.99036,1.43416]]]}},{"type":"Feature","properties":{"class":"green","area_km2":0.106},"geometry":{"type":"Polygon","coordinates":[[[103.93849,1.44395],[103.93461,1.44556],[103.93435,1.44315],[103.93505,1.44337],[103.93522,1.4426],[103.93475,1.44192],[103.93569,1.44169],[103.93843,1.44373],[103.93849,1.44395]]]}},{"type":"Feature","properties":{"class":"green","area_km2":0.087},"geometry":{"type":"Polygon","coordinates":[[[103.92566,1.43655],[103.92857,1.43551],[103.92928,1.4375],[103.92648,1.43842],[103.92577,1.43672],[103.92566,1.43655]]]}},{"type":"Feature","properties":{"class":"green","area_km2":0.051},"geometry":{"type":"Polygon","coordinates":[[[103.93439,1.43782],[103.93401,1.43767],[103.93528,1.43679],[103.93524,1.43405],[103.93625,1.43389],[103.93696,1.43435],[103.93566,1.43575],[103.93564,1.43764],[103.93439,1.43782]]]}},{"type":"Feature","properties":{"class":"green","area_km2":2.18},"geometry":{"type":"Polygon","coordinates":[[[103.96163,1.42706],[103.96015,1.42762],[103.95977,1.42861],[103.95792,1.43],[103.96261,1.43045],[103.96351,1.43236],[103.96356,1.43463],[103.9616,1.4348],[103.96,1.43629],[103.95823,1.44014],[103.96168,1.44329],[103.96441,1.44289],[103.96483,1.44505],[103.9628,1.4461],[103.96696,1.44593],[103.97108,1.44332],[103.97195,1.44178],[103.96875,1.44123],[103.96934,1.4392],[103.96769,1.43839],[103.96773,1.43694],[103.96467,1.43689],[103.96547,1.43642],[103.96784,1.43669],[103.96788,1.43821],[103.96976,1.43928],[103.96912,1.44118],[103.97197,1.44111],[103.97008,1.43428],[103.96944,1.43475],[103.96903,1.43424],[103.9682,1.43517],[103.96806,1.43415],[103.96718,1.43428],[103.96749,1.43357],[103.96703,1.43323],[103.96758,1.43362],[103.96721,1.43418],[103.96812,1.43396],[103.96859,1.43499],[103.96884,1.43415],[103.96957,1.43425],[103.97089,1.43283],[103.97301,1.42896],[103.97054,1.42772],[103.96168,1.42692],[103.96163,1.42706]]]}},{"type":"Feature","properties":{"class":"water","area_km2":0.026},"geometry":{"type":"Polygon","coordinates":[[[104.00477,1.48887],[104.00448,1.48978],[104.00267,1.49027],[104.00226,1.49103],[104.00478,1.49124],[104.00532,1.49374],[104.00456,1.49406],[104.00334,1.49352],[104.00463,1.49415],[104.00549,1.49366],[104.00504,1.49124],[104.00297,1.49128],[104.00253,1.49078],[104.00431,1.49031],[104.00493,1.48894],[104.00477,1.48887]]]}},{"type":"Feature","properties":{"class":"green","area_km2":0.047},"geometry":{"type":"Polygon","coordinates":[[[103.90028,1.47572],[103.90126,1.477],[103.90231,1.47658],[103.90122,1.47414],[103.89977,1.47464],[103.90028,1.47572]]]}},{"type":"Feature","properties":{"class":"green","area_km2":0.091},"geometry":{"type":"Polygon","coordinates":[[[103.73696,1.48197],[103.73584,1.48236],[103.73424,1.47792],[103.73646,1.47672],[103.73666,1.48046],[103.73696,1.48197]]]}},{"type":"Feature","properties":{"class":"green","area_km2":0.023},"geometry":{"type":"Polygon","coordinates":[[[103.72324,1.47699],[103.72398,1.4764],[103.72356,1.47879],[103.72242,1.47847],[103.72292,1.47742],[103.72324,1.47699]]]}},{"type":"Feature","properties":{"class":"water","area_km2":0.021},"geometry":{"type":"Polygon","coordinates":[[[103.95854,1.31693],[103.96051,1.31765],[103.9603,1.31722],[103.96109,1.31684],[103.95793,1.31698],[103.95585,1.31563],[103.95654,1.31645],[103.95846,1.31695],[103.95854,1.31693]]]}},{"type":"Feature","properties":{"class":"green","area_km2":0.066},"geometry":{"type":"Polygon","coordinates":[[[103.75711,1.34249],[103.75858,1.34271],[103.75929,1.34027],[103.75748,1.33985],[103.75654,1.342],[103.75707,1.34183],[103.75696,1.34231],[103.75711,1.34249]]]}},{"type":"Feature","properties":{"class":"green","area_km2":0.048},"geometry":{"type":"Polygon","coordinates":[[[103.75473,1.32636],[103.75503,1.32466],[103.7568,1.32515],[103.75958,1.32356],[103.7568,1.32564],[103.75473,1.32636]]]}},{"type":"Feature","properties":{"class":"green","area_km2":0.032},"geometry":{"type":"Polygon","coordinates":[[[103.75779,1.32815],[103.75739,1.32694],[103.75874,1.32678],[103.75986,1.32744],[103.76016,1.32857],[103.75912,1.32733],[103.75869,1.32819],[103.75804,1.32812],[103.75779,1.32815]]]}},{"type":"Feature","properties":{"class":"water","area_km2":0.04},"geometry":{"type":"Polygon","coordinates":[[[103.83676,1.48355],[103.83957,1.48222],[103.83542,1.48527],[103.83682,1.48392],[103.83555,1.48116],[103.83384,1.48173],[103.83552,1.48103],[103.83536,1.48036],[103.83237,1.48165],[103.83608,1.47999],[103.83883,1.48098],[103.83555,1.48026],[103.8362,1.48281],[103.83676,1.48355]]]}},{"type":"Feature","properties":{"class":"water","area_km2":0.038},"geometry":{"type":"Polygon","coordinates":[[[103.83951,1.48078],[103.83993,1.48302],[103.83967,1.48132],[103.84034,1.48113],[103.84086,1.47864],[103.83998,1.48024],[103.83659,1.47835],[103.83442,1.47894],[103.83766,1.47892],[103.83948,1.48061],[103.83951,1.48078]]]}},{"type":"Feature","properties":{"class":"green","area_km2":1.009},"geometry":{"type":"Polygon","coordinates":[[[103.63071,1.47103],[103.62967,1.47134],[103.63088,1.47251],[103.63023,1.47306],[103.62874,1.47253],[103.62946,1.47362],[103.63116,1.4736],[103.63112,1.47505],[103.62992,1.47495],[103.62852,1.47288],[103.6283,1.47395],[103.6293,1.47609],[103.63021,1.47583],[103.63111,1.47666],[103.63196,1.47474],[103.63179,1.47226],[103.63382,1.47227],[103.63443,1.47168],[103.6341,1.47029],[103.63483,1.46857],[103.63402,1.468],[103.6341,1.46707],[103.63501,1.46666],[103.63696,1.46291],[103.63844,1.46374],[103.63899,1.46343],[103.64028,1.46511],[103.64222,1.46382],[103.643,1.46437],[103.64412,1.46407],[103.64459,1.46478],[103.64503,1.46438],[103.64448,1.46351],[103.64542,1.46292],[103.64428,1.46222],[103.64459,1.46188],[103.64687,1.46284],[103.64764,1.46177],[103.64596,1.46007],[103.64254,1.46116],[103.64159,1.46299],[103.6401,1.46089],[103.63779,1.46157],[103.63885,1.46267],[103.63854,1.46297],[103.63665,1.46106],[103.6364,1.46381],[103.63554,1.46511],[103.63609,1.46228],[103.63565,1.46128],[103.63422,1.46095],[103.63333,1.46185],[103.63418,1.46062],[103.63684,1.46034],[103.63222,1.46068],[103.6314,1.46203],[103.63005,1.46186],[103.62983,1.46258],[103.6315,1.46443],[103.63092,1.46538],[103.6323,1.46612],[103.63308,1.46843],[103.63266,1.46873],[103.63105,1.46664],[103.62998,1.46782],[103.6313,1.47022],[103.63096,1.47055],[103.63071,1.47103]]]}},{"type":"Feature","properties":{"class":"water","area_km2":0.054},"geometry":{"type":"Polygon","coordinates":[[[103.63413,1.46098],[103.63547,1.46113],[103.63609,1.46228],[103.63554,1.46511],[103.6364,1.46381],[103.63665,1.46106],[103.63812,1.46278],[103.63885,1.46267],[103.63684,1.46034],[103.63418,1.46062],[103.63333,1.46185],[103.63394,1.46127],[103.63413,1.46098]]]}},{"type":"Feature","properties":{"class":"green","area_km2":1.909},"geometry":{"type":"Polygon","coordinates":[[[103.59306,1.49355],[103.59725,1.49844],[103.60256,1.50305],[103.60315,1.50262],[103.60279,1.5012],[103.60665,1.49769],[103.605,1.49733],[103.60382,1.49918],[103.60316,1.49848],[103.60337,1.49593],[103.60199,1.49584],[103.60241,1.49438],[103.60395,1.49388],[103.60317,1.49272],[103.60379,1.49282],[103.60523,1.49001],[103.60604,1.48976],[103.60642,1.4886],[103.60791,1.48829],[103.60789,1.48754],[103.6051,1.48706],[103.60504,1.48616],[103.60777,1.48604],[103.60844,1.48539],[103.60968,1.48593],[103.6092,1.48013],[103.607,1.48037],[103.60743,1.48125],[103.60451,1.48404],[103.6027,1.48199],[103.60158,1.48289],[103.60198,1.48312],[103.59838,1.48645],[103.59919,1.48782],[103.5953,1.49167],[103.59306,1.49355]]]}},{"type":"Feature","properties":{"class":"green","area_km2":0.223},"geometry":{"type":"Polygon","coordinates":[[[103.62929,1.49666],[103.62751,1.49479],[103.62525,1.49402],[103.62444,1.4949],[103.62532,1.49578],[103.62361,1.49751],[103.62622,1.50008],[103.62929,1.49666]]]}},{"type":"Feature","properties":{"class":"green","area_km2":0.045},"geometry":{"type":"Polygon","coordinates":[[[103.65316,1.15137],[103.65466,1.15107],[103.65518,1.15311],[103.65324,1.15335],[103.65316,1.15137]]]}},{"type":"Feature","properties":{"class":"green","area_km2":0.069},"geometry":{"type":"Polygon","coordinates":[[[103.71206,1.43087],[103.71465,1.4314],[103.71558,1.43096],[103.71316,1.42845],[103.71206,1.43087]]]}},{"type":"Feature","properties":{"class":"green","area_km2":0.081},"geometry":{"type":"Polygon","coordinates":[[[103.70614,1.42769],[103.70831,1.42807],[103.70996,1.42607],[103.70627,1.42586],[103.70544,1.42609],[103.70581,1.4269],[103.70614,1.42769]]]}},{"type":"Feature","properties":{"class":"green","area_km2":0.029},"geometry":{"type":"Polygon","coordinates":[[[103.70851,1.42818],[103.70927,1.42703],[103.71052,1.42737],[103.70971,1.42923],[103.70921,1.42857],[103.70851,1.42818]]]}},{"type":"Feature","properties":{"class":"green","area_km2":0.049},"geometry":{"type":"Polygon","coordinates":[[[103.71768,1.4354],[103.71877,1.4357],[103.7192,1.43475],[103.71872,1.43273],[103.71771,1.43243],[103.71768,1.4354]]]}},{"type":"Feature","properties":{"class":"green","area_km2":0.067},"geometry":{"type":"Polygon","coordinates":[[[103.70758,1.4285],[103.70724,1.42778],[103.70924,1.4288],[103.71007,1.43025],[103.70784,1.43276],[103.70734,1.43135],[103.70916,1.43064],[103.7087,1.42938],[103.70758,1.4285]]]}},{"type":"Feature","properties":{"class":"green","area_km2":0.809},"geometry":{"type":"Polygon","coordinates":[[[103.56817,1.37111],[103.56777,1.36928],[103.5683,1.36899],[103.56596,1.36885],[103.56661,1.36688],[103.56788,1.36715],[103.5677,1.36816],[103.57204,1.36983],[103.57432,1.37253],[103.57409,1.37298],[103.57544,1.37362],[103.57958,1.37202],[103.57881,1.37334],[103.57448,1.37659],[103.5736,1.37874],[103.57202,1.37998],[103.57028,1.38019],[103.57134,1.37886],[103.57058,1.37913],[103.56975,1.3777],[103.57148,1.37434],[103.57066,1.37572],[103.5701,1.37536],[103.56881,1.37797],[103.56766,1.37548],[103.56803,1.37468],[103.56893,1.37511],[103.57005,1.37248],[103.56915,1.37198],[103.56813,1.37439],[103.56729,1.37415],[103.56756,1.37326],[103.56702,1.37362],[103.56593,1.37097],[103.56736,1.37175],[103.56817,1.37111]]]}},{"type":"Feature","properties":{"class":"green","area_km2":0.025},"geometry":{"type":"Polygon","coordinates":[[[103.87927,1.37321],[103.87916,1.37243],[103.88034,1.37208],[103.88151,1.37292],[103.88204,1.37474],[103.88057,1.37289],[103.87927,1.37321]]]}},{"type":"Feature","properties":{"class":"green","area_km2":0.033},"geometry":{"type":"Polygon","coordinates":[[[103.89208,1.37312],[103.89267,1.37337],[103.89246,1.37664],[103.89209,1.37566],[103.89148,1.37566],[103.89147,1.37446],[103.8924,1.37397],[103.89208,1.37327],[103.89208,1.37312]]]}},{"type":"Feature","properties":{"class":"green","area_km2":0.203},"geometry":{"type":"Polygon","coordinates":[[[103.74131,1.48728],[103.74229,1.48322],[103.74047,1.48181],[103.73837,1.48211],[103.73789,1.48289],[103.73884,1.48595],[103.74132,1.48744],[103.74131,1.48728]]]}},{"type":"Feature","properties":{"class":"green","area_km2":0.037},"geometry":{"type":"Polygon","coordinates":[[[103.71357,1.42199],[103.7144,1.42199],[103.71492,1.42497],[103.71386,1.42525],[103.71357,1.42199]]]}},{"type":"Feature","properties":{"class":"green","area_km2":0.027},"geometry":{"type":"Polygon","coordinates":[[[103.55869,1.38624],[103.56191,1.3874],[103.55915,1.38772],[103.55871,1.38657],[103.55869,1.38624]]]}},{"type":"Feature","properties":{"class":"green","area_km2":0.049},"geometry":{"type":"Polygon","coordinates":[[[103.5588,1.38553],[103.56564,1.38694],[103.56341,1.38724],[103.5588,1.38553]]]}},{"type":"Feature","properties":{"class":"green","area_km2":0.035},"geometry":{"type":"Polygon","coordinates":[[[103.76049,1.37083],[103.76159,1.3707],[103.762,1.36894],[103.76159,1.36872],[103.75978,1.37024],[103.76032,1.37146],[103.76049,1.37083]]]}},{"type":"Feature","properties":{"class":"green","area_km2":1.903},"geometry":{"type":"Polygon","coordinates":[[[103.8201,1.43809],[103.81696,1.44092],[103.81688,1.43987],[103.81546,1.43797],[103.8133,1.43743],[103.81111,1.44047],[103.79771,1.42457],[103.80163,1.42067],[103.80226,1.42198],[103.80118,1.42327],[103.80302,1.42566],[103.80498,1.42427],[103.80753,1.42686],[103.80883,1.42568],[103.8201,1.43809]]]}},{"type":"Feature","properties":{"class":"green","area_km2":0.133},"geometry":{"type":"Polygon","coordinates":[[[103.81234,1.44327],[103.81353,1.44289],[103.81296,1.44133],[103.81429,1.44065],[103.81589,1.44081],[103.81461,1.4423],[103.81662,1.44118],[103.8161,1.43968],[103.81487,1.43998],[103.81459,1.43915],[103.81332,1.43903],[103.81257,1.43961],[103.81133,1.44089],[103.81209,1.44304],[103.81234,1.44327]]]}},{"type":"Feature","properties":{"class":"green","area_km2":0.257},"geometry":{"type":"Polygon","coordinates":[[[103.80468,1.41656],[103.80645,1.415],[103.80872,1.41577],[103.80998,1.42049],[103.81063,1.42007],[103.81231,1.42159],[103.81067,1.42288],[103.80468,1.41656]]]}},{"type":"Feature","properties":{"class":"green","area_km2":0.08},"geometry":{"type":"Polygon","coordinates":[[[103.74673,1.35442],[103.74517,1.35464],[103.74425,1.3555],[103.74263,1.35463],[103.74575,1.35395],[103.74621,1.35245],[103.74824,1.3525],[103.74703,1.35443],[103.74673,1.35442]]]}},{"type":"Feature","properties":{"class":"water","area_km2":0.036},"geometry":{"type":"Polygon","coordinates":[[[103.62425,1.42114],[103.62369,1.4187],[103.62584,1.42007],[103.62603,1.42061],[103.62475,1.42105],[103.62425,1.42114]]]}},{"type":"Feature","properties":{"class":"water","area_km2":0.05},"geometry":{"type":"Polygon","coordinates":[[[103.63063,1.45028],[103.63298,1.44838],[103.63779,1.44711],[103.63894,1.44416],[103.63815,1.44454],[103.63794,1.44668],[103.63288,1.44818],[103.62748,1.45268],[103.62618,1.45698],[103.62282,1.46029],[103.6262,1.45703],[103.6276,1.4529],[103.63042,1.4504],[103.63063,1.45028]]]}},{"type":"Feature","properties":{"class":"green","area_km2":0.42},"geometry":{"type":"Polygon","coordinates":[[[103.55167,1.38249],[103.55589,1.3845],[103.55913,1.38481],[103.55955,1.38152],[103.55909,1.38137],[103.56081,1.3776],[103.55966,1.37726],[103.55758,1.37855],[103.55802,1.37921],[103.55698,1.37893],[103.55435,1.38072],[103.55464,1.38173],[103.55341,1.38209],[103.5532,1.38139],[103.55167,1.38249]]]}},{"type":"Feature","properties":{"class":"green","area_km2":0.045},"geometry":{"type":"Polygon","coordinates":[[[103.62604,1.41712],[103.62667,1.41709],[103.62698,1.41601],[103.62831,1.41655],[103.62812,1.41736],[103.62866,1.41747],[103.62686,1.41951],[103.62662,1.41734],[103.62604,1.41712]]]}},{"type":"Feature","properties":{"class":"green","area_km2":0.042},"geometry":{"type":"Polygon","coordinates":[[[103.63343,1.4224],[103.6335,1.42176],[103.63472,1.42113],[103.63539,1.42418],[103.63357,1.42255],[103.63343,1.4224]]]}},{"type":"Feature","properties":{"class":"green","area_km2":0.02},"geometry":{"type":"Polygon","coordinates":[[[103.6255,1.41325],[103.62459,1.41253],[103.62508,1.41195],[103.6269,1.41238],[103.62584,1.4129],[103.6255,1.41325]]]}},{"type":"Feature","properties":{"class":"green","area_km2":0.03},"geometry":{"type":"Polygon","coordinates":[[[103.62595,1.40948],[103.62706,1.41043],[103.62714,1.41177],[103.6262,1.41177],[103.62561,1.40985],[103.62595,1.40948]]]}},{"type":"Feature","properties":{"class":"green","area_km2":0.054},"geometry":{"type":"Polygon","coordinates":[[[103.94866,1.34541],[103.94953,1.34412],[103.95029,1.34452],[103.95594,1.34957],[103.95505,1.34953],[103.95428,1.34829],[103.95296,1.34812],[103.95305,1.34737],[103.95034,1.34502],[103.94932,1.34595],[103.94862,1.34543],[103.94866,1.34541]]]}},{"type":"Feature","properties":{"class":"green","area_km2":0.065},"geometry":{"type":"Polygon","coordinates":[[[103.86773,1.37959],[103.8679,1.37869],[103.8736,1.37901],[103.87356,1.37986],[103.86975,1.37968],[103.86773,1.37959]]]}},{"type":"Feature","properties":{"class":"green","area_km2":0.027},"geometry":{"type":"Polygon","coordinates":[[[103.73654,1.34313],[103.73738,1.34539],[103.7427,1.34454],[103.73733,1.34477],[103.7379,1.34392],[103.7368,1.34404],[103.7367,1.34314],[103.73654,1.34313]]]}},{"type":"Feature","properties":{"class":"green","area_km2":0.078},"geometry":{"type":"Polygon","coordinates":[[[103.84257,1.38869],[103.84078,1.3926],[103.83883,1.3924],[103.83838,1.39191],[103.84019,1.39074],[103.84187,1.38826],[103.84257,1.38869]]]}},{"type":"Feature","properties":{"class":"green","area_km2":0.116},"geometry":{"type":"Polygon","coordinates":[[[103.97668,1.31677],[103.97766,1.31691],[103.97852,1.31813],[103.97934,1.31674],[103.98279,1.31647],[103.98414,1.31825],[103.97991,1.32024],[103.97959,1.31962],[103.98378,1.31802],[103.98288,1.31696],[103.97975,1.31709],[103.97858,1.31816],[103.97958,1.32049],[103.97618,1.32302],[103.97631,1.32109],[103.97907,1.31976],[103.97791,1.31755],[103.97672,1.31701],[103.97668,1.31677]]]}},{"type":"Feature","properties":{"class":"green","area_km2":0.088},"geometry":{"type":"Polygon","coordinates":[[[103.61606,1.48588],[103.61779,1.48613],[103.61923,1.48438],[103.61809,1.48332],[103.61665,1.48339],[103.61597,1.48396],[103.61599,1.48558],[103.61606,1.48588]]]}},{"type":"Feature","properties":{"class":"green","area_km2":0.204},"geometry":{"type":"Polygon","coordinates":[[[103.60416,1.37607],[103.60786,1.37523],[103.60912,1.37379],[103.61042,1.37571],[103.60953,1.37647],[103.61004,1.3775],[103.60935,1.37815],[103.61012,1.37915],[103.60861,1.3794],[103.60576,1.37668],[103.60433,1.37645],[103.60416,1.37607]]]}},{"type":"Feature","properties":{"class":"green","area_km2":0.097},"geometry":{"type":"Polygon","coordinates":[[[103.60358,1.37892],[103.6059,1.37875],[103.60735,1.37954],[103.60735,1.38027],[103.60889,1.38016],[103.60551,1.37672],[103.60363,1.37729],[103.60358,1.37806],[103.60358,1.37892]]]}},{"type":"Feature","properties":{"class":"green","area_km2":0.107},"geometry":{"type":"Polygon","coordinates":[[[103.58197,1.39381],[103.58137,1.39442],[103.58048,1.3942],[103.578,1.39232],[103.57977,1.3898],[103.5813,1.39089],[103.58066,1.39208],[103.57961,1.39152],[103.58018,1.39233],[103.57962,1.39304],[103.58177,1.39293],[103.58272,1.39367],[103.58209,1.39368],[103.58197,1.39381]]]}},{"type":"Feature","properties":{"class":"green","area_km2":0.054},"geometry":{"type":"Polygon","coordinates":[[[103.57757,1.39481],[103.57702,1.39284],[103.58134,1.39525],[103.58091,1.39655],[103.57881,1.39434],[103.57757,1.39481]]]}},{"type":"Feature","properties":{"class":"green","area_km2":0.059},"geometry":{"type":"Polygon","coordinates":[[[103.5736,1.38548],[103.57454,1.38572],[103.57412,1.38664],[103.57619,1.38638],[103.57638,1.38705],[103.57526,1.38721],[103.57542,1.38889],[103.57391,1.3887],[103.57362,1.3861],[103.5736,1.38548]]]}},{"type":"Feature","properties":{"class":"water","area_km2":0.02},"geometry":{"type":"Polygon","coordinates":[[[103.57515,1.44074],[103.57551,1.44122],[103.57472,1.44123],[103.57356,1.44369],[103.57456,1.44434],[103.57405,1.44329],[103.5763,1.44073],[103.57515,1.44074]]]}},{"type":"Feature","properties":{"class":"green","area_km2":0.022},"geometry":{"type":"Polygon","coordinates":[[[103.73548,1.38061],[103.73345,1.37887],[103.73572,1.37645],[103.73424,1.37814],[103.73522,1.38058],[103.73548,1.38061]]]}},{"type":"Feature","properties":{"class":"green","area_km2":0.529},"geometry":{"type":"Polygon","coordinates":[[[103.60835,1.35641],[103.61056,1.35348],[103.61093,1.35392],[103.61133,1.35338],[103.61983,1.3602],[103.61645,1.363],[103.61484,1.36147],[103.61634,1.35982],[103.61556,1.3591],[103.6146,1.36024],[103.6152,1.36078],[103.61472,1.36131],[103.61155,1.35881],[103.60835,1.35641]]]}},{"type":"Feature","properties":{"class":"green","area_km2":0.277},"geometry":{"type":"Polygon","coordinates":[[[103.6107,1.37257],[103.6113,1.3733],[103.61188,1.37248],[103.61257,1.37286],[103.61302,1.37231],[103.61398,1.37329],[103.614,1.3714],[103.61656,1.3719],[103.61715,1.37245],[103.6169,1.37355],[103.61605,1.37258],[103.61468,1.37371],[103.61549,1.37453],[103.61674,1.37402],[103.61709,1.3748],[103.61557,1.37571],[103.61345,1.37378],[103.61497,1.37563],[103.61447,1.37597],[103.61369,1.37516],[103.61329,1.37556],[103.61442,1.37669],[103.61285,1.37786],[103.61219,1.37665],[103.61248,1.37568],[103.61178,1.37492],[103.61018,1.37556],[103.60927,1.3744],[103.60946,1.3736],[103.6107,1.37257]]]}},{"type":"Feature","properties":{"class":"green","area_km2":0.034},"geometry":{"type":"Polygon","coordinates":[[[103.61658,1.37156],[103.61747,1.37314],[103.61901,1.37122],[103.61681,1.3711],[103.61658,1.37156]]]}},{"type":"Feature","properties":{"class":"green","area_km2":0.025},"geometry":{"type":"Polygon","coordinates":[[[103.61957,1.36947],[103.62098,1.36738],[103.62116,1.36855],[103.62001,1.36976],[103.61957,1.36947]]]}},{"type":"Feature","properties":{"class":"green","area_km2":0.048},"geometry":{"type":"Polygon","coordinates":[[[103.93877,1.36618],[103.94275,1.36247],[103.94203,1.36155],[103.93856,1.36596],[103.93877,1.36618]]]}},{"type":"Feature","properties":{"class":"green","area_km2":0.095},"geometry":{"type":"Polygon","coordinates":[[[104.05099,1.14991],[104.05375,1.15013],[104.05491,1.15179],[104.05697,1.15195],[104.05815,1.15543],[104.05678,1.15504],[104.05656,1.153],[104.05467,1.15272],[104.05377,1.15104],[104.05098,1.14996],[104.05099,1.14991]]]}},{"type":"Feature","properties":{"class":"green","area_km2":0.151},"geometry":{"type":"Polygon","coordinates":[[[103.5951,1.37428],[103.59606,1.37328],[103.59703,1.37393],[103.59737,1.37348],[103.59589,1.37039],[103.59175,1.37177],[103.59238,1.37302],[103.59424,1.37309],[103.59434,1.37359],[103.5951,1.37428]]]}},{"type":"Feature","properties":{"class":"green","area_km2":0.106},"geometry":{"type":"Polygon","coordinates":[[[103.59568,1.3626],[103.59649,1.3626],[103.59668,1.36483],[103.59985,1.36527],[103.59973,1.36625],[103.59874,1.36598],[103.59858,1.36755],[103.59496,1.36476],[103.59596,1.3634],[103.59568,1.3626]]]}},{"type":"Feature","properties":{"class":"green","area_km2":0.052},"geometry":{"type":"Polygon","coordinates":[[[103.59601,1.36833],[103.59654,1.37012],[103.59911,1.3697],[103.59832,1.36825],[103.59711,1.36821],[103.59601,1.36833]]]}},{"type":"Feature","properties":{"class":"green","area_km2":0.068},"geometry":{"type":"Polygon","coordinates":[[[103.59631,1.35715],[103.59622,1.35862],[103.59901,1.35911],[103.59984,1.3582],[103.59893,1.35668],[103.59708,1.35698],[103.59631,1.35715]]]}},{"type":"Feature","properties":{"class":"green","area_km2":0.096},"geometry":{"type":"Polygon","coordinates":[[[103.59442,1.35954],[103.59321,1.36132],[103.59398,1.36216],[103.59713,1.36213],[103.59748,1.3608],[103.59628,1.36039],[103.59442,1.35954]]]}},{"type":"Feature","properties":{"class":"green","area_km2":0.021},"geometry":{"type":"Polygon","coordinates":[[[104.01001,1.1396],[104.01085,1.14037],[104.01161,1.1397],[104.01077,1.13836],[104.01002,1.13957],[104.01001,1.1396]]]}},{"type":"Feature","properties":{"class":"green","area_km2":0.038},"geometry":{"type":"Polygon","coordinates":[[[103.59604,1.37034],[103.59746,1.37332],[103.59802,1.37336],[103.59853,1.37256],[103.59746,1.3729],[103.59727,1.37213],[103.59849,1.37126],[103.59678,1.37014],[103.59604,1.37034]]]}},{"type":"Feature","properties":{"class":"green","area_km2":0.027},"geometry":{"type":"Polygon","coordinates":[[[103.59742,1.36073],[103.59804,1.35957],[103.59954,1.35956],[103.59846,1.3612],[103.59748,1.3608],[103.59742,1.36073]]]}},{"type":"Feature","properties":{"class":"green","area_km2":0.067},"geometry":{"type":"Polygon","coordinates":[[[104.03958,1.16009],[104.04244,1.16144],[104.04242,1.16277],[104.0394,1.16239],[104.03958,1.16009]]]}},{"type":"Feature","properties":{"class":"water","area_km2":0.033},"geometry":{"type":"Polygon","coordinates":[[[104.04316,1.16147],[104.04488,1.1623],[104.04524,1.1616],[104.04289,1.16023],[104.04316,1.16143],[104.04316,1.16147]]]}},{"type":"Feature","properties":{"class":"water","area_km2":0.205},"geometry":{"type":"Polygon","coordinates":[[[103.96302,1.31466],[103.9603,1.32107],[103.95412,1.32645],[103.95166,1.33012],[103.94966,1.32883],[103.95162,1.33019],[103.94894,1.3342],[103.93916,1.33615],[103.93787,1.33702],[103.93342,1.33663],[103.93776,1.33712],[103.93002,1.34493],[103.92516,1.34826],[103.91962,1.34572],[103.92521,1.34844],[103.93017,1.34503],[103.93867,1.33665],[103.94907,1.33447],[103.95441,1.32659],[103.96012,1.32231],[103.95958,1.32171],[103.95996,1.32137],[103.96134,1.32249],[103.96061,1.32128],[103.96328,1.31478],[103.96302,1.31466]]]}},{"type":"Feature","properties":{"class":"green","area_km2":0.064},"geometry":{"type":"Polygon","coordinates":[[[103.90357,1.41084],[103.90336,1.40841],[103.90249,1.40688],[103.89972,1.40876],[103.89566,1.40928],[103.89598,1.40984],[103.89823,1.40966],[103.90244,1.40803],[103.90342,1.41085],[103.90357,1.41084]]]}},{"type":"Feature","properties":{"class":"water","area_km2":0.033},"geometry":{"type":"Polygon","coordinates":[[[103.69316,1.2756],[103.69459,1.27429],[103.69477,1.27626],[103.69573,1.27665],[103.69376,1.27608],[103.69316,1.2756]]]}},{"type":"Feature","properties":{"class":"water","area_km2":0.051},"geometry":{"type":"Polygon","coordinates":[[[103.72677,1.41927],[103.72711,1.41812],[103.7289,1.41786],[103.72875,1.41736],[103.72931,1.41833],[103.72815,1.41891],[103.72816,1.42173],[103.72729,1.42071],[103.72807,1.41957],[103.72684,1.41997],[103.72676,1.41936],[103.72677,1.41927]]]}},{"type":"Feature","properties":{"class":"green","area_km2":0.031},"geometry":{"type":"Polygon","coordinates":[[[103.59127,1.3357],[103.59208,1.33666],[103.59307,1.33568],[103.59186,1.33446],[103.59134,1.33551],[103.59127,1.3357]]]}},{"type":"Feature","properties":{"class":"green","area_km2":0.111},"geometry":{"type":"Polygon","coordinates":[[[103.62651,1.44813],[103.62574,1.44889],[103.62736,1.4527],[103.63009,1.4503],[103.62924,1.44912],[103.62721,1.44894],[103.62651,1.44813]]]}},{"type":"Feature","properties":{"class":"green","area_km2":0.777},"geometry":{"type":"Polygon","coordinates":[[[103.54994,1.41551],[103.54967,1.41662],[103.54596,1.41719],[103.54516,1.41545],[103.54435,1.41569],[103.54568,1.41931],[103.5464,1.41914],[103.54625,1.41768],[103.54903,1.41723],[103.54899,1.41966],[103.55079,1.41938],[103.55151,1.41818],[103.55393,1.41821],[103.55613,1.41921],[103.55816,1.42131],[103.55917,1.42052],[103.5613,1.41609],[103.55861,1.41487],[103.55607,1.41565],[103.55451,1.41538],[103.55421,1.41222],[103.55183,1.41185],[103.55165,1.41079],[103.54994,1.41551]]]}},{"type":"Feature","properties":{"class":"green","area_km2":0.027},"geometry":{"type":"Polygon","coordinates":[[[103.60029,1.50196],[103.59692,1.4989],[103.59726,1.49856],[103.60085,1.50147],[103.60029,1.50196]]]}},{"type":"Feature","properties":{"class":"green","area_km2":0.023},"geometry":{"type":"Polygon","coordinates":[[[103.66684,1.48711],[103.66731,1.486],[103.66882,1.48669],[103.66829,1.48772],[103.66684,1.48711]]]}},{"type":"Feature","properties":{"class":"green","area_km2":0.053},"geometry":{"type":"Polygon","coordinates":[[[103.67025,1.49237],[103.67174,1.49423],[103.6709,1.49493],[103.6692,1.49483],[103.66919,1.49319],[103.67025,1.49237]]]}},{"type":"Feature","properties":{"class":"green","area_km2":0.032},"geometry":{"type":"Polygon","coordinates":[[[103.65116,1.47487],[103.64975,1.47603],[103.65246,1.47743],[103.65174,1.47607],[103.65116,1.47487]]]}},{"type":"Feature","properties":{"class":"green","area_km2":0.021},"geometry":{"type":"Polygon","coordinates":[[[103.65004,1.47197],[103.65321,1.47064],[103.64977,1.47108],[103.64981,1.47161],[103.65004,1.47197]]]}},{"type":"Feature","properties":{"class":"green","area_km2":0.023},"geometry":{"type":"Polygon","coordinates":[[[103.6464,1.46751],[103.64695,1.46825],[103.64835,1.46739],[103.64821,1.46643],[103.64758,1.46654],[103.6464,1.46751]]]}},{"type":"Feature","properties":{"class":"green","area_km2":0.036},"geometry":{"type":"Polygon","coordinates":[[[104.08048,1.17038],[104.08166,1.17127],[104.0827,1.1696],[104.08162,1.16889],[104.08044,1.17036],[104.08048,1.17038]]]}},{"type":"Feature","properties":{"class":"green","area_km2":0.102},"geometry":{"type":"Polygon","coordinates":[[[103.71511,1.44141],[103.71439,1.44106],[103.71833,1.44265],[103.71944,1.44085],[103.71712,1.43887],[103.7163,1.43885],[103.71618,1.44148],[103.71511,1.44141]]]}},{"type":"Feature","properties":{"class":"green","area_km2":0.027},"geometry":{"type":"Polygon","coordinates":[[[103.71382,1.44164],[103.71419,1.44111],[103.71623,1.4421],[103.71551,1.44334],[103.71382,1.44164]]]}},{"type":"Feature","properties":{"class":"green","area_km2":2.888},"geometry":{"type":"Polygon","coordinates":[[[103.8368,1.44578],[103.83798,1.44677],[103.83918,1.44566],[103.84302,1.44421],[103.84278,1.44138],[103.84512,1.43911],[103.84597,1.43713],[103.8516,1.43936],[103.85608,1.4438],[103.85617,1.4446],[103.85484,1.44832],[103.85328,1.44899],[103.84867,1.44769],[103.84665,1.44808],[103.84765,1.44586],[103.84564,1.44774],[103.84604,1.45041],[103.84576,1.45319],[103.84476,1.45518],[103.84506,1.45618],[103.84569,1.45612],[103.84729,1.45339],[103.84687,1.45197],[103.84757,1.45066],[103.84915,1.45101],[103.85009,1.45217],[103.85191,1.45297],[103.85009,1.45582],[103.84507,1.45852],[103.83345,1.45146],[103.83618,1.44657],[103.8368,1.44578]]]}},{"type":"Feature","properties":{"class":"green","area_km2":0.254},"geometry":{"type":"Polygon","coordinates":[[[103.88621,1.40172],[103.88341,1.40202],[103.88329,1.40361],[103.88435,1.40359],[103.88887,1.40868],[103.89056,1.40773],[103.89315,1.4095],[103.89469,1.41231],[103.89294,1.41346],[103.8932,1.414],[103.89463,1.41305],[103.89473,1.41121],[103.8913,1.40714],[103.88786,1.40513],[103.88624,1.40237],[103.88621,1.40172]]]}},{"type":"Feature","properties":{"class":"green","area_km2":0.129},"geometry":{"type":"Polygon","coordinates":[[[103.71674,1.48856],[103.72086,1.48847],[103.72069,1.49025],[103.72193,1.49061],[103.71921,1.49232],[103.71674,1.48856]]]}},{"type":"Feature","properties":{"class":"water","area_km2":0.024},"geometry":{"type":"Polygon","coordinates":[[[103.73617,1.4814],[103.736,1.47929],[103.73528,1.4784],[103.73617,1.47719],[103.73627,1.48142],[103.73617,1.4814]]]}},{"type":"Feature","properties":{"class":"green","area_km2":0.04},"geometry":{"type":"Polygon","coordinates":[[[103.9478,1.14387],[103.94809,1.14533],[103.9459,1.14482],[103.94589,1.14337],[103.94734,1.14393],[103.9478,1.14387]]]}},{"type":"Feature","properties":{"class":"green","area_km2":0.024},"geometry":{"type":"Polygon","coordinates":[[[104.0755,1.16644],[104.07512,1.16533],[104.07353,1.1659],[104.0738,1.16662],[104.07532,1.16652],[104.0755,1.16644]]]}},{"type":"Feature","properties":{"class":"green","area_km2":0.106},"geometry":{"type":"Polygon","coordinates":[[[104.08961,1.16112],[104.08859,1.16154],[104.08794,1.1606],[104.08792,1.15972],[104.08921,1.1587],[104.09327,1.16137],[104.09111,1.16175],[104.09004,1.16092],[104.08961,1.16112]]]}},{"type":"Feature","properties":{"class":"green","area_km2":0.133},"geometry":{"type":"Polygon","coordinates":[[[104.10007,1.17059],[104.10078,1.17121],[104.09954,1.17161],[104.09904,1.17117],[104.09713,1.17152],[104.09703,1.17068],[104.09575,1.17071],[104.09537,1.17016],[104.09493,1.17064],[104.09348,1.17043],[104.09401,1.16711],[104.09503,1.1679],[104.09485,1.16932],[104.09583,1.16949],[104.09691,1.16826],[104.0973,1.17033],[104.09912,1.16974],[104.09992,1.17058],[104.10007,1.17059]]]}},{"type":"Feature","properties":{"class":"green","area_km2":0.402},"geometry":{"type":"Polygon","coordinates":[[[104.10925,1.1709],[104.10515,1.17771],[104.10444,1.17721],[104.10445,1.17447],[104.10259,1.17432],[104.10121,1.17321],[104.10167,1.17127],[104.10007,1.17059],[104.10083,1.16965],[104.10296,1.17001],[104.10375,1.1705],[104.10383,1.17187],[104.1044,1.17052],[104.10588,1.17126],[104.10871,1.17092],[104.10925,1.1709]]]}},{"type":"Feature","properties":{"class":"green","area_km2":0.045},"geometry":{"type":"Polygon","coordinates":[[[103.79358,1.46122],[103.79338,1.46043],[103.79478,1.45788],[103.79593,1.45912],[103.79506,1.45932],[103.79451,1.46093],[103.79358,1.46122]]]}},{"type":"Feature","properties":{"class":"green","area_km2":0.049},"geometry":{"type":"Polygon","coordinates":[[[104.10567,1.18991],[104.10682,1.19101],[104.10861,1.18958],[104.10741,1.18824],[104.10567,1.18991]]]}},{"type":"Feature","properties":{"class":"water","area_km2":0.025},"geometry":{"type":"Polygon","coordinates":[[[104.12119,1.14062],[104.12144,1.13904],[104.12025,1.13627],[104.11804,1.13367],[104.11807,1.1344],[104.12,1.13635],[104.12118,1.14067],[104.12119,1.14062]]]}},{"type":"Feature","properties":{"class":"green","area_km2":0.054},"geometry":{"type":"Polygon","coordinates":[[[103.89558,1.36201],[103.89601,1.3636],[103.89904,1.36656],[103.90106,1.37161],[103.90243,1.37299],[103.90204,1.37374],[103.90244,1.37302],[103.90441,1.37574],[103.90425,1.37981],[103.90062,1.37932],[103.90436,1.37999],[103.90438,1.3753],[103.90137,1.37131],[103.89947,1.36674],[103.89599,1.36337],[103.89562,1.36204],[103.89558,1.36201]]]}},{"type":"Feature","properties":{"class":"green","area_km2":0.025},"geometry":{"type":"Polygon","coordinates":[[[103.92174,1.39697],[103.91594,1.39097],[103.91983,1.39572],[103.92176,1.39713],[103.92174,1.39697]]]}},{"type":"Feature","properties":{"class":"green","area_km2":0.031},"geometry":{"type":"Polygon","coordinates":[[[103.92169,1.33331],[103.92126,1.33116],[103.92203,1.3302],[103.91966,1.33236],[103.92169,1.33331]]]}},{"type":"Feature","properties":{"class":"green","area_km2":0.065},"geometry":{"type":"Polygon","coordinates":[[[103.92285,1.33322],[103.92245,1.33365],[103.92635,1.33508],[103.9311,1.33515],[103.92939,1.33464],[103.92795,1.33497],[103.9269,1.33423],[103.92515,1.33418],[103.92515,1.33358],[103.92298,1.33344],[103.92285,1.33322]]]}},{"type":"Feature","properties":{"class":"green","area_km2":0.022},"geometry":{"type":"Polygon","coordinates":[[[103.94619,1.32536],[103.9476,1.32605],[103.94716,1.32708],[103.9458,1.32645],[103.94619,1.32536]]]}},{"type":"Feature","properties":{"class":"water","area_km2":0.051},"geometry":{"type":"Polygon","coordinates":[[[103.86277,1.47278],[103.85993,1.47228],[103.86136,1.4733],[103.86354,1.47356],[103.86575,1.47127],[103.86465,1.4712],[103.863,1.4728],[103.86277,1.47278]]]}},{"type":"Feature","properties":{"class":"water","area_km2":0.053},"geometry":{"type":"Polygon","coordinates":[[[103.93881,1.37263],[103.9417,1.37354],[103.94494,1.37811],[103.94747,1.3793],[103.94854,1.38066],[103.94944,1.38257],[103.94913,1.38314],[103.95012,1.38294],[103.94791,1.37929],[103.94514,1.37789],[103.94176,1.37332],[103.939,1.37275],[103.93881,1.37263]]]}},{"type":"Feature","properties":{"class":"water","area_km2":1.231},"geometry":{"type":"Polygon","coordinates":[[[103.77168,1.19698],[103.77354,1.19601],[103.77324,1.19524],[103.77376,1.19589],[103.77425,1.19562],[103.77319,1.19392],[103.77464,1.19532],[103.77463,1.19352],[103.7731,1.19188],[103.77275,1.19247],[103.77301,1.19174],[103.77176,1.19075],[103.76849,1.18951],[103.76534,1.19063],[103.76025,1.19634],[103.7606,1.19756],[103.76484,1.2017],[103.76788,1.19891],[103.76696,1.19713],[103.76744,1.19698],[103.76805,1.1988],[103.76979,1.19805],[103.76896,1.19603],[103.77076,1.1949],[103.76924,1.19609],[103.76995,1.1976],[103.77133,1.19711],[103.77082,1.19597],[103.77161,1.19698],[103.77168,1.19698]]]}},{"type":"Feature","properties":{"class":"water","area_km2":0.028},"geometry":{"type":"Polygon","coordinates":[[[103.77876,1.20584],[103.77875,1.20871],[103.7779,1.20871],[103.77798,1.20619],[103.77876,1.20584]]]}},{"type":"Feature","properties":{"class":"water","area_km2":0.023},"geometry":{"type":"Polygon","coordinates":[[[103.77784,1.20632],[103.77783,1.20874],[103.777,1.20871],[103.77702,1.20654],[103.77784,1.20632]]]}},{"type":"Feature","properties":{"class":"water","area_km2":0.02},"geometry":{"type":"Polygon","coordinates":[[[103.77611,1.20689],[103.77608,1.20874],[103.77691,1.20873],[103.77693,1.20658],[103.77611,1.20689]]]}},{"type":"Feature","properties":{"class":"green","area_km2":0.357},"geometry":{"type":"Polygon","coordinates":[[[103.92602,1.39172],[103.93247,1.39834],[103.93017,1.39944],[103.92469,1.39739],[103.92651,1.39585],[103.92399,1.39362],[103.92519,1.39254],[103.92602,1.39172]]]}},{"type":"Feature","properties":{"class":"green","area_km2":0.038},"geometry":{"type":"Polygon","coordinates":[[[103.82612,1.24603],[103.82521,1.24722],[103.82647,1.24827],[103.82518,1.24739],[103.82544,1.24661],[103.83152,1.24063],[103.8264,1.24589],[103.82612,1.24603]]]}},{"type":"Feature","properties":{"class":"green","area_km2":0.044},"geometry":{"type":"Polygon","coordinates":[[[103.9041,1.3806],[103.90463,1.38375],[103.90594,1.38511],[103.90775,1.38574],[103.90744,1.38626],[103.90423,1.38398],[103.90356,1.38202],[103.90405,1.3806],[103.9041,1.3806]]]}},{"type":"Feature","properties":{"class":"green","area_km2":0.032},"geometry":{"type":"Polygon","coordinates":[[[103.88742,1.40139],[103.88864,1.40378],[103.89338,1.40712],[103.88843,1.40396],[103.88745,1.40165],[103.88742,1.40139]]]}},{"type":"Feature","properties":{"class":"green","area_km2":0.135},"geometry":{"type":"Polygon","coordinates":[[[104.08727,1.15508],[104.09392,1.15939],[104.09429,1.1567],[104.09203,1.15673],[104.08945,1.15512],[104.08805,1.15497],[104.08727,1.15508]]]}},{"type":"Feature","properties":{"class":"water","area_km2":0.02},"geometry":{"type":"Polygon","coordinates":[[[103.64513,1.42533],[103.6447,1.42345],[103.64621,1.42462],[103.64545,1.42518],[103.64513,1.42533]]]}},{"type":"Feature","properties":{"class":"water","area_km2":0.039},"geometry":{"type":"Polygon","coordinates":[[[103.5956,1.47712],[103.59963,1.47573],[103.59829,1.47458],[103.59647,1.47576],[103.59676,1.47607],[103.5956,1.47712]]]}},{"type":"Feature","properties":{"class":"green","area_km2":0.108},"geometry":{"type":"Polygon","coordinates":[[[104.04549,1.1441],[104.04783,1.14415],[104.04786,1.14089],[104.04373,1.14091],[104.04377,1.14209],[104.04615,1.14222],[104.0461,1.14373],[104.04544,1.14375],[104.04549,1.1441]]]}},{"type":"Feature","properties":{"class":"water","area_km2":0.025},"geometry":{"type":"Polygon","coordinates":[[[104.03287,1.17242],[104.03196,1.17204],[104.03646,1.17637],[104.03679,1.17607],[104.03314,1.17274],[104.03287,1.17242]]]}},{"type":"Feature","properties":{"class":"green","area_km2":0.168},"geometry":{"type":"Polygon","coordinates":[[[104.02653,1.18542],[104.02339,1.18513],[104.02292,1.18743],[104.02211,1.18764],[104.0221,1.18835],[104.02418,1.18871],[104.02503,1.19069],[104.02621,1.18844],[104.02626,1.18577],[104.02653,1.18542]]]}},{"type":"Feature","properties":{"class":"water","area_km2":0.039},"geometry":{"type":"Polygon","coordinates":[[[103.72373,1.2692],[103.72451,1.26895],[103.72088,1.26944],[103.71456,1.27308],[103.71319,1.27687],[103.71475,1.27325],[103.72263,1.26907],[103.72373,1.2692]]]}},{"type":"Feature","properties":{"class":"water","area_km2":0.051},"geometry":{"type":"Polygon","coordinates":[[[104.04948,1.1661],[104.04872,1.16614],[104.04846,1.16481],[104.04716,1.16339],[104.04063,1.16275],[104.0471,1.16316],[104.04735,1.1626],[104.04939,1.16562],[104.04948,1.1661]]]}},{"type":"Feature","properties":{"class":"green","area_km2":0.031},"geometry":{"type":"Polygon","coordinates":[[[103.95072,1.3149],[103.9515,1.3128],[103.95015,1.31296],[103.94983,1.31456],[103.95072,1.3149]]]}},{"type":"Feature","properties":{"class":"water","area_km2":0.03},"geometry":{"type":"Polygon","coordinates":[[[103.88498,1.15052],[103.88661,1.15026],[103.88862,1.15144],[103.88977,1.15136],[103.88574,1.1497],[103.88535,1.14774],[103.88491,1.15062],[103.88498,1.15052]]]}},{"type":"Feature","properties":{"class":"water","area_km2":0.023},"geometry":{"type":"Polygon","coordinates":[[[103.88502,1.1527],[103.88539,1.15323],[103.88547,1.15198],[103.88671,1.15197],[103.88556,1.151],[103.88418,1.15183],[103.88488,1.1527],[103.88502,1.1527]]]}},{"type":"Feature","properties":{"class":"water","area_km2":0.044},"geometry":{"type":"Polygon","coordinates":[[[103.87852,1.14676],[103.87653,1.14543],[103.87782,1.14285],[103.87824,1.14306],[103.87761,1.14453],[103.87929,1.14634],[103.8787,1.14659],[103.87852,1.14676]]]}},{"type":"Feature","properties":{"class":"water","area_km2":0.055},"geometry":{"type":"Polygon","coordinates":[[[103.92609,1.13877],[103.9254,1.13739],[103.92767,1.13584],[103.92746,1.1384],[103.9265,1.13883],[103.92609,1.13877]]]}},{"type":"Feature","properties":{"class":"water","area_km2":0.034},"geometry":{"type":"Polygon","coordinates":[[[104.03855,1.17323],[104.03797,1.17697],[104.0386,1.17707],[104.03863,1.1662],[104.03861,1.17314],[104.03855,1.17323]]]}},{"type":"Feature","properties":{"class":"green","area_km2":0.187},"geometry":{"type":"Polygon","coordinates":[[[103.89403,1.12687],[103.89303,1.13058],[103.88959,1.12716],[103.8894,1.12612],[103.89243,1.12494],[103.89394,1.12676],[103.89403,1.12687]]]}},{"type":"Feature","properties":{"class":"green","area_km2":0.113},"geometry":{"type":"Polygon","coordinates":[[[104.09982,1.14057],[104.09962,1.13827],[104.10084,1.13807],[104.10191,1.13908],[104.10227,1.13827],[104.10422,1.13944],[104.10439,1.14135],[104.10058,1.14061],[104.09982,1.14057]]]}},{"type":"Feature","properties":{"class":"water","area_km2":0.03},"geometry":{"type":"Polygon","coordinates":[[[104.08483,1.12821],[104.08641,1.12748],[104.08708,1.12819],[104.0873,1.13041],[104.08571,1.13095],[104.08621,1.13217],[104.08596,1.13074],[104.08744,1.13051],[104.08722,1.12891],[104.0878,1.12839],[104.08633,1.12729],[104.0841,1.12785],[104.08449,1.128],[104.08483,1.12821]]]}},{"type":"Feature","properties":{"class":"green","area_km2":0.329},"geometry":{"type":"Polygon","coordinates":[[[103.90303,1.46427],[103.89884,1.46627],[103.8966,1.46095],[103.90094,1.45941],[103.90306,1.46412],[103.90303,1.46427]]]}},{"type":"Feature","properties":{"class":"green","area_km2":0.105},"geometry":{"type":"Polygon","coordinates":[[[103.90368,1.46668],[103.90159,1.46243],[103.90284,1.46192],[103.90337,1.46309],[103.90435,1.46296],[103.90552,1.46503],[103.90368,1.46668]]]}},{"type":"Feature","properties":{"class":"green","area_km2":0.027},"geometry":{"type":"Polygon","coordinates":[[[103.97213,1.38619],[103.97103,1.38739],[103.97003,1.38662],[103.97032,1.38579],[103.97132,1.38545],[103.9721,1.38616],[103.97213,1.38619]]]}},{"type":"Feature","properties":{"class":"green","area_km2":0.05},"geometry":{"type":"Polygon","coordinates":[[[103.6727,1.3074],[103.67285,1.30459],[103.67169,1.30446],[103.67103,1.3072],[103.6727,1.3074]]]}},{"type":"Feature","properties":{"class":"green","area_km2":0.074},"geometry":{"type":"Polygon","coordinates":[[[103.83642,1.25571],[103.83966,1.25729],[103.84038,1.25607],[103.83661,1.2542],[103.83624,1.25507],[103.83642,1.25571]]]}},{"type":"Feature","properties":{"class":"green","area_km2":0.056},"geometry":{"type":"Polygon","coordinates":[[[103.82417,1.41041],[103.82472,1.40837],[103.82656,1.4087],[103.82565,1.40914],[103.82641,1.40906],[103.82618,1.40968],[103.8273,1.40998],[103.82633,1.40985],[103.82542,1.41072],[103.82416,1.41044],[103.82417,1.41041]]]}},{"type":"Feature","properties":{"class":"green","area_km2":0.097},"geometry":{"type":"Polygon","coordinates":[[[103.82348,1.41159],[103.82396,1.41079],[103.82572,1.41096],[103.82792,1.40968],[103.82814,1.4092],[103.82752,1.40979],[103.82698,1.40855],[103.82796,1.40763],[103.8266,1.40499],[103.82729,1.40383],[103.82894,1.40988],[103.82391,1.41203],[103.82327,1.41292],[103.82301,1.41202],[103.82348,1.41166],[103.82348,1.41159]]]}},{"type":"Feature","properties":{"class":"green","area_km2":0.092},"geometry":{"type":"Polygon","coordinates":[[[103.8249,1.40729],[103.82231,1.41011],[103.82236,1.40891],[103.82444,1.40669],[103.82067,1.40711],[103.8229,1.4116],[103.82299,1.40963],[103.82509,1.40745],[103.8249,1.40729]]]}},{"type":"Feature","properties":{"class":"green","area_km2":0.05},"geometry":{"type":"Polygon","coordinates":[[[103.90694,1.41299],[103.90639,1.4119],[103.90891,1.41064],[103.90898,1.41211],[103.90799,1.41243],[103.90813,1.41385],[103.90714,1.41332],[103.90694,1.41299]]]}},{"type":"Feature","properties":{"class":"green","area_km2":0.131},"geometry":{"type":"Polygon","coordinates":[[[103.96554,1.31481],[103.97037,1.31608],[103.97516,1.31626],[103.97611,1.31707],[103.97035,1.31673],[103.96436,1.31517],[103.96374,1.31678],[103.96278,1.31639],[103.96389,1.31412],[103.96539,1.31476],[103.96554,1.31481]]]}},{"type":"Feature","properties":{"class":"green","area_km2":0.131},"geometry":{"type":"Polygon","coordinates":[[[103.97611,1.31707],[103.97516,1.31626],[103.97037,1.31608],[103.96389,1.31412],[103.96278,1.31639],[103.96374,1.31678],[103.96436,1.31517],[103.97148,1.31681],[103.97611,1.31707]]]}},{"type":"Feature","properties":{"class":"green","area_km2":0.028},"geometry":{"type":"Polygon","coordinates":[[[103.71269,1.34722],[103.71445,1.34824],[103.71318,1.34997],[103.71546,1.34725],[103.71475,1.34707],[103.71424,1.34774],[103.71294,1.34683],[103.71269,1.34722]]]}},{"type":"Feature","properties":{"class":"water","area_km2":0.103},"geometry":{"type":"Polygon","coordinates":[[[103.97607,1.31636],[103.97662,1.31636],[103.97459,1.34826],[103.97614,1.31659],[103.97607,1.31636]]]}},{"type":"Feature","properties":{"class":"green","area_km2":0.258},"geometry":{"type":"Polygon","coordinates":[[[103.8863,1.4232],[103.88351,1.41902],[103.87978,1.42132],[103.88243,1.42509],[103.88466,1.42411],[103.8863,1.4232]]]}},{"type":"Feature","properties":{"class":"green","area_km2":0.024},"geometry":{"type":"Polygon","coordinates":[[[103.93455,1.31099],[103.93503,1.30921],[103.93798,1.31006],[103.93463,1.31084],[103.93455,1.31099]]]}},{"type":"Feature","properties":{"class":"green","area_km2":1.087},"geometry":{"type":"Polygon","coordinates":[[[104.10963,1.17066],[104.10656,1.17011],[104.10627,1.16876],[104.10547,1.1698],[104.10242,1.16865],[104.10265,1.16718],[104.10378,1.16695],[104.10252,1.16638],[104.10246,1.16431],[104.101,1.16442],[104.10225,1.16666],[104.10101,1.16836],[104.10015,1.16818],[104.09954,1.16701],[104.09755,1.16737],[104.09556,1.16598],[104.09772,1.16204],[104.10048,1.16266],[104.10375,1.16091],[104.10638,1.16067],[104.10724,1.16153],[104.10811,1.16566],[104.11239,1.16686],[104.11091,1.1683],[104.10963,1.17066]]]}},{"type":"Feature","properties":{"class":"green","area_km2":0.11},"geometry":{"type":"Polygon","coordinates":[[[104.08594,1.17645],[104.08609,1.17445],[104.08682,1.17517],[104.08748,1.17476],[104.08859,1.17586],[104.09015,1.17557],[104.09006,1.1763],[104.09212,1.17862],[104.08983,1.17825],[104.08741,1.17545],[104.08615,1.17668],[104.08594,1.17645]]]}},{"type":"Feature","properties":{"class":"green","area_km2":0.021},"geometry":{"type":"Polygon","coordinates":[[[103.77622,1.29145],[103.77624,1.29202],[103.77542,1.29223],[103.77552,1.29309],[103.77478,1.29336],[103.77385,1.29173],[103.77615,1.29147],[103.77622,1.29145]]]}},{"type":"Feature","properties":{"class":"water","area_km2":0.056},"geometry":{"type":"Polygon","coordinates":[[[103.93339,1.49159],[103.93377,1.49256],[103.93702,1.49206],[103.93745,1.49137],[103.93383,1.49092],[103.93339,1.49135],[103.93339,1.49159]]]}},{"type":"Feature","properties":{"class":"green","area_km2":0.13},"geometry":{"type":"Polygon","coordinates":[[[103.93866,1.49233],[103.93867,1.49071],[103.93294,1.49066],[103.93315,1.49279],[103.93535,1.49233],[103.93866,1.49233]]]}},{"type":"Feature","properties":{"class":"green","area_km2":0.084},"geometry":{"type":"Polygon","coordinates":[[[103.92999,1.49273],[103.92918,1.49244],[103.92943,1.49058],[103.93258,1.49058],[103.93219,1.49268],[103.92999,1.49273]]]}},{"type":"Feature","properties":{"class":"water","area_km2":0.044},"geometry":{"type":"Polygon","coordinates":[[[104.08302,1.17182],[104.08346,1.17418],[104.08431,1.17437],[104.0847,1.17332],[104.08558,1.17303],[104.0856,1.17206],[104.08514,1.17262],[104.08411,1.17236],[104.08273,1.17071],[104.08289,1.17172],[104.08302,1.17182]]]}},{"type":"Feature","properties":{"class":"green","area_km2":0.028},"geometry":{"type":"Polygon","coordinates":[[[103.60855,1.47322],[103.60966,1.47267],[103.6102,1.47338],[103.60975,1.47427],[103.61222,1.47449],[103.60844,1.47117],[103.60855,1.47322]]]}},{"type":"Feature","properties":{"class":"green","area_km2":0.088},"geometry":{"type":"Polygon","coordinates":[[[103.60365,1.47538],[103.60522,1.47699],[103.60882,1.47845],[103.6082,1.47714],[103.60623,1.47554],[103.60432,1.47514],[103.60365,1.47538]]]}},{"type":"Feature","properties":{"class":"green","area_km2":0.028},"geometry":{"type":"Polygon","coordinates":[[[103.60847,1.47461],[103.60873,1.47632],[103.60666,1.47471],[103.60847,1.47461]]]}},{"type":"Feature","properties":{"class":"green","area_km2":0.144},"geometry":{"type":"Polygon","coordinates":[[[103.61435,1.47454],[103.61142,1.47401],[103.60859,1.47042],[103.61002,1.47049],[103.61073,1.46991],[103.61019,1.4714],[103.61061,1.47192],[103.61313,1.47155],[103.61446,1.473],[103.61435,1.47454]]]}},{"type":"Feature","properties":{"class":"green","area_km2":0.028},"geometry":{"type":"Polygon","coordinates":[[[103.92489,1.32938],[103.92513,1.33043],[103.92366,1.32972],[103.92276,1.33012],[103.92373,1.33076],[103.92237,1.33034],[103.92168,1.33091],[103.92332,1.33158],[103.9213,1.33115],[103.92259,1.3299],[103.92478,1.32937],[103.92489,1.32938]]]}},{"type":"Feature","properties":{"class":"green","area_km2":0.034},"geometry":{"type":"Polygon","coordinates":[[[103.60996,1.47862],[103.60943,1.47853],[103.60956,1.4773],[103.61091,1.47565],[103.61247,1.47503],[103.61452,1.47519],[103.61078,1.47619],[103.6099,1.47804],[103.60996,1.47862]]]}},{"type":"Feature","properties":{"class":"green","area_km2":0.035},"geometry":{"type":"Polygon","coordinates":[[[103.87655,1.3374],[103.87592,1.3367],[103.87636,1.33527],[103.87799,1.33547],[103.87687,1.33733],[103.87655,1.3374]]]}},{"type":"Feature","properties":{"class":"green","area_km2":0.021},"geometry":{"type":"Polygon","coordinates":[[[103.95189,1.31366],[103.95148,1.31342],[103.9511,1.3152],[103.95181,1.31546],[103.9522,1.31413],[103.95189,1.31366]]]}},{"type":"Feature","properties":{"class":"green","area_km2":0.052},"geometry":{"type":"Polygon","coordinates":[[[103.94444,1.36074],[103.94239,1.36071],[103.9425,1.3616],[103.94544,1.36382],[103.94444,1.36074]]]}},{"type":"Feature","properties":{"class":"green","area_km2":0.067},"geometry":{"type":"Polygon","coordinates":[[[103.84437,1.37462],[103.84415,1.37599],[103.84114,1.37541],[103.84161,1.37245],[103.84289,1.37277],[103.842,1.37441],[103.84233,1.37499],[103.84289,1.37459],[103.84437,1.37462]]]}},{"type":"Feature","properties":{"class":"green","area_km2":0.027},"geometry":{"type":"Polygon","coordinates":[[[103.79084,1.30029],[103.78994,1.2999],[103.79063,1.29838],[103.79175,1.29971],[103.79132,1.29999],[103.79084,1.30029]]]}},{"type":"Feature","properties":{"class":"green","area_km2":0.047},"geometry":{"type":"Polygon","coordinates":[[[103.56514,1.49494],[103.56833,1.49526],[103.56859,1.49405],[103.5671,1.49358],[103.56543,1.49447],[103.56514,1.49494]]]}},{"type":"Feature","properties":{"class":"green","area_km2":0.608},"geometry":{"type":"Polygon","coordinates":[[[103.81908,1.39477],[103.82534,1.39325],[103.83178,1.39413],[103.82865,1.39804],[103.82726,1.40236],[103.82448,1.40192],[103.8244,1.401],[103.82512,1.40103],[103.82638,1.39805],[103.82489,1.39766],[103.82498,1.39686],[103.82412,1.39681],[103.82462,1.39772],[103.82385,1.39762],[103.8239,1.39695],[103.82299,1.39712],[103.82306,1.39649],[103.8192,1.39528],[103.81885,1.39569],[103.81896,1.39511],[103.81908,1.39477]]]}},{"type":"Feature","properties":{"class":"green","area_km2":0.263},"geometry":{"type":"Polygon","coordinates":[[[103.83199,1.39612],[103.8336,1.39936],[103.83284,1.40117],[103.82989,1.40126],[103.83057,1.40489],[103.83184,1.40579],[103.8299,1.40448],[103.82961,1.40293],[103.82793,1.40244],[103.82909,1.39893],[103.83141,1.39645],[103.83199,1.39612]]]}},{"type":"Feature","properties":{"class":"green","area_km2":0.023},"geometry":{"type":"Polygon","coordinates":[[[103.83829,1.39242],[103.8352,1.39415],[103.83649,1.39467],[103.8376,1.3928],[103.83829,1.39242]]]}},{"type":"Feature","properties":{"class":"green","area_km2":0.097},"geometry":{"type":"Polygon","coordinates":[[[103.8338,1.39909],[103.83421,1.40025],[103.83525,1.40068],[103.83466,1.40186],[103.83363,1.40204],[103.83365,1.40373],[103.8364,1.40595],[103.83553,1.40659],[103.83194,1.40583],[103.83394,1.40589],[103.83305,1.40181],[103.83371,1.39963],[103.8338,1.39909]]]}},{"type":"Feature","properties":{"class":"green","area_km2":0.022},"geometry":{"type":"Polygon","coordinates":[[[103.86285,1.42244],[103.8637,1.42207],[103.86367,1.42145],[103.86204,1.41951],[103.86304,1.42225],[103.86285,1.42244]]]}},{"type":"Feature","properties":{"class":"green","area_km2":0.047},"geometry":{"type":"Polygon","coordinates":[[[103.75135,1.36643],[103.75066,1.36758],[103.75394,1.36799],[103.75406,1.36681],[103.75294,1.36675],[103.75135,1.36643]]]}},{"type":"Feature","properties":{"class":"green","area_km2":0.068},"geometry":{"type":"Polygon","coordinates":[[[103.86838,1.34247],[103.86727,1.33944],[103.86855,1.34041],[103.8706,1.33957],[103.8703,1.34241],[103.86845,1.34256],[103.86941,1.34215],[103.86941,1.34102],[103.86838,1.34107],[103.86878,1.34215],[103.86838,1.34247]]]}},{"type":"Feature","properties":{"class":"green","area_km2":0.092},"geometry":{"type":"Polygon","coordinates":[[[103.86645,1.33954],[103.86601,1.33913],[103.86386,1.34159],[103.86204,1.34035],[103.86108,1.34296],[103.86329,1.34178],[103.8647,1.34416],[103.86553,1.34396],[103.86469,1.34294],[103.86557,1.34206],[103.86525,1.34042],[103.86632,1.33957],[103.86645,1.33954]]]}},{"type":"Feature","properties":{"class":"green","area_km2":0.052},"geometry":{"type":"Polygon","coordinates":[[[103.81874,1.25521],[103.81746,1.25641],[103.81611,1.25621],[103.81566,1.25793],[103.81449,1.2581],[103.81418,1.25874],[103.81135,1.25793],[103.8124,1.25831],[103.81213,1.25904],[103.8147,1.25876],[103.81614,1.25814],[103.81681,1.25694],[103.81828,1.25663],[103.81859,1.25555],[103.81874,1.25521]]]}},{"type":"Feature","properties":{"class":"green","area_km2":0.023},"geometry":{"type":"Polygon","coordinates":[[[103.81221,1.25774],[103.81167,1.2575],[103.81183,1.25679],[103.81413,1.2547],[103.81382,1.25587],[103.81229,1.25731],[103.81221,1.25774]]]}},{"type":"Feature","properties":{"class":"green","area_km2":0.533},"geometry":{"type":"Polygon","coordinates":[[[103.75534,1.35277],[103.75486,1.35455],[103.75318,1.35565],[103.75332,1.35716],[103.75433,1.35829],[103.75283,1.35984],[103.75321,1.36027],[103.75191,1.36055],[103.75174,1.36195],[103.75281,1.36198],[103.75361,1.36677],[103.75418,1.36644],[103.75453,1.36343],[103.75537,1.36365],[103.75503,1.36247],[103.75737,1.36086],[103.75703,1.35785],[103.75891,1.35663],[103.7584,1.35539],[103.75875,1.3535],[103.75782,1.35413],[103.75635,1.35355],[103.75534,1.35277]]]}},{"type":"Feature","properties":{"class":"green","area_km2":0.044},"geometry":{"type":"Polygon","coordinates":[[[103.83512,1.21553],[103.83632,1.21465],[103.83443,1.21237],[103.83346,1.21351],[103.83501,1.21556],[103.83512,1.21553]]]}},{"type":"Feature","properties":{"class":"green","area_km2":0.025},"geometry":{"type":"Polygon","coordinates":[[[103.74778,1.3498],[103.74792,1.34925],[103.74696,1.34912],[103.74557,1.34708],[103.74482,1.348],[103.74613,1.34825],[103.74583,1.34874],[103.74704,1.3498],[103.74778,1.3498]]]}},{"type":"Feature","properties":{"class":"green","area_km2":0.029},"geometry":{"type":"Polygon","coordinates":[[[104.10345,1.43213],[104.10417,1.43228],[104.10495,1.43133],[104.10419,1.43064],[104.10414,1.42943],[104.10353,1.42994],[104.10345,1.43213]]]}},{"type":"Feature","properties":{"class":"green","area_km2":0.026},"geometry":{"type":"Polygon","coordinates":[[[103.83276,1.21493],[103.83357,1.21629],[103.83237,1.21702],[103.83178,1.21557],[103.83274,1.21513],[103.83276,1.21493]]]}},{"type":"Feature","properties":{"class":"water","area_km2":0.048},"geometry":{"type":"Polygon","coordinates":[[[104.07736,1.47107],[104.07772,1.47069],[104.07866,1.47295],[104.08006,1.47312],[104.08057,1.47252],[104.07943,1.4705],[104.07994,1.46962],[104.08113,1.46943],[104.08168,1.47184],[104.08223,1.47132],[104.08492,1.47196],[104.08424,1.47163],[104.08338,1.47263],[104.08261,1.47157],[104.08163,1.47202],[104.08059,1.46966],[104.07965,1.47054],[104.08114,1.47255],[104.07898,1.47356],[104.07743,1.47119],[104.07736,1.47107]]]}},{"type":"Feature","properties":{"class":"water","area_km2":0.074},"geometry":{"type":"Polygon","coordinates":[[[103.75216,1.32275],[103.75607,1.32496],[103.75949,1.32342],[103.76308,1.32441],[103.76719,1.32291],[103.77157,1.3186],[103.77305,1.31883],[103.7717,1.31822],[103.76712,1.32274],[103.76298,1.32418],[103.75947,1.32318],[103.75591,1.32468],[103.75219,1.32225],[103.75216,1.32275]]]}},{"type":"Feature","properties":{"class":"water","area_km2":0.023},"geometry":{"type":"Polygon","coordinates":[[[103.97374,1.3866],[103.97474,1.38594],[103.97835,1.37885],[103.97441,1.38598],[103.97374,1.3866]]]}},{"type":"Feature","properties":{"class":"green","area_km2":0.026},"geometry":{"type":"Polygon","coordinates":[[[104.04626,1.13959],[104.04361,1.13712],[104.04379,1.13657],[104.04661,1.13907],[104.04626,1.13959]]]}},{"type":"Feature","properties":{"class":"green","area_km2":0.094},"geometry":{"type":"Polygon","coordinates":[[[103.80889,1.31395],[103.80963,1.31601],[103.81236,1.31279],[103.81279,1.31047],[103.81015,1.31271],[103.80889,1.31395]]]}},{"type":"Feature","properties":{"class":"green","area_km2":0.069},"geometry":{"type":"Polygon","coordinates":[[[103.91568,1.34248],[103.91534,1.34172],[103.91392,1.34249],[103.91347,1.34179],[103.91153,1.34332],[103.9129,1.34456],[103.91568,1.34248]]]}},{"type":"Feature","properties":{"class":"green","area_km2":0.029},"geometry":{"type":"Polygon","coordinates":[[[103.80818,1.41243],[103.80967,1.41243],[103.80967,1.41121],[103.80945,1.41073],[103.80818,1.41117],[103.80818,1.41243]]]}},{"type":"Feature","properties":{"class":"green","area_km2":0.087},"geometry":{"type":"Polygon","coordinates":[[[103.66595,1.34296],[103.66789,1.34222],[103.66666,1.33902],[103.66473,1.33976],[103.66595,1.34296]]]}},{"type":"Feature","properties":{"class":"green","area_km2":0.085},"geometry":{"type":"Polygon","coordinates":[[[104.09789,1.144],[104.10201,1.14523],[104.10418,1.14697],[104.10546,1.14648],[104.10377,1.14463],[104.09979,1.14408],[104.09789,1.144]]]}},{"type":"Feature","properties":{"class":"green","area_km2":0.037},"geometry":{"type":"Polygon","coordinates":[[[104.1111,1.14811],[104.11361,1.14782],[104.11389,1.14721],[104.11265,1.14615],[104.1111,1.14811]]]}},{"type":"Feature","properties":{"class":"green","area_km2":0.087},"geometry":{"type":"Polygon","coordinates":[[[104.11256,1.14381],[104.11372,1.14308],[104.11443,1.14435],[104.11554,1.14397],[104.11696,1.14503],[104.11556,1.14537],[104.11675,1.14633],[104.11668,1.14698],[104.1144,1.14597],[104.11447,1.14512],[104.11319,1.14535],[104.11256,1.14381]]]}},{"type":"Feature","properties":{"class":"green","area_km2":0.139},"geometry":{"type":"Polygon","coordinates":[[[104.06905,1.17071],[104.06956,1.17055],[104.06958,1.16861],[104.07219,1.16456],[104.07253,1.16219],[104.07307,1.16201],[104.07154,1.16131],[104.07086,1.16172],[104.07131,1.16413],[104.06986,1.16541],[104.0689,1.16869],[104.06905,1.17071]]]}},{"type":"Feature","properties":{"class":"green","area_km2":0.138},"geometry":{"type":"Polygon","coordinates":[[[103.73007,1.33757],[103.72983,1.33921],[103.73105,1.33774],[103.73321,1.33657],[103.73183,1.33854],[103.73191,1.33936],[103.73055,1.34067],[103.72876,1.34025],[103.72773,1.33833],[103.72837,1.33723],[103.72993,1.33746],[103.73007,1.33757]]]}},{"type":"Feature","properties":{"class":"green","area_km2":0.058},"geometry":{"type":"Polygon","coordinates":[[[103.86575,1.47127],[103.86622,1.47259],[103.86533,1.47312],[103.86483,1.47265],[103.86393,1.47364],[103.86401,1.47446],[103.86488,1.47482],[103.86365,1.47682],[103.86329,1.47394],[103.86258,1.47356],[103.86391,1.47348],[103.86537,1.47152],[103.86575,1.47127]]]}},{"type":"Feature","properties":{"class":"green","area_km2":0.044},"geometry":{"type":"Polygon","coordinates":[[[103.8684,1.46736],[103.86914,1.46825],[103.86845,1.46812],[103.869,1.46895],[103.86878,1.46967],[103.86788,1.46964],[103.86787,1.47041],[103.86728,1.47002],[103.86754,1.46956],[103.86691,1.46955],[103.86802,1.46744],[103.8684,1.46736]]]}},{"type":"Feature","properties":{"class":"green","area_km2":0.183},"geometry":{"type":"Polygon","coordinates":[[[103.80366,1.41539],[103.80363,1.41343],[103.805,1.41304],[103.80361,1.41188],[103.80393,1.41054],[103.80519,1.41048],[103.80621,1.40955],[103.80731,1.40667],[103.80817,1.40571],[103.80875,1.40588],[103.80628,1.41246],[103.80549,1.41245],[103.80455,1.41484],[103.80366,1.41539]]]}},{"type":"Feature","properties":{"class":"green","area_km2":0.061},"geometry":{"type":"Polygon","coordinates":[[[103.71682,1.35765],[103.7126,1.35944],[103.70967,1.36224],[103.70875,1.3646],[103.709,1.36257],[103.71332,1.35836],[103.71415,1.35765],[103.71719,1.35732],[103.71682,1.35765]]]}},{"type":"Feature","properties":{"class":"green","area_km2":0.034},"geometry":{"type":"Polygon","coordinates":[[[103.69396,1.35649],[103.69496,1.35686],[103.69719,1.35508],[103.69631,1.35556],[103.6959,1.35507],[103.69478,1.35602],[103.69404,1.35481],[103.69367,1.35635],[103.69396,1.35649]]]}},{"type":"Feature","properties":{"class":"green","area_km2":0.031},"geometry":{"type":"Polygon","coordinates":[[[103.65108,1.42206],[103.65114,1.42321],[103.65248,1.42322],[103.65241,1.42192],[103.65131,1.42185],[103.65108,1.42206]]]}},{"type":"Feature","properties":{"class":"green","area_km2":0.106},"geometry":{"type":"Polygon","coordinates":[[[103.69126,1.36459],[103.69173,1.36364],[103.69112,1.36233],[103.68697,1.36329],[103.68576,1.36474],[103.68739,1.36341],[103.68784,1.36428],[103.68853,1.36397],[103.68882,1.36527],[103.69109,1.36429],[103.69126,1.36459]]]}},{"type":"Feature","properties":{"class":"green","area_km2":0.112},"geometry":{"type":"Polygon","coordinates":[[[103.78923,1.45145],[103.78901,1.45023],[103.7882,1.4503],[103.78833,1.44915],[103.78907,1.44934],[103.78941,1.4513],[103.7901,1.45173],[103.79137,1.44857],[103.79015,1.44801],[103.79013,1.44647],[103.78951,1.44628],[103.78917,1.44903],[103.78842,1.4488],[103.78716,1.451],[103.78854,1.45127],[103.78923,1.45145]]]}},{"type":"Feature","properties":{"class":"water","area_km2":0.055},"geometry":{"type":"Polygon","coordinates":[[[104.05409,1.15655],[104.05357,1.15578],[104.05402,1.1555],[104.05623,1.15545],[104.0563,1.15606],[104.05569,1.15582],[104.05374,1.1572],[104.05346,1.15918],[104.05267,1.15922],[104.05302,1.15685],[104.05206,1.15914],[104.053,1.15635],[104.05398,1.15666],[104.05409,1.15655]]]}},{"type":"Feature","properties":{"class":"green","area_km2":0.028},"geometry":{"type":"Polygon","coordinates":[[[103.61774,1.44672],[103.62037,1.44697],[103.62034,1.44642],[103.61937,1.44651],[103.61978,1.44504],[103.61766,1.4465],[103.61774,1.44672]]]}},{"type":"Feature","properties":{"class":"green","area_km2":0.038},"geometry":{"type":"Polygon","coordinates":[[[103.62067,1.44557],[103.62011,1.44493],[103.62116,1.44402],[103.62227,1.44433],[103.62278,1.44547],[103.62143,1.44553],[103.62067,1.44557]]]}},{"type":"Feature","properties":{"class":"green","area_km2":0.145},"geometry":{"type":"Polygon","coordinates":[[[103.65239,1.46429],[103.65184,1.46073],[103.64871,1.46149],[103.64786,1.4626],[103.64779,1.46336],[103.65171,1.46455],[103.65239,1.46429]]]}},{"type":"Feature","properties":{"class":"green","area_km2":0.05},"geometry":{"type":"Polygon","coordinates":[[[103.62768,1.39578],[103.63116,1.39584],[103.63007,1.39425],[103.62946,1.39395],[103.62922,1.39477],[103.62768,1.39578]]]}},{"type":"Feature","properties":{"class":"water","area_km2":0.027},"geometry":{"type":"Polygon","coordinates":[[[103.62223,1.39242],[103.62332,1.39125],[103.62406,1.39189],[103.62346,1.39328],[103.6225,1.39248],[103.62223,1.39242]]]}},{"type":"Feature","properties":{"class":"green","area_km2":0.06},"geometry":{"type":"Polygon","coordinates":[[[103.95618,1.3484],[103.9552,1.34785],[103.95562,1.34655],[103.9546,1.34739],[103.94899,1.34282],[103.95599,1.34888],[103.95686,1.34878],[103.95761,1.3477],[103.95699,1.34833],[103.95618,1.34802],[103.95618,1.3484]]]}},{"type":"Feature","properties":{"class":"green","area_km2":0.021},"geometry":{"type":"Polygon","coordinates":[[[103.73522,1.33351],[103.73443,1.33359],[103.73437,1.33179],[103.73536,1.33197],[103.7353,1.33299],[103.73522,1.33351]]]}},{"type":"Feature","properties":{"class":"green","area_km2":0.022},"geometry":{"type":"Polygon","coordinates":[[[103.75322,1.4329],[103.75431,1.43321],[103.75455,1.43149],[103.75377,1.43133],[103.75322,1.43281],[103.75322,1.4329]]]}},{"type":"Feature","properties":{"class":"water","area_km2":0.032},"geometry":{"type":"Polygon","coordinates":[[[103.5511,1.37676],[103.55673,1.36186],[103.55112,1.37671],[103.5511,1.37676]]]}},{"type":"Feature","properties":{"class":"green","area_km2":0.068},"geometry":{"type":"Polygon","coordinates":[[[103.83392,1.32301],[103.83343,1.32113],[103.83171,1.32275],[103.83236,1.32301],[103.83205,1.3236],[103.83139,1.3237],[103.83271,1.32382],[103.8331,1.3246],[103.83436,1.32444],[103.83399,1.32316],[103.83544,1.32293],[103.83417,1.32228],[103.83421,1.32288],[103.83392,1.32301]]]}},{"type":"Feature","properties":{"class":"green","area_km2":0.041},"geometry":{"type":"Polygon","coordinates":[[[103.82892,1.32207],[103.83123,1.3228],[103.83084,1.32194],[103.83186,1.3209],[103.83229,1.32236],[103.83181,1.32265],[103.83167,1.32213],[103.83138,1.32328],[103.83003,1.32303],[103.83029,1.32381],[103.82943,1.32382],[103.82899,1.32221],[103.82892,1.32207]]]}},{"type":"Feature","properties":{"class":"water","area_km2":0.039},"geometry":{"type":"Polygon","coordinates":[[[103.76879,1.20036],[103.77074,1.1992],[103.76996,1.19809],[103.76822,1.19914],[103.76879,1.20036]]]}},{"type":"Feature","properties":{"class":"green","area_km2":0.075},"geometry":{"type":"Polygon","coordinates":[[[103.76789,1.20401],[103.77077,1.20304],[103.76927,1.2011],[103.76687,1.2028],[103.76765,1.20406],[103.76789,1.20401]]]}},{"type":"Feature","properties":{"class":"green","area_km2":0.059},"geometry":{"type":"Polygon","coordinates":[[[103.76049,1.20529],[103.76072,1.2065],[103.76177,1.20702],[103.76201,1.20625],[103.76287,1.20609],[103.76305,1.20501],[103.76352,1.20515],[103.7633,1.20374],[103.76085,1.20525],[103.76049,1.20529]]]}},{"type":"Feature","properties":{"class":"green","area_km2":0.139},"geometry":{"type":"Polygon","coordinates":[[[103.76322,1.20578],[103.76239,1.20726],[103.76556,1.2086],[103.7676,1.20826],[103.76794,1.20646],[103.76336,1.20572],[103.76322,1.20578]]]}},{"type":"Feature","properties":{"class":"green","area_km2":0.034},"geometry":{"type":"Polygon","coordinates":[[[103.72866,1.39268],[103.72919,1.39382],[103.72879,1.39586],[103.72917,1.39313],[103.73215,1.39584],[103.72984,1.39254],[103.72881,1.39263],[103.72866,1.39268]]]}},{"type":"Feature","properties":{"class":"green","area_km2":0.721},"geometry":{"type":"Polygon","coordinates":[[[103.69462,1.48476],[103.69283,1.48266],[103.69396,1.48107],[103.69601,1.47933],[103.70133,1.47867],[103.70004,1.48177],[103.7001,1.48409],[103.70083,1.48496],[103.70009,1.48895],[103.69478,1.48851],[103.69307,1.48964],[103.69286,1.48839],[103.69426,1.48825],[103.69348,1.48766],[103.69434,1.48745],[103.69469,1.48547],[103.69659,1.4841],[103.69485,1.48472],[103.69462,1.48476]]]}},{"type":"Feature","properties":{"class":"green","area_km2":0.035},"geometry":{"type":"Polygon","coordinates":[[[103.66955,1.48365],[103.66975,1.48267],[103.67087,1.48276],[103.67069,1.48159],[103.6716,1.48178],[103.67107,1.48332],[103.67306,1.48347],[103.67247,1.48386],[103.66955,1.48365]]]}},{"type":"Feature","properties":{"class":"green","area_km2":0.033},"geometry":{"type":"Polygon","coordinates":[[[103.62967,1.49467],[103.63061,1.49373],[103.62915,1.4923],[103.62828,1.49323],[103.62967,1.49467]]]}},{"type":"Feature","properties":{"class":"green","area_km2":0.051},"geometry":{"type":"Polygon","coordinates":[[[103.6346,1.49295],[103.63656,1.49106],[103.63612,1.49031],[103.63483,1.49141],[103.63402,1.49059],[103.63325,1.49149],[103.6346,1.49295]]]}},{"type":"Feature","properties":{"class":"green","area_km2":0.023},"geometry":{"type":"Polygon","coordinates":[[[103.63708,1.48786],[103.63878,1.48739],[103.63852,1.48655],[103.63685,1.4872],[103.63702,1.48772],[103.63623,1.48749],[103.63584,1.48797],[103.63632,1.48829],[103.63708,1.48786]]]}},{"type":"Feature","properties":{"class":"green","area_km2":0.024},"geometry":{"type":"Polygon","coordinates":[[[103.63336,1.50063],[103.63455,1.5019],[103.63513,1.49994],[103.63452,1.49948],[103.63336,1.50063]]]}},{"type":"Feature","properties":{"class":"green","area_km2":0.032},"geometry":{"type":"Polygon","coordinates":[[[103.86882,1.40803],[103.86967,1.40837],[103.87015,1.41019],[103.86952,1.4108],[103.86849,1.40951],[103.86881,1.40806],[103.86882,1.40803]]]}},{"type":"Feature","properties":{"class":"green","area_km2":0.17},"geometry":{"type":"Polygon","coordinates":[[[103.76839,1.40428],[103.76966,1.40508],[103.77129,1.40367],[103.7711,1.39976],[103.77088,1.40203],[103.77047,1.40013],[103.76935,1.39925],[103.77069,1.39897],[103.77161,1.39987],[103.77203,1.40296],[103.77118,1.4071],[103.77004,1.4073],[103.76727,1.40541],[103.76696,1.40419],[103.76812,1.40412],[103.76839,1.40428]]]}},{"type":"Feature","properties":{"class":"green","area_km2":0.025},"geometry":{"type":"Polygon","coordinates":[[[103.87411,1.29301],[103.87395,1.29403],[103.87326,1.29437],[103.86907,1.2941],[103.86916,1.29367],[103.87196,1.2941],[103.87353,1.29335],[103.87411,1.29301]]]}},{"type":"Feature","properties":{"class":"green","area_km2":0.213},"geometry":{"type":"Polygon","coordinates":[[[103.87874,1.2891],[103.87791,1.29043],[103.88181,1.29296],[103.8825,1.29204],[103.88364,1.29239],[103.88481,1.29426],[103.87864,1.29416],[103.87784,1.29282],[103.87624,1.29222],[103.87631,1.29125],[103.87854,1.28903],[103.87874,1.2891]]]}},{"type":"Feature","properties":{"class":"green","area_km2":0.03},"geometry":{"type":"Polygon","coordinates":[[[103.88362,1.29484],[103.87798,1.29503],[103.88364,1.29535],[103.88362,1.29484]]]}},{"type":"Feature","properties":{"class":"green","area_km2":0.021},"geometry":{"type":"Polygon","coordinates":[[[103.81786,1.40254],[103.82071,1.40095],[103.82008,1.40059],[103.81763,1.4021],[103.81786,1.40254]]]}},{"type":"Feature","properties":{"class":"green","area_km2":0.038},"geometry":{"type":"Polygon","coordinates":[[[103.78143,1.32894],[103.78261,1.3355],[103.78139,1.33446],[103.78141,1.3291],[103.78143,1.32894]]]}},{"type":"Feature","properties":{"class":"water","area_km2":0.024},"geometry":{"type":"Polygon","coordinates":[[[103.72575,1.35515],[103.72392,1.3569],[103.72446,1.35616],[103.71806,1.35647],[103.72369,1.35608],[103.72568,1.35526],[103.72575,1.35515]]]}},{"type":"Feature","properties":{"class":"water","area_km2":0.022},"geometry":{"type":"Polygon","coordinates":[[[104.07287,1.48712],[104.0745,1.48851],[104.07643,1.48863],[104.07653,1.49074],[104.0772,1.49165],[104.0763,1.49064],[104.07613,1.48866],[104.0743,1.48885],[104.07296,1.48802],[104.07294,1.48728],[104.07287,1.48712]]]}},{"type":"Feature","properties":{"class":"green","area_km2":0.232},"geometry":{"type":"Polygon","coordinates":[[[104.06887,1.13643],[104.06882,1.13463],[104.07192,1.13233],[104.07378,1.13288],[104.07322,1.13728],[104.06923,1.13669],[104.06887,1.13643]]]}},{"type":"Feature","properties":{"class":"green","area_km2":0.198},"geometry":{"type":"Polygon","coordinates":[[[103.88501,1.29528],[103.88518,1.29435],[103.87854,1.2943],[103.87732,1.29487],[103.87513,1.2924],[103.87188,1.29403],[103.86859,1.29356],[103.8684,1.29456],[103.87329,1.29505],[103.87449,1.2938],[103.87585,1.2938],[103.87577,1.29303],[103.87744,1.29508],[103.88493,1.29533],[103.88501,1.29528]]]}},{"type":"Feature","properties":{"class":"green","area_km2":0.026},"geometry":{"type":"Polygon","coordinates":[[[103.86664,1.32576],[103.86763,1.32448],[103.8682,1.32731],[103.86693,1.32612],[103.86664,1.32576]]]}},{"type":"Feature","properties":{"class":"water","area_km2":0.021},"geometry":{"type":"Polygon","coordinates":[[[103.98532,1.31993],[103.9841,1.31672],[103.98363,1.3168],[103.98522,1.31997],[103.98532,1.31993]]]}},{"type":"Feature","properties":{"class":"aero","area_km2":0.867},"geometry":{"type":"Polygon","coordinates":[[[104.0039,1.32637],[104.00397,1.32491],[104.01118,1.32131],[104.01304,1.32574],[104.00822,1.32781],[104.00864,1.32886],[104.00652,1.32977],[104.01134,1.3412],[104.01235,1.34077],[104.01304,1.3425],[104.01207,1.34291],[104.01763,1.35765],[104.01819,1.35741],[104.01845,1.35803],[104.01738,1.35823],[104.0149,1.35143],[104.01443,1.35163],[104.0126,1.34734],[104.01257,1.34624],[104.01316,1.34597],[104.01179,1.34271],[104.0109,1.34264],[104.01168,1.34231],[104.01086,1.34036],[104.00979,1.34083],[104.00405,1.32672],[104.0039,1.32637]]]}},{"type":"Feature","properties":{"class":"water","area_km2":0.583},"geometry":{"type":"Polygon","coordinates":[[[103.79417,1.49295],[103.7937,1.49624],[103.79576,1.49627],[103.79618,1.49749],[103.79797,1.49766],[103.79783,1.49567],[103.79876,1.49496],[103.7973,1.4891],[103.79825,1.48682],[103.79931,1.48592],[103.79593,1.48336],[103.79479,1.48417],[103.79523,1.48575],[103.79397,1.48893],[103.79417,1.49238],[103.79417,1.49295]]]}},{"type":"Feature","properties":{"class":"water","area_km2":0.033},"geometry":{"type":"Polygon","coordinates":[[[103.91722,1.48178],[103.91828,1.48115],[103.91737,1.47938],[103.9162,1.47968],[103.91722,1.48178]]]}},{"type":"Feature","properties":{"class":"green","area_km2":0.022},"geometry":{"type":"Polygon","coordinates":[[[103.90219,1.462],[103.90375,1.46133],[103.90308,1.46038],[103.90199,1.46066],[103.90219,1.462]]]}},{"type":"Feature","properties":{"class":"green","area_km2":0.028},"geometry":{"type":"Polygon","coordinates":[[[103.87721,1.13505],[103.87811,1.13502],[103.87735,1.13694],[103.87565,1.13633],[103.877,1.13591],[103.87723,1.13511],[103.87721,1.13505]]]}},{"type":"Feature","properties":{"class":"green","area_km2":0.116},"geometry":{"type":"Polygon","coordinates":[[[103.8754,1.13067],[103.87263,1.12915],[103.87138,1.13031],[103.87194,1.13181],[103.87358,1.13272],[103.8752,1.13198],[103.87542,1.13069],[103.8754,1.13067]]]}},{"type":"Feature","properties":{"class":"water","area_km2":0.102},"geometry":{"type":"Polygon","coordinates":[[[103.74267,1.45693],[103.74293,1.45781],[103.7473,1.4567],[103.74645,1.45513],[103.74296,1.45615],[103.74255,1.4569],[103.74267,1.45693]]]}},{"type":"Feature","properties":{"class":"green","area_km2":0.021},"geometry":{"type":"Polygon","coordinates":[[[103.82162,1.40063],[103.82198,1.4013],[103.82399,1.4018],[103.82422,1.40127],[103.82168,1.40056],[103.82162,1.40063]]]}},{"type":"Feature","properties":{"class":"green","area_km2":0.043},"geometry":{"type":"Polygon","coordinates":[[[103.73779,1.32585],[103.73741,1.32436],[103.74164,1.32284],[103.73881,1.32517],[103.73779,1.32585]]]}},{"type":"Feature","properties":{"class":"green","area_km2":0.027},"geometry":{"type":"Polygon","coordinates":[[[103.82764,1.45348],[103.82654,1.45282],[103.82633,1.45133],[103.82809,1.45225],[103.82773,1.45348],[103.82764,1.45348]]]}},{"type":"Feature","properties":{"class":"green","area_km2":0.033},"geometry":{"type":"Polygon","coordinates":[[[103.99056,1.40492],[103.98815,1.40477],[103.98759,1.40547],[103.98993,1.40608],[103.99074,1.40553],[103.99056,1.40492]]]}},{"type":"Feature","properties":{"class":"green","area_km2":0.048},"geometry":{"type":"Polygon","coordinates":[[[103.83809,1.28207],[103.83927,1.2832],[103.8375,1.28462],[103.83646,1.28315],[103.83738,1.28252],[103.83809,1.28207]]]}},{"type":"Feature","properties":{"class":"green","area_km2":0.383},"geometry":{"type":"Polygon","coordinates":[[[104.08054,1.14436],[104.08213,1.14236],[104.08275,1.14344],[104.08516,1.14352],[104.08577,1.14408],[104.08705,1.14114],[104.08453,1.14016],[104.08358,1.13893],[104.08346,1.13727],[104.08281,1.13715],[104.08127,1.1386],[104.07836,1.13785],[104.07886,1.13645],[104.08091,1.13633],[104.08174,1.13489],[104.08038,1.13408],[104.07753,1.13703],[104.07769,1.13819],[104.08014,1.13926],[104.08118,1.13896],[104.0824,1.14021],[104.07965,1.14393],[104.08054,1.14436]]]}},{"type":"Feature","properties":{"class":"green","area_km2":0.043},"geometry":{"type":"Polygon","coordinates":[[[103.64244,1.42558],[103.64383,1.42572],[103.64403,1.42401],[103.64292,1.42355],[103.6422,1.42431],[103.64237,1.42532],[103.64244,1.42558]]]}},{"type":"Feature","properties":{"class":"green","area_km2":0.106},"geometry":{"type":"Polygon","coordinates":[[[103.79784,1.33633],[103.7998,1.33744],[103.7994,1.34132],[103.79866,1.34225],[103.79798,1.34161],[103.7992,1.34091],[103.79713,1.33971],[103.79789,1.33644],[103.79784,1.33633]]]}},{"type":"Feature","properties":{"class":"green","area_km2":0.034},"geometry":{"type":"Polygon","coordinates":[[[103.79425,1.28673],[103.7945,1.28631],[103.79336,1.28481],[103.79587,1.28242],[103.79335,1.28418],[103.79266,1.28569],[103.79187,1.2856],[103.79364,1.28645],[103.79425,1.28673]]]}},{"type":"Feature","properties":{"class":"green","area_km2":0.021},"geometry":{"type":"Polygon","coordinates":[[[103.81417,1.30282],[103.81323,1.30181],[103.81261,1.30352],[103.81558,1.30361],[103.81432,1.30301],[103.81417,1.30282]]]}},{"type":"Feature","properties":{"class":"green","area_km2":0.051},"geometry":{"type":"Polygon","coordinates":[[[103.80862,1.30513],[103.80752,1.30547],[103.80755,1.30334],[103.80872,1.3035],[103.81029,1.30177],[103.81107,1.30274],[103.80981,1.30271],[103.80895,1.30363],[103.80921,1.30412],[103.80759,1.30451],[103.80855,1.30508],[103.80862,1.30513]]]}},{"type":"Feature","properties":{"class":"green","area_km2":0.021},"geometry":{"type":"Polygon","coordinates":[[[103.76086,1.29981],[103.76229,1.30094],[103.76263,1.30023],[103.75986,1.29875],[103.76023,1.29964],[103.76086,1.29981]]]}},{"type":"Feature","properties":{"class":"green","area_km2":0.036},"geometry":{"type":"Polygon","coordinates":[[[103.79524,1.34268],[103.79654,1.34302],[103.79714,1.33827],[103.79635,1.34027],[103.79524,1.34268]]]}},{"type":"Feature","properties":{"class":"green","area_km2":0.06},"geometry":{"type":"Polygon","coordinates":[[[103.79561,1.33677],[103.7965,1.33732],[103.79419,1.34086],[103.79446,1.34256],[103.79398,1.34261],[103.7932,1.3415],[103.79516,1.33755],[103.79561,1.33677]]]}},{"type":"Feature","properties":{"class":"green","area_km2":0.03},"geometry":{"type":"Polygon","coordinates":[[[103.82095,1.40035],[103.82048,1.39916],[103.81887,1.4002],[103.81776,1.39972],[103.81859,1.40087],[103.82082,1.4003],[103.82095,1.40035]]]}},{"type":"Feature","properties":{"class":"green","area_km2":0.1},"geometry":{"type":"Polygon","coordinates":[[[103.81839,1.40238],[103.82116,1.40087],[103.82183,1.40171],[103.82358,1.40216],[103.82333,1.40368],[103.82443,1.40477],[103.82265,1.40475],[103.82131,1.40281],[103.81952,1.40233],[103.8186,1.40273],[103.81839,1.40238]]]}},{"type":"Feature","properties":{"class":"green","area_km2":0.055},"geometry":{"type":"Polygon","coordinates":[[[103.8245,1.40456],[103.82358,1.40371],[103.82389,1.40223],[103.82729,1.40306],[103.82657,1.40497],[103.82583,1.40308],[103.82454,1.40358],[103.82468,1.40443],[103.8245,1.40456]]]}},{"type":"Feature","properties":{"class":"green","area_km2":0.113},"geometry":{"type":"Polygon","coordinates":[[[103.92174,1.39697],[103.92284,1.39786],[103.9218,1.3979],[103.91704,1.40204],[103.91386,1.40369],[103.91709,1.40857],[103.91364,1.40386],[103.91105,1.40637],[103.90863,1.40718],[103.90845,1.40682],[103.91114,1.4057],[103.91391,1.40298],[103.91676,1.40172],[103.92176,1.39713],[103.92174,1.39697]]]}},{"type":"Feature","properties":{"class":"green","area_km2":0.021},"geometry":{"type":"Polygon","coordinates":[[[103.86109,1.27903],[103.8613,1.27951],[103.86196,1.27917],[103.86185,1.27816],[103.8605,1.27794],[103.86061,1.27875],[103.86109,1.27903]]]}},{"type":"Feature","properties":{"class":"water","area_km2":0.062},"geometry":{"type":"Polygon","coordinates":[[[103.97759,1.34641],[103.97802,1.34578],[103.97684,1.343],[103.97638,1.34319],[103.9753,1.34164],[103.97649,1.34554],[103.97718,1.34541],[103.97759,1.34641]]]}},{"type":"Feature","properties":{"class":"water","area_km2":0.047},"geometry":{"type":"Polygon","coordinates":[[[103.99561,1.38769],[103.99424,1.38662],[103.99497,1.3842],[103.99569,1.38531],[103.99573,1.38764],[103.99561,1.38769]]]}},{"type":"Feature","properties":{"class":"green","area_km2":0.023},"geometry":{"type":"Polygon","coordinates":[[[103.78625,1.29019],[103.78704,1.28869],[103.78811,1.28926],[103.78766,1.29037],[103.78635,1.29021],[103.78625,1.29019]]]}},{"type":"Feature","properties":{"class":"green","area_km2":0.036},"geometry":{"type":"Polygon","coordinates":[[[103.87831,1.41905],[103.87923,1.42008],[103.88118,1.41869],[103.88085,1.41815],[103.87958,1.41847],[103.87831,1.41905]]]}},{"type":"Feature","properties":{"class":"green","area_km2":0.035},"geometry":{"type":"Polygon","coordinates":[[[103.87978,1.42132],[103.88196,1.41997],[103.88137,1.41901],[103.87939,1.42023],[103.87968,1.42118],[103.87978,1.42132]]]}},{"type":"Feature","properties":{"class":"green","area_km2":0.107},"geometry":{"type":"Polygon","coordinates":[[[103.77374,1.32048],[103.77227,1.31946],[103.77128,1.3197],[103.77104,1.32125],[103.77224,1.3232],[103.7737,1.32231],[103.77475,1.3225],[103.77377,1.32051],[103.77374,1.32048]]]}},{"type":"Feature","properties":{"class":"water","area_km2":0.098},"geometry":{"type":"Polygon","coordinates":[[[103.8523,1.45091],[103.8527,1.44965],[103.84857,1.44797],[103.84582,1.44849],[103.84608,1.44955],[103.84833,1.44905],[103.8523,1.45091]]]}},{"type":"Feature","properties":{"class":"green","area_km2":0.021},"geometry":{"type":"Polygon","coordinates":[[[103.76729,1.29706],[103.76854,1.29691],[103.76884,1.29598],[103.76951,1.29585],[103.76942,1.29794],[103.76902,1.29727],[103.76735,1.29712],[103.76729,1.29706]]]}},{"type":"Feature","properties":{"class":"green","area_km2":0.047},"geometry":{"type":"Polygon","coordinates":[[[103.55383,1.40749],[103.55708,1.40786],[103.55537,1.40937],[103.5535,1.40812],[103.55383,1.40749]]]}},{"type":"Feature","properties":{"class":"green","area_km2":0.046},"geometry":{"type":"Polygon","coordinates":[[[103.8137,1.27996],[103.81559,1.27978],[103.81663,1.27901],[103.81719,1.27999],[103.81613,1.28072],[103.81382,1.28097],[103.8137,1.27996]]]}},{"type":"Feature","properties":{"class":"green","area_km2":0.021},"geometry":{"type":"Polygon","coordinates":[[[103.65094,1.47459],[103.64941,1.47178],[103.64814,1.47268],[103.64864,1.47361],[103.64791,1.47262],[103.6494,1.47154],[103.65116,1.47487],[103.64935,1.47582],[103.65094,1.47459]]]}},{"type":"Feature","properties":{"class":"green","area_km2":0.021},"geometry":{"type":"Polygon","coordinates":[[[103.85178,1.22495],[103.85148,1.22569],[103.85238,1.22599],[103.85241,1.22658],[103.85198,1.22597],[103.85073,1.22644],[103.85028,1.2258],[103.85169,1.22482],[103.85178,1.22495]]]}},{"type":"Feature","properties":{"class":"green","area_km2":0.023},"geometry":{"type":"Polygon","coordinates":[[[103.84895,1.22808],[103.84694,1.22731],[103.84686,1.22652],[103.8481,1.22671],[103.84902,1.22803],[103.84895,1.22808]]]}},{"type":"Feature","properties":{"class":"green","area_km2":0.464},"geometry":{"type":"Polygon","coordinates":[[[103.73165,1.48684],[103.73224,1.48512],[103.72986,1.4825],[103.73121,1.48022],[103.73451,1.47848],[103.73537,1.48233],[103.73687,1.48327],[103.73819,1.48659],[103.73239,1.48681],[103.73165,1.48684]]]}},{"type":"Feature","properties":{"class":"green","area_km2":0.029},"geometry":{"type":"Polygon","coordinates":[[[103.58821,1.42265],[103.5893,1.42479],[103.58848,1.42521],[103.58746,1.42294],[103.58821,1.42265]]]}},{"type":"Feature","properties":{"class":"green","area_km2":0.04},"geometry":{"type":"Polygon","coordinates":[[[103.59271,1.4176],[103.59322,1.41828],[103.59446,1.41803],[103.59371,1.4178],[103.59354,1.41644],[103.59473,1.41618],[103.59455,1.41497],[103.59357,1.41585],[103.59273,1.4157],[103.59316,1.41649],[103.59278,1.41747],[103.59271,1.4176]]]}},{"type":"Feature","properties":{"class":"green","area_km2":0.141},"geometry":{"type":"Polygon","coordinates":[[[103.68531,1.3849],[103.68906,1.38485],[103.68908,1.38256],[103.6862,1.38253],[103.68618,1.38109],[103.68716,1.38108],[103.68697,1.38025],[103.6852,1.38075],[103.68532,1.38261],[103.68531,1.3849]]]}},{"type":"Feature","properties":{"class":"green","area_km2":0.098},"geometry":{"type":"Polygon","coordinates":[[[104.02257,1.32219],[104.02264,1.3189],[104.02223,1.32063],[104.02162,1.31897],[104.02133,1.3226],[104.02758,1.32274],[104.02745,1.321],[104.02501,1.32157],[104.025,1.32203],[104.02387,1.3215],[104.02387,1.32239],[104.02271,1.32237],[104.02257,1.32219]]]}},{"type":"Feature","properties":{"class":"green","area_km2":0.047},"geometry":{"type":"Polygon","coordinates":[[[103.77987,1.40538],[103.77917,1.4055],[103.78019,1.40912],[103.78205,1.40789],[103.78015,1.40728],[103.77987,1.40538]]]}},{"type":"Feature","properties":{"class":"green","area_km2":0.051},"geometry":{"type":"Polygon","coordinates":[[[103.87031,1.4256],[103.87178,1.42472],[103.87415,1.42826],[103.87262,1.42842],[103.87328,1.42763],[103.87204,1.42696],[103.87214,1.42625],[103.8713,1.42603],[103.87135,1.42667],[103.87041,1.42586],[103.87031,1.4256]]]}},{"type":"Feature","properties":{"class":"green","area_km2":0.032},"geometry":{"type":"Polygon","coordinates":[[[103.90019,1.41598],[103.8991,1.41676],[103.90325,1.41993],[103.90576,1.4205],[103.90686,1.42016],[103.90803,1.42117],[103.91054,1.42142],[103.90796,1.42098],[103.90697,1.41988],[103.90489,1.42022],[103.90292,1.41955],[103.89952,1.41702],[103.89924,1.41659],[103.90005,1.41606],[103.90019,1.41598]]]}},{"type":"Feature","properties":{"class":"green","area_km2":0.031},"geometry":{"type":"Polygon","coordinates":[[[103.78479,1.29023],[103.78609,1.2896],[103.78801,1.28707],[103.78697,1.2869],[103.78633,1.28866],[103.78446,1.28985],[103.78479,1.29023]]]}},{"type":"Feature","properties":{"class":"green","area_km2":0.033},"geometry":{"type":"Polygon","coordinates":[[[103.62002,1.41869],[103.61932,1.41792],[103.61754,1.41943],[103.61818,1.42035],[103.61723,1.41964],[103.61545,1.42136],[103.61576,1.42197],[103.61443,1.42116],[103.61557,1.42106],[103.619,1.41777],[103.6201,1.41861],[103.62002,1.41869]]]}},{"type":"Feature","properties":{"class":"green","area_km2":0.021},"geometry":{"type":"Polygon","coordinates":[[[103.7815,1.33643],[103.78086,1.33663],[103.78131,1.33257],[103.78146,1.33635],[103.7815,1.33643]]]}},{"type":"Feature","properties":{"class":"green","area_km2":0.022},"geometry":{"type":"Polygon","coordinates":[[[103.7604,1.42476],[103.76235,1.42623],[103.76148,1.42691],[103.76005,1.42541],[103.7604,1.42476]]]}},{"type":"Feature","properties":{"class":"green","area_km2":0.032},"geometry":{"type":"Polygon","coordinates":[[[103.8426,1.34582],[103.84502,1.34607],[103.84502,1.34526],[103.84367,1.34482],[103.84243,1.34549],[103.8426,1.34582]]]}},{"type":"Feature","properties":{"class":"green","area_km2":0.028},"geometry":{"type":"Polygon","coordinates":[[[103.73306,1.32622],[103.7289,1.31781],[103.72637,1.31901],[103.72896,1.31777],[103.73164,1.32175],[103.73319,1.32527],[103.73299,1.32613],[103.73306,1.32622]]]}},{"type":"Feature","properties":{"class":"green","area_km2":0.055},"geometry":{"type":"Polygon","coordinates":[[[103.74679,1.31142],[103.74527,1.30788],[103.74692,1.30741],[103.74876,1.30829],[103.75079,1.30757],[103.74891,1.30424],[103.75188,1.3068],[103.75002,1.30543],[103.75138,1.30753],[103.75012,1.30842],[103.74892,1.30872],[103.74689,1.30759],[103.74525,1.30802],[103.74544,1.3089],[103.74721,1.31022],[103.74686,1.31141],[103.74679,1.31142]]]}},{"type":"Feature","properties":{"class":"green","area_km2":0.079},"geometry":{"type":"Polygon","coordinates":[[[103.98166,1.38354],[103.98071,1.38529],[103.98023,1.38446],[103.97947,1.38476],[103.98069,1.38589],[103.98139,1.385],[103.98106,1.38634],[103.97877,1.38547],[103.97851,1.38247],[103.97865,1.38315],[103.98088,1.38355],[103.98166,1.38354]]]}},{"type":"Feature","properties":{"class":"green","area_km2":0.164},"geometry":{"type":"Polygon","coordinates":[[[103.98039,1.38298],[103.98132,1.38173],[103.9819,1.38207],[103.98524,1.38022],[103.98527,1.37936],[103.98402,1.37859],[103.98201,1.3797],[103.98019,1.37893],[103.97939,1.38238],[103.97986,1.38278],[103.98039,1.38298]]]}},{"type":"Feature","properties":{"class":"green","area_km2":0.042},"geometry":{"type":"Polygon","coordinates":[[[103.98651,1.37617],[103.98715,1.37736],[103.98595,1.37904],[103.9852,1.37899],[103.98472,1.37719],[103.9859,1.37698],[103.98583,1.37637],[103.98651,1.37617]]]}},{"type":"Feature","properties":{"class":"green","area_km2":0.041},"geometry":{"type":"Polygon","coordinates":[[[103.98066,1.36463],[103.98057,1.36348],[103.9813,1.36324],[103.98201,1.36493],[103.98115,1.36371],[103.98092,1.36495],[103.97715,1.36505],[103.97817,1.36381],[103.97855,1.36483],[103.97908,1.36479],[103.97901,1.36378],[103.97992,1.36367],[103.98002,1.3647],[103.98066,1.36463]]]}},{"type":"Feature","properties":{"class":"green","area_km2":0.124},"geometry":{"type":"Polygon","coordinates":[[[103.97681,1.36229],[103.97751,1.36146],[103.97685,1.36032],[103.97795,1.36097],[103.97817,1.36034],[103.97846,1.3608],[103.97948,1.36037],[103.979,1.35914],[103.97817,1.35951],[103.97905,1.36023],[103.97845,1.36057],[103.97772,1.35962],[103.97535,1.36066],[103.97559,1.36126],[103.97467,1.36095],[103.97475,1.36189],[103.97549,1.36216],[103.97451,1.36195],[103.97438,1.36086],[103.97375,1.36107],[103.97532,1.36463],[103.9756,1.36362],[103.9763,1.3636],[103.97542,1.36422],[103.97626,1.36518],[103.97558,1.3654],[103.97581,1.36588],[103.97711,1.3652],[103.97561,1.36186],[103.97628,1.36156],[103.97681,1.36229]]]}},{"type":"Feature","properties":{"class":"green","area_km2":0.036},"geometry":{"type":"Polygon","coordinates":[[[103.97797,1.36317],[103.98132,1.36287],[103.98,1.36087],[103.97974,1.36231],[103.97886,1.36225],[103.97795,1.36309],[103.97797,1.36317]]]}},{"type":"Feature","properties":{"class":"green","area_km2":0.045},"geometry":{"type":"Polygon","coordinates":[[[103.84333,1.48691],[103.84599,1.48512],[103.84568,1.48463],[103.84447,1.48429],[103.84346,1.48484],[103.84319,1.48692],[103.84333,1.48691]]]}},{"type":"Feature","properties":{"class":"green","area_km2":0.046},"geometry":{"type":"Polygon","coordinates":[[[103.89293,1.41538],[103.88852,1.41565],[103.8863,1.41703],[103.88348,1.41778],[103.88695,1.42271],[103.88394,1.41808],[103.88891,1.41587],[103.89293,1.41538]]]}},{"type":"Feature","properties":{"class":"green","area_km2":0.027},"geometry":{"type":"Polygon","coordinates":[[[103.83452,1.39555],[103.83662,1.39759],[103.83412,1.39897],[103.83253,1.39643],[103.83415,1.39853],[103.83611,1.39746],[103.83452,1.39555]]]}},{"type":"Feature","properties":{"class":"green","area_km2":0.04},"geometry":{"type":"Polygon","coordinates":[[[103.88189,1.41125],[103.88101,1.41196],[103.88113,1.41439],[103.88268,1.41362],[103.88276,1.4128],[103.88189,1.41125]]]}},{"type":"Feature","properties":{"class":"green","area_km2":0.096},"geometry":{"type":"Polygon","coordinates":[[[103.87781,1.41155],[103.87628,1.40961],[103.88044,1.40861],[103.88189,1.41125],[103.87973,1.41168],[103.87896,1.40957],[103.87808,1.40991],[103.87774,1.41085],[103.87781,1.41155]]]}},{"type":"Feature","properties":{"class":"green","area_km2":0.123},"geometry":{"type":"Polygon","coordinates":[[[103.70952,1.31985],[103.71019,1.31921],[103.70938,1.31562],[103.70557,1.31524],[103.70424,1.31602],[103.70414,1.31672],[103.70546,1.31666],[103.7044,1.31735],[103.70662,1.31648],[103.70845,1.31744],[103.70923,1.31952],[103.70952,1.31985]]]}},{"type":"Feature","properties":{"class":"green","area_km2":0.032},"geometry":{"type":"Polygon","coordinates":[[[103.73699,1.43545],[103.73772,1.43534],[103.73719,1.43427],[103.73835,1.43413],[103.73789,1.43374],[103.73837,1.43328],[103.7367,1.43233],[103.73744,1.43509],[103.73699,1.43545]]]}},{"type":"Feature","properties":{"class":"green","area_km2":0.049},"geometry":{"type":"Polygon","coordinates":[[[103.73369,1.43853],[103.73776,1.43511],[103.73573,1.43851],[103.73369,1.43853]]]}},{"type":"Feature","properties":{"class":"green","area_km2":0.042},"geometry":{"type":"Polygon","coordinates":[[[103.7197,1.43411],[103.71929,1.43291],[103.72152,1.43254],[103.72191,1.43425],[103.72109,1.43358],[103.72014,1.43413],[103.7197,1.43411]]]}},{"type":"Feature","properties":{"class":"green","area_km2":0.061},"geometry":{"type":"Polygon","coordinates":[[[103.9445,1.36082],[103.94737,1.36047],[103.9488,1.36119],[103.95322,1.36528],[103.9483,1.36142],[103.9451,1.36092],[103.9445,1.36082]]]}},{"type":"Feature","properties":{"class":"green","area_km2":0.026},"geometry":{"type":"Polygon","coordinates":[[[103.90924,1.41425],[103.90918,1.4105],[103.90993,1.41793],[103.90944,1.41613],[103.90924,1.41425]]]}},{"type":"Feature","properties":{"class":"green","area_km2":0.024},"geometry":{"type":"Polygon","coordinates":[[[103.90961,1.41257],[103.90861,1.41304],[103.90924,1.41425],[103.91017,1.41441],[103.91046,1.41359],[103.90998,1.41354],[103.90961,1.41257]]]}},{"type":"Feature","properties":{"class":"green","area_km2":0.07},"geometry":{"type":"Polygon","coordinates":[[[104.02982,1.36137],[104.02794,1.36241],[104.02656,1.36098],[104.02983,1.35953],[104.03096,1.35821],[104.0313,1.35855],[104.02909,1.36029],[104.02982,1.36137]]]}},{"type":"Feature","properties":{"class":"green","area_km2":0.021},"geometry":{"type":"Polygon","coordinates":[[[104.03156,1.35817],[104.03166,1.35495],[104.03204,1.35785],[104.03156,1.35817]]]}},{"type":"Feature","properties":{"class":"green","area_km2":0.027},"geometry":{"type":"Polygon","coordinates":[[[103.58954,1.46748],[103.59083,1.46601],[103.59035,1.4655],[103.58914,1.46578],[103.58943,1.46755],[103.58954,1.46748]]]}},{"type":"Feature","properties":{"class":"green","area_km2":0.035},"geometry":{"type":"Polygon","coordinates":[[[103.84865,1.42017],[103.84981,1.42139],[103.85171,1.4197],[103.84899,1.41983],[103.84865,1.42017]]]}},{"type":"Feature","properties":{"class":"green","area_km2":0.026},"geometry":{"type":"Polygon","coordinates":[[[103.85752,1.35763],[103.85798,1.35581],[103.85859,1.35778],[103.85835,1.35865],[103.8579,1.35822],[103.85752,1.35763]]]}},{"type":"Feature","properties":{"class":"green","area_km2":0.148},"geometry":{"type":"Polygon","coordinates":[[[103.83912,1.41274],[103.83963,1.41131],[103.84085,1.41082],[103.84402,1.41194],[103.84454,1.4127],[103.84351,1.41448],[103.83981,1.41295],[103.83912,1.41274]]]}},{"type":"Feature","properties":{"class":"water","area_km2":0.027},"geometry":{"type":"Polygon","coordinates":[[[103.85878,1.41316],[103.85868,1.41385],[103.85987,1.41398],[103.85942,1.41136],[103.85981,1.4109],[103.86042,1.41245],[103.86114,1.4107],[103.86075,1.41231],[103.86118,1.41348],[103.8604,1.41261],[103.85976,1.41472],[103.85902,1.41459],[103.85854,1.41331],[103.85878,1.41316]]]}},{"type":"Feature","properties":{"class":"water","area_km2":0.224},"geometry":{"type":"Polygon","coordinates":[[[103.61424,1.21777],[103.61423,1.22446],[103.61041,1.22165],[103.61065,1.21945],[103.61166,1.21859],[103.61424,1.21777]]]}},{"type":"Feature","properties":{"class":"water","area_km2":0.162},"geometry":{"type":"Polygon","coordinates":[[[103.61263,1.2243],[103.61329,1.23312],[103.61212,1.23756],[103.61212,1.22853],[103.6115,1.22489],[103.61194,1.22397],[103.61257,1.22402],[103.61263,1.2243]]]}},{"type":"Feature","properties":{"class":"green","area_km2":0.024},"geometry":{"type":"Polygon","coordinates":[[[103.84111,1.42643],[103.84208,1.42649],[103.84288,1.42564],[103.84157,1.4248],[103.84085,1.42579],[103.84111,1.42643]]]}},{"type":"Feature","properties":{"class":"green","area_km2":0.083},"geometry":{"type":"Polygon","coordinates":[[[103.83007,1.33165],[103.832,1.33137],[103.83336,1.33234],[103.83489,1.33093],[103.83308,1.33081],[103.83256,1.3298],[103.83081,1.32974],[103.83001,1.33135],[103.83007,1.33165]]]}},{"type":"Feature","properties":{"class":"green","area_km2":0.05},"geometry":{"type":"Polygon","coordinates":[[[103.8116,1.33623],[103.81059,1.33576],[103.81358,1.33411],[103.81414,1.33577],[103.81221,1.33582],[103.8116,1.33623]]]}},{"type":"Feature","properties":{"class":"green","area_km2":0.605},"geometry":{"type":"Polygon","coordinates":[[[104.0751,1.41162],[104.07745,1.41241],[104.07841,1.41342],[104.07827,1.41553],[104.07892,1.41675],[104.07848,1.41881],[104.07301,1.41915],[104.07179,1.41698],[104.07082,1.41672],[104.07077,1.41509],[104.07319,1.41281],[104.07223,1.41102],[104.07246,1.41024],[104.07455,1.41098],[104.0751,1.41162]]]}},{"type":"Feature","properties":{"class":"green","area_km2":0.04},"geometry":{"type":"Polygon","coordinates":[[[103.84174,1.4281],[103.84085,1.42798],[103.84095,1.42756],[103.84229,1.42804],[103.84369,1.42957],[103.84402,1.43309],[103.84606,1.43555],[103.84377,1.43328],[103.84362,1.43009],[103.84197,1.42818],[103.84174,1.4281]]]}},{"type":"Feature","properties":{"class":"green","area_km2":0.069},"geometry":{"type":"Polygon","coordinates":[[[103.88189,1.3952],[103.88517,1.39465],[103.88229,1.39323],[103.88196,1.39193],[103.88083,1.39231],[103.88191,1.39517],[103.88189,1.3952]]]}},{"type":"Feature","properties":{"class":"green","area_km2":0.082},"geometry":{"type":"Polygon","coordinates":[[[103.83483,1.44473],[103.83088,1.44197],[103.83626,1.4453],[103.83308,1.45062],[103.83339,1.4517],[103.8435,1.45816],[103.83314,1.45163],[103.83288,1.45051],[103.83558,1.44601],[103.8352,1.44496],[103.83483,1.44473]]]}},{"type":"Feature","properties":{"class":"green","area_km2":0.128},"geometry":{"type":"Polygon","coordinates":[[[103.67467,1.42346],[103.67611,1.42377],[103.6749,1.41577],[103.6734,1.41664],[103.6745,1.4192],[103.67477,1.42317],[103.67467,1.42346]]]}},{"type":"Feature","properties":{"class":"water","area_km2":0.279},"geometry":{"type":"Polygon","coordinates":[[[103.61526,1.21776],[103.61693,1.21722],[103.61706,1.22943],[103.61494,1.22946],[103.61526,1.21776]]]}},{"type":"Feature","properties":{"class":"green","area_km2":0.026},"geometry":{"type":"Polygon","coordinates":[[[103.8602,1.38063],[103.86051,1.37954],[103.86189,1.37912],[103.86221,1.38055],[103.86091,1.3807],[103.8602,1.38063]]]}},{"type":"Feature","properties":{"class":"green","area_km2":0.024},"geometry":{"type":"Polygon","coordinates":[[[103.86792,1.39338],[103.86751,1.39179],[103.86859,1.39159],[103.86884,1.39326],[103.86792,1.39338]]]}},{"type":"Feature","properties":{"class":"green","area_km2":0.022},"geometry":{"type":"Polygon","coordinates":[[[103.77689,1.48077],[103.77878,1.48058],[103.77696,1.48207],[103.77635,1.48082],[103.77689,1.48077]]]}},{"type":"Feature","properties":{"class":"green","area_km2":0.029},"geometry":{"type":"Polygon","coordinates":[[[103.8786,1.38487],[103.88039,1.38595],[103.8809,1.38784],[103.88179,1.38717],[103.87787,1.3838],[103.87853,1.38481],[103.8786,1.38487]]]}},{"type":"Feature","properties":{"class":"green","area_km2":0.048},"geometry":{"type":"Polygon","coordinates":[[[103.82793,1.41186],[103.83002,1.41191],[103.82912,1.4104],[103.82615,1.41153],[103.82651,1.41211],[103.82793,1.41186]]]}},{"type":"Feature","properties":{"class":"green","area_km2":0.1},"geometry":{"type":"Polygon","coordinates":[[[103.71866,1.42404],[103.71923,1.42335],[103.71771,1.42235],[103.71645,1.42007],[103.71588,1.41815],[103.7163,1.41649],[103.71243,1.41761],[103.71191,1.41838],[103.71386,1.41837],[103.71549,1.41918],[103.71743,1.42229],[103.71866,1.42404]]]}},{"type":"Feature","properties":{"class":"green","area_km2":0.047},"geometry":{"type":"Polygon","coordinates":[[[103.716,1.41779],[103.71644,1.41638],[103.71819,1.41534],[103.71888,1.41713],[103.71663,1.41779],[103.716,1.41779]]]}},{"type":"Feature","properties":{"class":"green","area_km2":0.023},"geometry":{"type":"Polygon","coordinates":[[[103.71932,1.42316],[103.72037,1.42248],[103.72028,1.42183],[103.71787,1.42224],[103.71712,1.42086],[103.71788,1.42233],[103.71932,1.42316]]]}},{"type":"Feature","properties":{"class":"water","area_km2":0.039},"geometry":{"type":"Polygon","coordinates":[[[103.55151,1.41247],[103.55243,1.41246],[103.55274,1.41333],[103.55087,1.41714],[103.55093,1.41399],[103.55175,1.4134],[103.55138,1.41275],[103.55151,1.41247]]]}},{"type":"Feature","properties":{"class":"green","area_km2":0.103},"geometry":{"type":"Polygon","coordinates":[[[103.7446,1.36633],[103.74303,1.36775],[103.7432,1.36821],[103.74121,1.36919],[103.74063,1.36885],[103.74023,1.36653],[103.74226,1.36729],[103.74319,1.36588],[103.74215,1.36468],[103.74326,1.3647],[103.7446,1.36633]]]}},{"type":"Feature","properties":{"class":"green","area_km2":0.152},"geometry":{"type":"Polygon","coordinates":[[[104.04962,1.40447],[104.05171,1.40462],[104.05293,1.40581],[104.053,1.40674],[104.05132,1.40908],[104.04978,1.4082],[104.04991,1.40718],[104.04884,1.40602],[104.04958,1.40447],[104.04962,1.40447]]]}},{"type":"Feature","properties":{"class":"green","area_km2":0.029},"geometry":{"type":"Polygon","coordinates":[[[103.7462,1.49542],[103.74619,1.49414],[103.74687,1.49384],[103.74478,1.49417],[103.74332,1.49243],[103.74464,1.49421],[103.74379,1.49454],[103.7453,1.49454],[103.7461,1.49557],[103.7462,1.49542]]]}},{"type":"Feature","properties":{"class":"green","area_km2":0.29},"geometry":{"type":"Polygon","coordinates":[[[103.72231,1.48407],[103.72552,1.48292],[103.7282,1.48099],[103.72937,1.48124],[103.72943,1.48193],[103.73044,1.4796],[103.73109,1.47969],[103.73093,1.48118],[103.72974,1.48268],[103.73048,1.48345],[103.73067,1.48514],[103.73019,1.4853],[103.73145,1.48672],[103.7296,1.48843],[103.72869,1.48833],[103.72951,1.4882],[103.72943,1.48715],[103.73078,1.48659],[103.72928,1.48649],[103.72932,1.48525],[103.72853,1.48522],[103.72887,1.48671],[103.72784,1.48739],[103.72779,1.48828],[103.72861,1.48744],[103.72801,1.48851],[103.72673,1.48798],[103.72754,1.48689],[103.72761,1.48463],[103.72675,1.48286],[103.72251,1.48429],[103.72231,1.48407]]]}},{"type":"Feature","properties":{"class":"green","area_km2":0.387},"geometry":{"type":"Polygon","coordinates":[[[103.73375,1.46715],[103.7332,1.4714],[103.7322,1.47423],[103.73164,1.47391],[103.73148,1.47476],[103.73209,1.47464],[103.73235,1.47606],[103.73572,1.4749],[103.73596,1.47542],[103.73473,1.47575],[103.73345,1.47706],[103.73393,1.47744],[103.73146,1.47836],[103.7304,1.47764],[103.72992,1.47635],[103.72988,1.47398],[103.72922,1.47283],[103.72995,1.47326],[103.73013,1.47269],[103.72872,1.47249],[103.73279,1.467],[103.73375,1.46715]]]}},{"type":"Feature","properties":{"class":"green","area_km2":0.03},"geometry":{"type":"Polygon","coordinates":[[[103.74077,1.36963],[103.74115,1.37066],[103.74299,1.36993],[103.74241,1.36883],[103.74078,1.36955],[103.74077,1.36963]]]}},{"type":"Feature","properties":{"class":"green","area_km2":0.027},"geometry":{"type":"Polygon","coordinates":[[[103.85035,1.39112],[103.84998,1.38725],[103.85104,1.38739],[103.85035,1.39112]]]}},{"type":"Feature","properties":{"class":"green","area_km2":0.045},"geometry":{"type":"Polygon","coordinates":[[[103.74845,1.49785],[103.74655,1.49722],[103.74807,1.49525],[103.74902,1.49628],[103.74866,1.49782],[103.74845,1.49785]]]}},{"type":"Feature","properties":{"class":"green","area_km2":0.022},"geometry":{"type":"Polygon","coordinates":[[[103.81142,1.30534],[103.81139,1.30433],[103.81321,1.305],[103.81337,1.30571],[103.81267,1.30637],[103.81222,1.30526],[103.81173,1.30546],[103.81142,1.30534]]]}},{"type":"Feature","properties":{"class":"green","area_km2":0.041},"geometry":{"type":"Polygon","coordinates":[[[103.9166,1.31163],[103.91513,1.31516],[103.91933,1.30431],[103.91679,1.31129],[103.9166,1.31163]]]}},{"type":"Feature","properties":{"class":"water","area_km2":1.118},"geometry":{"type":"Polygon","coordinates":[[[104.02792,1.42547],[104.0271,1.427],[104.0275,1.42918],[104.03119,1.43158],[104.03904,1.43315],[104.04269,1.43169],[104.04067,1.42783],[104.03762,1.42559],[104.034,1.42504],[104.02954,1.42622],[104.02802,1.42542],[104.02792,1.42547]]]}},{"type":"Feature","properties":{"class":"green","area_km2":0.188},"geometry":{"type":"Polygon","coordinates":[[[104.02988,1.42565],[104.03097,1.42475],[104.03509,1.42431],[104.0343,1.42144],[104.03226,1.42148],[104.03043,1.42279],[104.03075,1.42434],[104.0294,1.42372],[104.02885,1.42515],[104.02988,1.42565]]]}},{"type":"Feature","properties":{"class":"water","area_km2":0.038},"geometry":{"type":"Polygon","coordinates":[[[104.0799,1.3891],[104.084,1.40656],[104.07998,1.38917],[104.0799,1.3891]]]}},{"type":"Feature","properties":{"class":"green","area_km2":0.165},"geometry":{"type":"Polygon","coordinates":[[[103.68114,1.37295],[103.67973,1.37065],[103.68028,1.36628],[103.68097,1.36697],[103.6819,1.36652],[103.6822,1.37118],[103.68311,1.37116],[103.68355,1.37219],[103.68308,1.37242],[103.68211,1.37152],[103.68157,1.37251],[103.68114,1.37295]]]}},{"type":"Feature","properties":{"class":"water","area_km2":0.029},"geometry":{"type":"Polygon","coordinates":[[[104.01062,1.33901],[104.00674,1.32988],[104.01721,1.35455],[104.01088,1.33971],[104.01062,1.33901]]]}},{"type":"Feature","properties":{"class":"green","area_km2":0.052},"geometry":{"type":"Polygon","coordinates":[[[103.83199,1.46052],[103.83122,1.46082],[103.8318,1.46207],[103.83433,1.46474],[103.83235,1.46064],[103.83199,1.46052]]]}},{"type":"Feature","properties":{"class":"green","area_km2":0.022},"geometry":{"type":"Polygon","coordinates":[[[103.76682,1.36182],[103.76706,1.35771],[103.76623,1.36035],[103.7667,1.36187],[103.76682,1.36182]]]}},{"type":"Feature","properties":{"class":"green","area_km2":0.027},"geometry":{"type":"Polygon","coordinates":[[[103.81708,1.31634],[103.81594,1.31709],[103.81838,1.31829],[103.8173,1.31642],[103.81708,1.31634]]]}},{"type":"Feature","properties":{"class":"green","area_km2":0.749},"geometry":{"type":"Polygon","coordinates":[[[103.84701,1.40439],[103.84579,1.40079],[103.85109,1.40082],[103.85104,1.4025],[103.85362,1.40279],[103.85392,1.39828],[103.85013,1.39676],[103.84451,1.39686],[103.84008,1.39616],[103.83947,1.3977],[103.84131,1.3995],[103.84174,1.40202],[103.8424,1.40218],[103.84276,1.40096],[103.84457,1.39975],[103.84526,1.40047],[103.84494,1.40362],[103.84667,1.40427],[103.84701,1.40439]]]}},{"type":"Feature","properties":{"class":"green","area_km2":0.058},"geometry":{"type":"Polygon","coordinates":[[[103.90068,1.16004],[103.90089,1.15876],[103.89888,1.15975],[103.89875,1.15883],[103.89983,1.15852],[103.89953,1.15817],[103.90023,1.15737],[103.90083,1.15834],[103.9021,1.15765],[103.90275,1.15853],[103.90077,1.16007],[103.90068,1.16004]]]}},{"type":"Feature","properties":{"class":"green","area_km2":0.049},"geometry":{"type":"Polygon","coordinates":[[[103.89591,1.16501],[103.89519,1.16539],[103.89602,1.16633],[103.89811,1.16515],[103.90058,1.16049],[103.90038,1.15946],[103.89791,1.16429],[103.89597,1.16606],[103.89548,1.16565],[103.89597,1.16503],[103.89591,1.16501]]]}},{"type":"Feature","properties":{"class":"green","area_km2":0.054},"geometry":{"type":"Polygon","coordinates":[[[103.90335,1.15827],[103.90252,1.15724],[103.90374,1.15609],[103.90155,1.15593],[103.90461,1.15539],[103.90514,1.15639],[103.90357,1.15821],[103.90335,1.15827]]]}},{"type":"Feature","properties":{"class":"green","area_km2":0.058},"geometry":{"type":"Polygon","coordinates":[[[103.63864,1.34418],[103.63955,1.34509],[103.6435,1.34156],[103.64297,1.34097],[103.63913,1.34402],[103.63864,1.34418]]]}},{"type":"Feature","properties":{"class":"green","area_km2":0.041},"geometry":{"type":"Polygon","coordinates":[[[103.67337,1.47801],[103.67446,1.4789],[103.67479,1.47802],[103.67513,1.4785],[103.67679,1.47732],[103.67383,1.47694],[103.67337,1.47801]]]}},{"type":"Feature","properties":{"class":"green","area_km2":0.133},"geometry":{"type":"Polygon","coordinates":[[[103.6744,1.48294],[103.67574,1.48247],[103.67625,1.47972],[103.67942,1.47793],[103.67991,1.47642],[103.68102,1.47753],[103.67938,1.47948],[103.67892,1.47919],[103.67599,1.48327],[103.6747,1.48314],[103.6744,1.48294]]]}},{"type":"Feature","properties":{"class":"green","area_km2":0.592},"geometry":{"type":"Polygon","coordinates":[[[103.67089,1.48712],[103.67112,1.48656],[103.67294,1.48783],[103.6737,1.48738],[103.67458,1.48379],[103.67606,1.48375],[103.68043,1.47966],[103.67918,1.48082],[103.67919,1.48212],[103.67986,1.4828],[103.67918,1.48389],[103.67961,1.48499],[103.67867,1.48582],[103.6783,1.48755],[103.67929,1.48934],[103.67852,1.49089],[103.67882,1.49246],[103.67709,1.49327],[103.67438,1.48974],[103.67101,1.48721],[103.67089,1.48712]]]}},{"type":"Feature","properties":{"class":"green","area_km2":0.12},"geometry":{"type":"Polygon","coordinates":[[[103.72451,1.50028],[103.72362,1.49922],[103.72557,1.4976],[103.72544,1.50289],[103.72676,1.50424],[103.72493,1.50338],[103.72468,1.50403],[103.72408,1.50394],[103.72319,1.5019],[103.72399,1.5019],[103.72405,1.50075],[103.72451,1.50028]]]}},{"type":"Feature","properties":{"class":"green","area_km2":0.048},"geometry":{"type":"Polygon","coordinates":[[[103.63115,1.48057],[103.63107,1.47976],[103.62846,1.48028],[103.62547,1.47975],[103.62483,1.48023],[103.62502,1.48076],[103.63018,1.48064],[103.63115,1.48057]]]}},{"type":"Feature","properties":{"class":"green","area_km2":0.058},"geometry":{"type":"Polygon","coordinates":[[[103.61546,1.48177],[103.61672,1.47974],[103.618,1.48034],[103.61881,1.47973],[103.61501,1.47895],[103.61489,1.48063],[103.61546,1.48177]]]}},{"type":"Feature","properties":{"class":"green","area_km2":0.059},"geometry":{"type":"Polygon","coordinates":[[[103.61497,1.47659],[103.61474,1.47557],[103.61541,1.4755],[103.62001,1.47728],[103.61578,1.47722],[103.61563,1.47663],[103.61497,1.47659]]]}},{"type":"Feature","properties":{"class":"green","area_km2":0.049},"geometry":{"type":"Polygon","coordinates":[[[103.62127,1.47788],[103.62077,1.47871],[103.62121,1.47966],[103.62281,1.4804],[103.62354,1.4795],[103.62241,1.47839],[103.62127,1.47788]]]}},{"type":"Feature","properties":{"class":"green","area_km2":0.027},"geometry":{"type":"Polygon","coordinates":[[[103.69402,1.46776],[103.69304,1.46743],[103.69305,1.46679],[103.69189,1.46678],[103.69182,1.4661],[103.69396,1.46631],[103.69402,1.46776]]]}},{"type":"Feature","properties":{"class":"green","area_km2":0.231},"geometry":{"type":"Polygon","coordinates":[[[103.69516,1.47081],[103.69632,1.4712],[103.6961,1.46971],[103.69719,1.47112],[103.69946,1.46975],[103.69856,1.46776],[103.69995,1.46939],[103.70127,1.46868],[103.70107,1.46769],[103.70017,1.46764],[103.70021,1.46643],[103.69968,1.46642],[103.6996,1.46764],[103.69859,1.46727],[103.69784,1.46772],[103.69769,1.46616],[103.69685,1.46612],[103.69695,1.46765],[103.69651,1.46768],[103.69643,1.46616],[103.69568,1.4662],[103.69573,1.46756],[103.69492,1.46758],[103.69459,1.4662],[103.69432,1.46953],[103.69547,1.46859],[103.69613,1.46924],[103.69501,1.46956],[103.69494,1.47025],[103.69516,1.47081]]]}},{"type":"Feature","properties":{"class":"green","area_km2":0.025},"geometry":{"type":"Polygon","coordinates":[[[103.73887,1.49454],[103.73887,1.49316],[103.7405,1.49232],[103.73895,1.4946],[103.73887,1.49454]]]}},{"type":"Feature","properties":{"class":"green","area_km2":0.133},"geometry":{"type":"Polygon","coordinates":[[[103.73089,1.49617],[103.73229,1.49819],[103.73388,1.49862],[103.73411,1.49768],[103.73551,1.49869],[103.73621,1.49531],[103.73385,1.49628],[103.73221,1.49601],[103.73175,1.4956],[103.73282,1.4947],[103.73112,1.49612],[103.73089,1.49617]]]}},{"type":"Feature","properties":{"class":"green","area_km2":0.037},"geometry":{"type":"Polygon","coordinates":[[[103.72928,1.49186],[103.72983,1.49111],[103.72947,1.48963],[103.73026,1.49023],[103.73035,1.49228],[103.73151,1.49265],[103.73097,1.49337],[103.72979,1.49305],[103.72971,1.49241],[103.72901,1.49248],[103.72928,1.49191],[103.72928,1.49186]]]}},{"type":"Feature","properties":{"class":"green","area_km2":0.04},"geometry":{"type":"Polygon","coordinates":[[[104.00673,1.46489],[104.0086,1.4652],[104.0069,1.46292],[104.00597,1.46283],[104.00604,1.46368],[104.00673,1.46489]]]}},{"type":"Feature","properties":{"class":"green","area_km2":0.031},"geometry":{"type":"Polygon","coordinates":[[[104.00468,1.46501],[104.00411,1.46432],[104.00335,1.46486],[104.00299,1.46437],[104.00471,1.46272],[104.00538,1.46466],[104.00468,1.46501]]]}},{"type":"Feature","properties":{"class":"green","area_km2":0.027},"geometry":{"type":"Polygon","coordinates":[[[103.82781,1.24656],[103.82865,1.24535],[103.82803,1.24488],[103.82842,1.24454],[103.82923,1.2468],[103.82777,1.24795],[103.82792,1.24664],[103.82781,1.24656]]]}},{"type":"Feature","properties":{"class":"green","area_km2":0.046},"geometry":{"type":"Polygon","coordinates":[[[103.7725,1.46543],[103.77295,1.46642],[103.77085,1.46875],[103.77251,1.4684],[103.77308,1.46694],[103.77366,1.46696],[103.77335,1.46654],[103.77437,1.46499],[103.77344,1.46554],[103.77281,1.46503],[103.7725,1.46543]]]}},{"type":"Feature","properties":{"class":"green","area_km2":0.066},"geometry":{"type":"Polygon","coordinates":[[[103.94735,1.1432],[103.94835,1.14147],[103.9483,1.14011],[103.94586,1.14058],[103.94605,1.14199],[103.94721,1.14307],[103.94735,1.1432]]]}},{"type":"Feature","properties":{"class":"green","area_km2":0.158},"geometry":{"type":"Polygon","coordinates":[[[103.9302,1.13773],[103.93193,1.13745],[103.93389,1.13835],[103.93611,1.13529],[103.93648,1.13726],[103.93294,1.13955],[103.92951,1.14],[103.92858,1.13911],[103.92988,1.13822],[103.9302,1.13773]]]}},{"type":"Feature","properties":{"class":"green","area_km2":0.091},"geometry":{"type":"Polygon","coordinates":[[[103.76239,1.36828],[103.76286,1.36611],[103.7659,1.36549],[103.7635,1.36931],[103.76239,1.36828]]]}},{"type":"Feature","properties":{"class":"green","area_km2":0.04},"geometry":{"type":"Polygon","coordinates":[[[103.94359,1.1424],[103.94438,1.14145],[103.94515,1.14185],[103.94611,1.14399],[103.9459,1.14482],[103.94568,1.14392],[103.94377,1.14266],[103.94359,1.1424]]]}},{"type":"Feature","properties":{"class":"green","area_km2":0.024},"geometry":{"type":"Polygon","coordinates":[[[103.94955,1.13837],[103.94918,1.13689],[103.94843,1.13726],[103.95096,1.13502],[103.95113,1.13551],[103.9496,1.13667],[103.94987,1.13835],[103.94955,1.13837]]]}},{"type":"Feature","properties":{"class":"green","area_km2":0.024},"geometry":{"type":"Polygon","coordinates":[[[103.9462,1.13787],[103.94695,1.13711],[103.9461,1.13765],[103.947,1.13895],[103.94604,1.13825],[103.94612,1.13732],[103.94533,1.13708],[103.9466,1.13699],[103.94663,1.13637],[103.9474,1.1368],[103.94707,1.13843],[103.9463,1.13805],[103.9462,1.13787]]]}},{"type":"Feature","properties":{"class":"green","area_km2":0.093},"geometry":{"type":"Polygon","coordinates":[[[103.95422,1.13666],[103.95373,1.13665],[103.95397,1.13432],[103.95318,1.13248],[103.95521,1.13172],[103.95569,1.13222],[103.95362,1.13263],[103.95588,1.1345],[103.95596,1.13563],[103.95561,1.13653],[103.95433,1.13648],[103.95422,1.13666]]]}},{"type":"Feature","properties":{"class":"water","area_km2":0.032},"geometry":{"type":"Polygon","coordinates":[[[103.55905,1.40882],[103.5587,1.40775],[103.56279,1.40987],[103.56081,1.40884],[103.56152,1.4097],[103.56029,1.40937],[103.55957,1.40837],[103.55913,1.40884],[103.55905,1.40882]]]}},{"type":"Feature","properties":{"class":"green","area_km2":0.218},"geometry":{"type":"Polygon","coordinates":[[[103.5562,1.40956],[103.55717,1.4081],[103.56267,1.41057],[103.56331,1.40943],[103.56435,1.40976],[103.5628,1.4134],[103.56102,1.41215],[103.55872,1.41165],[103.55779,1.4103],[103.5562,1.40956]]]}},{"type":"Feature","properties":{"class":"green","area_km2":0.394},"geometry":{"type":"Polygon","coordinates":[[[103.54571,1.40906],[103.54423,1.40835],[103.54403,1.40594],[103.54299,1.40464],[103.54131,1.40397],[103.54142,1.39731],[103.546,1.39953],[103.54637,1.39997],[103.54576,1.40192],[103.54706,1.40444],[103.55056,1.40749],[103.55257,1.40815],[103.55222,1.40866],[103.54799,1.4071],[103.5455,1.40248],[103.54578,1.3997],[103.54376,1.39909],[103.54343,1.39967],[103.54431,1.40357],[103.54529,1.4048],[103.5454,1.40813],[103.54571,1.40906]]]}},{"type":"Feature","properties":{"class":"water","area_km2":0.032},"geometry":{"type":"Polygon","coordinates":[[[103.54789,1.42528],[103.54944,1.42503],[103.5507,1.42233],[103.55302,1.42158],[103.55344,1.42087],[103.55302,1.41989],[103.55389,1.41955],[103.5531,1.41994],[103.55356,1.42105],[103.55276,1.42218],[103.55099,1.4224],[103.55013,1.42374],[103.55053,1.42495],[103.55161,1.42519],[103.55014,1.42452],[103.54827,1.42629],[103.54789,1.42528]]]}},{"type":"Feature","properties":{"class":"green","area_km2":0.874},"geometry":{"type":"Polygon","coordinates":[[[103.55017,1.41463],[103.55222,1.40866],[103.54799,1.4071],[103.5455,1.40248],[103.54578,1.3997],[103.54362,1.39913],[103.54431,1.40357],[103.54529,1.4048],[103.54571,1.40906],[103.54429,1.40844],[103.54396,1.40578],[103.54224,1.40454],[103.54166,1.40527],[103.54249,1.40856],[103.54552,1.41393],[103.54926,1.41526],[103.54986,1.41454],[103.55017,1.41463]]]}},{"type":"Feature","properties":{"class":"water","area_km2":0.027},"geometry":{"type":"Polygon","coordinates":[[[103.55859,1.41637],[103.55809,1.41601],[103.55885,1.41563],[103.56026,1.4169],[103.55859,1.4197],[103.5586,1.41881],[103.56005,1.41692],[103.55877,1.41661],[103.55884,1.41584],[103.55861,1.41633],[103.55859,1.41637]]]}},{"type":"Feature","properties":{"class":"water","area_km2":0.04},"geometry":{"type":"Polygon","coordinates":[[[103.55767,1.42114],[103.55833,1.42088],[103.55811,1.41927],[103.55849,1.42046],[103.55911,1.42046],[103.5609,1.41623],[103.55861,1.41512],[103.55642,1.41587],[103.55424,1.41561],[103.55379,1.41201],[103.55453,1.41554],[103.55877,1.41501],[103.56115,1.41622],[103.55914,1.42055],[103.55772,1.42119],[103.55767,1.42114]]]}},{"type":"Feature","properties":{"class":"water","area_km2":0.021},"geometry":{"type":"Polygon","coordinates":[[[103.54903,1.41965],[103.5506,1.41926],[103.55114,1.41807],[103.55381,1.4179],[103.556,1.41878],[103.55704,1.42017],[103.55576,1.41896],[103.5529,1.41804],[103.55124,1.41831],[103.55079,1.41938],[103.54903,1.41965]]]}},{"type":"Feature","properties":{"class":"water","area_km2":0.022},"geometry":{"type":"Polygon","coordinates":[[[103.88479,1.32595],[103.88516,1.33063],[103.88703,1.33204],[103.88887,1.3325],[103.88544,1.33073],[103.88492,1.32714],[103.88479,1.32595]]]}},{"type":"Feature","properties":{"class":"water","area_km2":0.033},"geometry":{"type":"Polygon","coordinates":[[[103.87444,1.50241],[103.87658,1.50162],[103.87568,1.49998],[103.87466,1.5006],[103.87425,1.50203],[103.87444,1.50241]]]}},{"type":"Feature","properties":{"class":"green","area_km2":0.057},"geometry":{"type":"Polygon","coordinates":[[[103.64368,1.42743],[103.64583,1.42645],[103.64612,1.42546],[103.6477,1.42513],[103.64759,1.42425],[103.64324,1.42632],[103.64368,1.42743]]]}},{"type":"Feature","properties":{"class":"green","area_km2":0.071},"geometry":{"type":"Polygon","coordinates":[[[103.77504,1.50189],[103.77416,1.50083],[103.77544,1.49803],[103.77639,1.49811],[103.77632,1.49868],[103.77709,1.49897],[103.777,1.49996],[103.77504,1.50189]]]}},{"type":"Feature","properties":{"class":"green","area_km2":0.163},"geometry":{"type":"Polygon","coordinates":[[[103.8763,1.4066],[103.87652,1.40328],[103.87284,1.40322],[103.8729,1.40753],[103.8763,1.4066]]]}},{"type":"Feature","properties":{"class":"water","area_km2":0.1},"geometry":{"type":"Polygon","coordinates":[[[104.02558,1.41184],[104.02711,1.4129],[104.03034,1.41316],[104.0269,1.41261],[104.02446,1.4101],[104.0229,1.40942],[104.01496,1.40965],[104.01362,1.41025],[104.00978,1.4212],[104.0106,1.42406],[104.0124,1.42618],[104.01374,1.42717],[104.01667,1.42779],[104.01366,1.42691],[104.01187,1.42539],[104.01002,1.4217],[104.01359,1.41058],[104.01489,1.40985],[104.02252,1.40957],[104.02521,1.41121],[104.02558,1.41184]]]}},{"type":"Feature","properties":{"class":"water","area_km2":0.088},"geometry":{"type":"Polygon","coordinates":[[[104.04248,1.43278],[104.04189,1.43233],[104.04314,1.43431],[104.04285,1.43505],[104.04046,1.43668],[104.03804,1.43695],[104.02994,1.43471],[104.02497,1.43205],[104.02119,1.42827],[104.01964,1.42751],[104.02136,1.42594],[104.01789,1.42817],[104.01934,1.42769],[104.02066,1.42818],[104.02458,1.43203],[104.02953,1.43476],[104.03794,1.43713],[104.04046,1.4369],[104.04302,1.43517],[104.04335,1.43432],[104.04271,1.43316],[104.04248,1.43278]]]}},{"type":"Feature","properties":{"class":"water","area_km2":0.035},"geometry":{"type":"Polygon","coordinates":[[[104.02728,1.42632],[104.02661,1.42458],[104.03065,1.41368],[104.02684,1.4245],[104.02734,1.42618],[104.02728,1.42632]]]}},{"type":"Feature","properties":{"class":"water","area_km2":0.067},"geometry":{"type":"Polygon","coordinates":[[[104.0544,1.38116],[104.05108,1.37962],[104.05014,1.37981],[104.04107,1.39224],[104.03971,1.39232],[104.04039,1.39314],[104.05018,1.3801],[104.05111,1.37987],[104.0544,1.38116]]]}},{"type":"Feature","properties":{"class":"green","area_km2":0.112},"geometry":{"type":"Polygon","coordinates":[[[103.87555,1.40947],[103.88039,1.40842],[103.87928,1.40652],[103.87812,1.40619],[103.87726,1.4064],[103.87756,1.40761],[103.87596,1.40809],[103.8755,1.40922],[103.87555,1.40947]]]}},{"type":"Feature","properties":{"class":"green","area_km2":0.027},"geometry":{"type":"Polygon","coordinates":[[[103.78893,1.40588],[103.78777,1.40586],[103.78787,1.40434],[103.78692,1.40463],[103.78756,1.40656],[103.7887,1.4066],[103.78893,1.40588]]]}},{"type":"Feature","properties":{"class":"water","area_km2":0.025},"geometry":{"type":"Polygon","coordinates":[[[104.04945,1.16022],[104.04959,1.15349],[104.0498,1.16245],[104.04946,1.16071],[104.04945,1.16022]]]}},{"type":"Feature","properties":{"class":"water","area_km2":0.066},"geometry":{"type":"Polygon","coordinates":[[[104.04739,1.16245],[104.04394,1.16022],[104.0498,1.16245],[104.04962,1.16497],[104.04901,1.16351],[104.04742,1.16253],[104.04739,1.16245]]]}},{"type":"Feature","properties":{"class":"green","area_km2":0.022},"geometry":{"type":"Polygon","coordinates":[[[103.72873,1.40153],[103.72696,1.40081],[103.72794,1.40298],[103.72873,1.40153]]]}},{"type":"Feature","properties":{"class":"water","area_km2":0.052},"geometry":{"type":"Polygon","coordinates":[[[103.72736,1.44608],[103.7255,1.44623],[103.72438,1.44473],[103.7251,1.44417],[103.72596,1.44497],[103.72682,1.44483],[103.72733,1.44601],[103.72736,1.44608]],[[103.72469,1.44501],[103.72557,1.44504],[103.72538,1.4458],[103.72479,1.44503],[103.72469,1.44501]],[[103.72598,1.44516],[103.72663,1.44536],[103.72614,1.44583],[103.72599,1.44544],[103.72598,1.44516]]]}},{"type":"Feature","properties":{"class":"water","area_km2":0.05},"geometry":{"type":"Polygon","coordinates":[[[103.7274,1.44613],[103.7256,1.44697],[103.72686,1.44757],[103.72639,1.44789],[103.72685,1.44863],[103.72793,1.4476],[103.72845,1.44852],[103.72756,1.44925],[103.72678,1.44899],[103.72842,1.44952],[103.7288,1.44866],[103.72744,1.44615],[103.7274,1.44613]],[[103.72684,1.44662],[103.7274,1.44695],[103.72683,1.44667],[103.72684,1.44662]]]}},{"type":"Feature","properties":{"class":"water","area_km2":0.092},"geometry":{"type":"Polygon","coordinates":[[[103.83487,1.24012],[103.8368,1.24007],[103.83697,1.23959],[103.83708,1.24044],[103.83841,1.24091],[103.83827,1.24296],[103.83543,1.24161],[103.83462,1.24052],[103.83486,1.23979],[103.83487,1.24012]],[[103.83723,1.24135],[103.83807,1.24259],[103.83805,1.24111],[103.83724,1.2412],[103.83723,1.24135]],[[103.83541,1.2405],[103.83591,1.24155],[103.83675,1.24171],[103.8367,1.24058],[103.8355,1.24049],[103.83541,1.2405]]]}},{"type":"Feature","properties":{"class":"green","area_km2":30.9},"geometry":{"type":"Polygon","coordinates":[[[103.6411,1.3568],[103.6455,1.35836],[103.64505,1.36095],[103.64657,1.36086],[103.64803,1.36192],[103.64924,1.36126],[103.65244,1.36265],[103.65286,1.36136],[103.65208,1.36097],[103.65337,1.36018],[103.65384,1.3582],[103.65497,1.35743],[103.65515,1.35938],[103.65623,1.36044],[103.6544,1.36178],[103.65483,1.3626],[103.6542,1.36486],[103.65247,1.36633],[103.65252,1.36792],[103.65621,1.37259],[103.65741,1.37169],[103.6643,1.37278],[103.66976,1.37283],[103.67031,1.37045],[103.66972,1.36938],[103.6711,1.3679],[103.67084,1.36694],[103.67143,1.36622],[103.67384,1.36671],[103.67416,1.36943],[103.67558,1.37075],[103.67526,1.37164],[103.67465,1.37077],[103.67286,1.37109],[103.67293,1.37168],[103.67396,1.37184],[103.67391,1.37249],[103.67319,1.37231],[103.67243,1.37307],[103.67274,1.37406],[103.67176,1.37354],[103.67057,1.3752],[103.67154,1.37614],[103.67369,1.37675],[103.6737,1.37932],[103.67514,1.37848],[103.67703,1.37829],[103.67837,1.3791],[103.67921,1.3784],[103.67844,1.37938],[103.67955,1.38146],[103.68066,1.38033],[103.68162,1.38068],[103.68226,1.37889],[103.68229,1.38007],[103.68118,1.38151],[103.68211,1.38132],[103.68157,1.38199],[103.68201,1.38291],[103.68144,1.38211],[103.67923,1.38375],[103.67866,1.38137],[103.67745,1.37974],[103.67603,1.37955],[103.67385,1.38114],[103.67373,1.37952],[103.67332,1.38321],[103.66994,1.38337],[103.66903,1.38283],[103.66813,1.38335],[103.66519,1.38241],[103.66492,1.38347],[103.66461,1.38243],[103.6635,1.38184],[103.66194,1.38247],[103.66088,1.38178],[103.6604,1.38302],[103.65841,1.38386],[103.65914,1.38559],[103.66024,1.38608],[103.6601,1.3868],[103.66183,1.38887],[103.6635,1.39247],[103.66754,1.39297],[103.66741,1.39349],[103.66549,1.39386],[103.66545,1.39468],[103.66336,1.39419],[103.66285,1.39473],[103.66313,1.39799],[103.66261,1.3991],[103.66384,1.40219],[103.66294,1.40558],[103.66424,1.40588],[103.66517,1.40703],[103.66546,1.40895],[103.66785,1.40873],[103.67091,1.41128],[103.67035,1.41229],[103.67083,1.41343],[103.67302,1.41398],[103.67168,1.41504],[103.67196,1.41763],[103.67286,1.41849],[103.67226,1.41897],[103.67398,1.42158],[103.67442,1.42151],[103.6745,1.4192],[103.6734,1.41664],[103.67372,1.41548],[103.67462,1.41516],[103.67515,1.41785],[103.67561,1.41766],[103.67628,1.4237],[103.67467,1.42346],[103.67446,1.42439],[103.6766,1.42607],[103.6765,1.42672],[103.67821,1.42893],[103.6806,1.42863],[103.68226,1.42643],[103.68067,1.4251],[103.67858,1.427],[103.6781,1.42609],[103.67732,1.42634],[103.67688,1.42465],[103.67887,1.42354],[103.67993,1.4216],[103.68128,1.42107],[103.68139,1.42175],[103.68375,1.41935],[103.68567,1.41894],[103.68631,1.418],[103.68548,1.41685],[103.68492,1.4171],[103.68511,1.41619],[103.68586,1.41623],[103.68648,1.41765],[103.68807,1.41462],[103.68878,1.41502],[103.68834,1.41613],[103.68875,1.41633],[103.6896,1.415],[103.69064,1.41483],[103.68833,1.41675],[103.68942,1.41629],[103.68998,1.41681],[103.69087,1.41585],[103.69322,1.4167],[103.69384,1.41606],[103.69658,1.41654],[103.69709,1.41855],[103.69872,1.41869],[103.70015,1.42342],[103.69201,1.42553],[103.69115,1.42636],[103.69144,1.42717],[103.6928,1.42784],[103.69167,1.42854],[103.69013,1.42739],[103.6874,1.42778],[103.68601,1.42966],[103.68506,1.42942],[103.68523,1.42893],[103.68398,1.42912],[103.68288,1.43014],[103.68358,1.43103],[103.68618,1.43006],[103.68635,1.43171],[103.68833,1.4322],[103.68883,1.4329],[103.69344,1.43318],[103.69623,1.43496],[103.69835,1.43732],[103.70034,1.43567],[103.70172,1.4374],[103.70266,1.43972],[103.70247,1.44072],[103.70459,1.4433],[103.70622,1.4448],[103.70766,1.44394],[103.70774,1.44232],[103.70522,1.44208],[103.70427,1.43986],[103.70437,1.43921],[103.70625,1.43819],[103.70482,1.43849],[103.70385,1.43736],[103.70389,1.43612],[103.70603,1.43641],[103.70605,1.43598],[103.70795,1.43693],[103.708,1.43379],[103.70628,1.42862],[103.70316,1.43006],[103.70228,1.42779],[103.70361,1.42721],[103.70401,1.42806],[103.7051,1.4275],[103.70467,1.42637],[103.70514,1.42612],[103.7008,1.41663],[103.70012,1.4157],[103.69547,1.41404],[103.69453,1.41309],[103.69352,1.40887],[103.69331,1.40063],[103.69092,1.39614],[103.69122,1.39259],[103.68677,1.38788],[103.68606,1.38817],[103.68326,1.38333],[103.68353,1.37934],[103.685,1.37547],[103.68389,1.36779],[103.68419,1.3651],[103.6837,1.36552],[103.68741,1.36197],[103.69178,1.36135],[103.69375,1.35928],[103.69461,1.35736],[103.6923,1.35623],[103.69017,1.35669],[103.68885,1.35605],[103.68816,1.35692],[103.68735,1.35685],[103.68209,1.35392],[103.67929,1.35115],[103.67909,1.35212],[103.67886,1.35109],[103.67642,1.3504],[103.67603,1.34827],[103.67763,1.34657],[103.67922,1.33972],[103.67804,1.3392],[103.67678,1.33729],[103.67268,1.33717],[103.6729,1.33847],[103.67114,1.33868],[103.6707,1.33714],[103.66982,1.33783],[103.66935,1.3372],[103.66737,1.33886],[103.6669,1.33775],[103.66612,1.33843],[103.66789,1.34222],[103.66595,1.34296],[103.66447,1.3393],[103.6686,1.3351],[103.66869,1.33364],[103.6697,1.33325],[103.66888,1.33107],[103.66931,1.33086],[103.67085,1.33276],[103.67186,1.33229],[103.67172,1.3316],[103.6725,1.33091],[103.66647,1.32898],[103.66536,1.33021],[103.65718,1.33356],[103.65473,1.33609],[103.65712,1.33774],[103.66074,1.33746],[103.66213,1.33837],[103.66128,1.33748],[103.66555,1.33783],[103.66291,1.33878],[103.65863,1.33785],[103.65592,1.33938],[103.65387,1.33822],[103.653,1.33951],[103.65283,1.34245],[103.6532,1.34302],[103.65348,1.34238],[103.65336,1.34311],[103.6463,1.34929],[103.64578,1.3505],[103.64637,1.35125],[103.6448,1.35126],[103.64558,1.35003],[103.64445,1.35092],[103.64387,1.35295],[103.64106,1.35666],[103.6411,1.3568]],[[103.6678,1.40826],[103.66737,1.40785],[103.66785,1.40743],[103.66789,1.4084],[103.6678,1.40826]],[[103.67888,1.40048],[103.67951,1.3983],[103.68096,1.39725],[103.68129,1.39936],[103.68267,1.3992],[103.68322,1.40157],[103.68122,1.40084],[103.68085,1.40228],[103.67906,1.40082],[103.67888,1.40048]],[[103.67858,1.39444],[103.67807,1.39276],[103.6789,1.39131],[103.67967,1.39126],[103.68069,1.39179],[103.67899,1.39419],[103.67858,1.39444]],[[103.6802,1.39324],[103.6809,1.39191],[103.68384,1.39254],[103.68403,1.39668],[103.68318,1.3964],[103.68187,1.39405],[103.68106,1.39606],[103.68024,1.39327],[103.6802,1.39324]],[[103.68399,1.37004],[103.68299,1.37009],[103.68257,1.37217],[103.68326,1.37241],[103.68314,1.37143],[103.68413,1.3717],[103.68425,1.37024],[103.68399,1.37004]],[[103.6822,1.37118],[103.6819,1.36652],[103.68097,1.36697],[103.68028,1.36628],[103.67969,1.37031],[103.68009,1.37228],[103.67936,1.37321],[103.68022,1.37234],[103.68114,1.37295],[103.68231,1.3712],[103.6822,1.37118]],[[103.68202,1.41099],[103.68133,1.41077],[103.6813,1.40973],[103.68217,1.41095],[103.68202,1.41099]],[[103.67604,1.40937],[103.6758,1.40881],[103.6768,1.40846],[103.67604,1.40937]],[[103.68479,1.40415],[103.68182,1.40201],[103.68404,1.40458],[103.68479,1.40415]],[[103.6878,1.4318],[103.68738,1.43025],[103.68874,1.42907],[103.68787,1.43068],[103.6878,1.4318]],[[103.69084,1.42992],[103.6891,1.42836],[103.68992,1.42765],[103.6917,1.42866],[103.69193,1.42989],[103.69131,1.42997],[103.69084,1.42992]],[[103.69359,1.43243],[103.69282,1.43084],[103.69238,1.43103],[103.69274,1.43174],[103.69222,1.4327],[103.69315,1.43291],[103.69359,1.43243]],[[103.69355,1.43042],[103.69349,1.42992],[103.69279,1.43005],[103.6929,1.43057],[103.69355,1.43042]],[[103.68622,1.39458],[103.68536,1.39501],[103.68541,1.39414],[103.68452,1.39401],[103.68419,1.39262],[103.6861,1.39207],[103.6863,1.39465],[103.68622,1.39458]],[[103.66927,1.40239],[103.67022,1.40162],[103.67007,1.40025],[103.67111,1.40043],[103.67018,1.39775],[103.67066,1.3973],[103.67197,1.39891],[103.67259,1.39794],[103.67226,1.39689],[103.67272,1.39628],[103.6717,1.3963],[103.67157,1.39582],[103.67188,1.39407],[103.67033,1.39258],[103.67067,1.39097],[103.67114,1.39084],[103.67164,1.3923],[103.67249,1.39282],[103.67369,1.39245],[103.67312,1.39392],[103.67387,1.39501],[103.67551,1.39263],[103.67512,1.3915],[103.674,1.39153],[103.67443,1.39067],[103.67562,1.39055],[103.6763,1.39154],[103.67759,1.3905],[103.67867,1.39048],[103.67781,1.39271],[103.67681,1.39304],[103.67724,1.39462],[103.67608,1.39596],[103.67672,1.39635],[103.67872,1.39545],[103.67803,1.39755],[103.67937,1.39819],[103.67808,1.40125],[103.67649,1.40082],[103.67586,1.40285],[103.67634,1.40331],[103.67692,1.40248],[103.67926,1.40237],[103.67875,1.40462],[103.67935,1.4061],[103.67986,1.40582],[103.67991,1.40426],[103.68106,1.40511],[103.68211,1.40406],[103.68312,1.40628],[103.68153,1.40622],[103.68295,1.40667],[103.68285,1.40731],[103.68015,1.40723],[103.67953,1.41043],[103.67859,1.41044],[103.67867,1.41112],[103.67776,1.41065],[103.6789,1.40779],[103.67799,1.40652],[103.67715,1.40722],[103.67653,1.40642],[103.67578,1.40754],[103.67479,1.4078],[103.67424,1.40903],[103.67304,1.4094],[103.67107,1.40771],[103.67141,1.40695],[103.67022,1.40648],[103.66902,1.40493],[103.66646,1.40496],[103.6693,1.40229],[103.66927,1.40239]]]}},{"type":"Feature","properties":{"class":"water","area_km2":0.134},"geometry":{"type":"Polygon","coordinates":[[[103.67888,1.40048],[103.67951,1.3983],[103.68096,1.39725],[103.68129,1.39936],[103.68267,1.3992],[103.68322,1.40157],[103.68122,1.40084],[103.68085,1.40228],[103.67906,1.40082],[103.67888,1.40048]]]}},{"type":"Feature","properties":{"class":"water","area_km2":0.057},"geometry":{"type":"Polygon","coordinates":[[[103.67858,1.39444],[103.67807,1.39276],[103.6789,1.39131],[103.67967,1.39126],[103.68069,1.39179],[103.67899,1.39419],[103.67858,1.39444]]]}},{"type":"Feature","properties":{"class":"water","area_km2":0.12},"geometry":{"type":"Polygon","coordinates":[[[103.6802,1.39324],[103.6809,1.39191],[103.68384,1.39254],[103.68403,1.39668],[103.68318,1.3964],[103.68187,1.39405],[103.68106,1.39606],[103.68024,1.39327],[103.6802,1.39324]]]}},{"type":"Feature","properties":{"class":"water","area_km2":0.043},"geometry":{"type":"Polygon","coordinates":[[[103.68622,1.39458],[103.68452,1.39401],[103.68419,1.39262],[103.6861,1.39207],[103.6863,1.39465],[103.68622,1.39458]]]}},{"type":"Feature","properties":{"class":"water","area_km2":1.584},"geometry":{"type":"Polygon","coordinates":[[[103.66902,1.40493],[103.66854,1.40353],[103.66975,1.40319],[103.66927,1.40239],[103.67022,1.40162],[103.67007,1.40025],[103.67114,1.40027],[103.67018,1.39775],[103.67066,1.3973],[103.67197,1.39891],[103.67259,1.39794],[103.67226,1.39689],[103.67272,1.39628],[103.6717,1.3963],[103.67157,1.39582],[103.67188,1.39407],[103.67033,1.39258],[103.67067,1.39097],[103.67114,1.39084],[103.67164,1.3923],[103.67249,1.39282],[103.67369,1.39245],[103.67312,1.39392],[103.67387,1.39501],[103.67551,1.39263],[103.67512,1.3915],[103.674,1.39153],[103.67443,1.39067],[103.67562,1.39055],[103.6763,1.39154],[103.67759,1.3905],[103.67867,1.39048],[103.67781,1.39271],[103.67681,1.39304],[103.67724,1.39462],[103.67608,1.39596],[103.67672,1.39635],[103.67872,1.39545],[103.67803,1.39755],[103.67937,1.39819],[103.67808,1.40125],[103.67649,1.40082],[103.67586,1.40285],[103.67634,1.40331],[103.67692,1.40248],[103.67926,1.40237],[103.67875,1.40462],[103.67935,1.4061],[103.67986,1.40582],[103.67991,1.40426],[103.68106,1.40511],[103.68211,1.40406],[103.68312,1.40628],[103.68153,1.40622],[103.68295,1.40667],[103.68289,1.40725],[103.68015,1.40723],[103.67953,1.41043],[103.67859,1.41044],[103.67867,1.41112],[103.67775,1.41055],[103.67888,1.40816],[103.67832,1.40666],[103.67715,1.40722],[103.67653,1.40642],[103.67578,1.40754],[103.67479,1.4078],[103.67424,1.40903],[103.67304,1.4094],[103.67107,1.40771],[103.67141,1.40695],[103.67022,1.40648],[103.66913,1.40503],[103.66902,1.40493]],[[103.67269,1.40305],[103.67303,1.40283],[103.67268,1.40303],[103.67269,1.40305]]]}},{"type":"Feature","properties":{"class":"water","area_km2":0.027},"geometry":{"type":"Polygon","coordinates":[[[103.8318,1.24013],[103.83276,1.23988],[103.83346,1.2408],[103.83344,1.2389],[103.83277,1.23881],[103.83179,1.2401],[103.8318,1.24013]],[[103.83238,1.23969],[103.83314,1.23996],[103.83314,1.23916],[103.83241,1.23961],[103.83238,1.23969]]]}},{"type":"Feature","properties":{"class":"water","area_km2":0.197},"geometry":{"type":"Polygon","coordinates":[[[103.84199,1.2494],[103.8432,1.25149],[103.84418,1.25079],[103.84439,1.25163],[103.8458,1.25227],[103.84692,1.25178],[103.84694,1.25071],[103.84572,1.2499],[103.84256,1.24493],[103.84227,1.24537],[103.84339,1.24677],[103.8419,1.24927],[103.84199,1.2494]],[[103.84597,1.25194],[103.84478,1.25077],[103.84645,1.25076],[103.84612,1.25195],[103.84597,1.25194]],[[103.84365,1.25056],[103.84512,1.25005],[103.84467,1.24862],[103.84313,1.24978],[103.84355,1.25057],[103.84365,1.25056]],[[103.84215,1.24912],[103.84386,1.24744],[103.84386,1.24863],[103.84222,1.24924],[103.84215,1.24912]]]}},{"type":"Feature","properties":{"class":"water","area_km2":0.119},"geometry":{"type":"Polygon","coordinates":[[[103.84099,1.24194],[103.83941,1.24249],[103.84022,1.24481],[103.83998,1.24639],[103.84119,1.24811],[103.84199,1.24731],[103.8415,1.24232],[103.84099,1.24194]]]}},{"type":"Feature","properties":{"class":"green","area_km2":0.901},"geometry":{"type":"Polygon","coordinates":[[[103.75834,1.41386],[103.76119,1.41703],[103.7624,1.41633],[103.76255,1.41558],[103.76255,1.41617],[103.76561,1.41581],[103.76705,1.41707],[103.76715,1.41619],[103.76754,1.41638],[103.7677,1.41748],[103.76849,1.41727],[103.76902,1.41844],[103.76998,1.41861],[103.76957,1.41691],[103.77008,1.41782],[103.77051,1.41758],[103.77018,1.41889],[103.77103,1.41828],[103.77112,1.41649],[103.77041,1.41655],[103.76928,1.41491],[103.77051,1.41593],[103.77106,1.41551],[103.77113,1.4106],[103.77,1.41084],[103.76949,1.41033],[103.7693,1.41109],[103.7681,1.41108],[103.7681,1.41034],[103.76382,1.41061],[103.76005,1.41255],[103.76228,1.41133],[103.75952,1.41217],[103.75626,1.41177],[103.75575,1.41386],[103.75749,1.41451],[103.75822,1.41388],[103.75834,1.41386]],[[103.75913,1.4135],[103.76002,1.41329],[103.76024,1.41377],[103.75941,1.414],[103.75913,1.4135]]]}},{"type":"Feature","properties":{"class":"water","area_km2":3.148},"geometry":{"type":"Polygon","coordinates":[[[103.8394,1.39773],[103.8367,1.39754],[103.83392,1.3991],[103.8354,1.40076],[103.83468,1.40195],[103.83371,1.40207],[103.83371,1.40358],[103.83647,1.40597],[103.83619,1.40637],[103.83434,1.40674],[103.83107,1.40558],[103.82985,1.4045],[103.82958,1.403],[103.82798,1.4026],[103.82935,1.40898],[103.83035,1.40977],[103.83058,1.40932],[103.832,1.40951],[103.83483,1.41118],[103.83553,1.40961],[103.83896,1.40961],[103.84263,1.40755],[103.844,1.40831],[103.84528,1.40815],[103.84656,1.40876],[103.84753,1.41032],[103.8494,1.41112],[103.84894,1.41255],[103.85218,1.41577],[103.8524,1.41753],[103.85595,1.4215],[103.8572,1.42499],[103.85769,1.42432],[103.85818,1.42459],[103.86285,1.42244],[103.86323,1.42177],[103.86149,1.41898],[103.86127,1.41729],[103.86007,1.41701],[103.85845,1.41419],[103.85436,1.41108],[103.85422,1.4101],[103.85288,1.41018],[103.85102,1.40714],[103.84734,1.40451],[103.84487,1.40366],[103.845,1.40017],[103.84434,1.39982],[103.84282,1.40096],[103.84257,1.40266],[103.84169,1.40208],[103.84126,1.39953],[103.83951,1.39779],[103.8394,1.39773]]]}},{"type":"Feature","properties":{"class":"green","area_km2":1.234},"geometry":{"type":"Polygon","coordinates":[[[103.83483,1.41118],[103.83553,1.40961],[103.83896,1.40961],[103.84263,1.40755],[103.84637,1.40864],[103.84753,1.41032],[103.8494,1.41112],[103.84894,1.41255],[103.85218,1.41577],[103.85343,1.41921],[103.85626,1.42202],[103.85697,1.42472],[103.85416,1.42572],[103.85366,1.4223],[103.84998,1.41701],[103.84531,1.4157],[103.8401,1.41312],[103.83465,1.41166],[103.83483,1.41118]]]}},{"type":"Feature","properties":{"class":"green","area_km2":0.603},"geometry":{"type":"Polygon","coordinates":[[[103.85091,1.40698],[103.85318,1.41011],[103.85416,1.41018],[103.8595,1.41514],[103.86076,1.41599],[103.86116,1.41565],[103.86144,1.41255],[103.86064,1.4104],[103.85891,1.41084],[103.85785,1.4101],[103.85676,1.40872],[103.85745,1.40781],[103.85811,1.408],[103.85536,1.40586],[103.85458,1.40315],[103.85364,1.40311],[103.85091,1.40698]]]}},{"type":"Feature","properties":{"class":"water","area_km2":0.642},"geometry":{"type":"Polygon","coordinates":[[[103.82519,1.37106],[103.82622,1.37013],[103.82533,1.3677],[103.82382,1.36728],[103.8225,1.36561],[103.82334,1.36815],[103.82232,1.36802],[103.81959,1.3658],[103.81887,1.36402],[103.81852,1.36492],[103.81667,1.36518],[103.81868,1.36616],[103.81872,1.36726],[103.82048,1.36785],[103.821,1.36931],[103.81802,1.37078],[103.81587,1.36803],[103.8169,1.37134],[103.8155,1.372],[103.81308,1.37154],[103.81281,1.37556],[103.8141,1.37354],[103.81556,1.37351],[103.81601,1.37451],[103.81635,1.37376],[103.81751,1.37368],[103.81789,1.37521],[103.81555,1.37918],[103.81799,1.37609],[103.81946,1.3774],[103.81961,1.37654],[103.81846,1.37523],[103.81868,1.37369],[103.81982,1.37245],[103.82187,1.37179],[103.82162,1.37357],[103.82317,1.37272],[103.82359,1.37383],[103.82309,1.3748],[103.8241,1.37465],[103.82464,1.37374],[103.82398,1.37181],[103.82494,1.37118],[103.82519,1.37106]]]}},{"type":"Feature","properties":{"class":"green","area_km2":0.053},"geometry":{"type":"Polygon","coordinates":[[[103.82738,1.3694],[103.82642,1.36966],[103.82606,1.36847],[103.82659,1.36832],[103.82593,1.3672],[103.82811,1.36728],[103.82828,1.36926],[103.82741,1.3694],[103.82738,1.3694]]]}},{"type":"Feature","properties":{"class":"green","area_km2":1.432},"geometry":{"type":"Polygon","coordinates":[[[103.82519,1.37106],[103.82675,1.37112],[103.82657,1.37033],[103.82792,1.37052],[103.82758,1.37265],[103.82621,1.37358],[103.82632,1.37647],[103.8279,1.37773],[103.82637,1.37952],[103.82557,1.37969],[103.82388,1.37861],[103.82051,1.38046],[103.81665,1.37978],[103.81326,1.38153],[103.80958,1.37896],[103.80956,1.37759],[103.81187,1.37336],[103.81286,1.37318],[103.81281,1.37556],[103.8141,1.37354],[103.81556,1.37351],[103.81601,1.37451],[103.81635,1.37376],[103.81751,1.37368],[103.81789,1.37521],[103.81555,1.37918],[103.81799,1.37609],[103.81946,1.3774],[103.81961,1.37654],[103.81846,1.37523],[103.81868,1.37369],[103.81982,1.37245],[103.82187,1.37179],[103.82162,1.37357],[103.82317,1.37272],[103.82359,1.37383],[103.82309,1.3748],[103.8241,1.37465],[103.82464,1.37374],[103.82398,1.37181],[103.82494,1.37118],[103.82519,1.37106]],[[103.81157,1.37509],[103.81184,1.37424],[103.81154,1.37508],[103.81157,1.37509]]]}},{"type":"Feature","properties":{"class":"green","area_km2":1.73},"geometry":{"type":"Polygon","coordinates":[[[103.8124,1.37061],[103.81149,1.36984],[103.81218,1.36858],[103.81132,1.36596],[103.8128,1.36265],[103.81684,1.35741],[103.81899,1.35726],[103.82115,1.36103],[103.82801,1.36159],[103.8281,1.36713],[103.82478,1.36687],[103.82425,1.36742],[103.8225,1.36561],[103.82334,1.36808],[103.82278,1.3682],[103.81983,1.36607],[103.81887,1.36402],[103.81852,1.36492],[103.81667,1.36518],[103.81868,1.36616],[103.81872,1.36726],[103.82058,1.36796],[103.82078,1.36961],[103.81802,1.37078],[103.81587,1.36803],[103.81694,1.3706],[103.81662,1.37159],[103.81416,1.37198],[103.81243,1.37059],[103.8124,1.37061]]]}},{"type":"Feature","properties":{"class":"water","area_km2":0.03},"geometry":{"type":"Polygon","coordinates":[[[103.78856,1.35761],[103.78778,1.35617],[103.78822,1.35507],[103.78526,1.35634],[103.78563,1.35676],[103.78674,1.35617],[103.78766,1.35686],[103.78743,1.35771],[103.78829,1.35746],[103.78856,1.35761]]]}},{"type":"Feature","properties":{"class":"water","area_km2":2.997},"geometry":{"type":"Polygon","coordinates":[[[103.81169,1.36506],[103.8122,1.36233],[103.81006,1.36591],[103.8092,1.3664],[103.80886,1.36386],[103.8069,1.36373],[103.80638,1.36261],[103.80479,1.36288],[103.80413,1.36387],[103.80391,1.36062],[103.80346,1.36046],[103.80258,1.3618],[103.80211,1.3607],[103.80142,1.36073],[103.80318,1.36496],[103.80337,1.3658],[103.80278,1.36619],[103.8017,1.36474],[103.80191,1.3634],[103.80052,1.36381],[103.79974,1.36299],[103.80073,1.3611],[103.79867,1.36176],[103.79873,1.35959],[103.79755,1.36075],[103.79689,1.36064],[103.79728,1.35889],[103.79635,1.35818],[103.79567,1.35943],[103.79484,1.3585],[103.79521,1.35667],[103.7936,1.35792],[103.79326,1.35673],[103.79244,1.35731],[103.7919,1.35694],[103.79119,1.35788],[103.78887,1.3571],[103.78938,1.35831],[103.79354,1.3599],[103.79239,1.36058],[103.79417,1.36129],[103.79386,1.36218],[103.793,1.36256],[103.79121,1.36204],[103.78896,1.3603],[103.79161,1.36343],[103.79284,1.36343],[103.79352,1.36482],[103.79355,1.36348],[103.79525,1.36223],[103.79646,1.36246],[103.79681,1.36307],[103.79543,1.36374],[103.79522,1.36478],[103.79635,1.36393],[103.7983,1.36439],[103.79954,1.36621],[103.79918,1.36762],[103.7968,1.36704],[103.7964,1.36578],[103.79523,1.36679],[103.79595,1.36761],[103.7957,1.36852],[103.79421,1.36889],[103.79338,1.36668],[103.79292,1.36916],[103.79216,1.36944],[103.79078,1.36687],[103.79154,1.36498],[103.79039,1.36597],[103.78972,1.36518],[103.79046,1.36331],[103.78954,1.36343],[103.78858,1.36239],[103.78899,1.36425],[103.78739,1.36422],[103.7864,1.36231],[103.78667,1.36099],[103.78611,1.36105],[103.78591,1.36398],[103.78454,1.36374],[103.78397,1.36278],[103.7844,1.36193],[103.78338,1.36065],[103.78368,1.35896],[103.78176,1.36061],[103.78323,1.36135],[103.78327,1.3629],[103.78111,1.36376],[103.7837,1.36415],[103.78314,1.36591],[103.78502,1.36508],[103.78844,1.3663],[103.78946,1.36945],[103.7872,1.37012],[103.78614,1.36774],[103.78622,1.37042],[103.78566,1.37099],[103.78633,1.37297],[103.78762,1.37294],[103.78794,1.37565],[103.78899,1.37257],[103.79114,1.37207],[103.79034,1.37475],[103.79231,1.37433],[103.79321,1.37556],[103.79262,1.37675],[103.79111,1.37773],[103.79394,1.37731],[103.79377,1.37985],[103.79424,1.38012],[103.79465,1.37787],[103.79583,1.37717],[103.79477,1.37675],[103.79369,1.37261],[103.79506,1.3743],[103.79556,1.37253],[103.79711,1.37368],[103.79714,1.37464],[103.7979,1.37442],[103.79988,1.37556],[103.79722,1.37186],[103.79785,1.3711],[103.79864,1.37261],[103.80075,1.37292],[103.80072,1.3721],[103.7993,1.37103],[103.79998,1.36979],[103.80126,1.37044],[103.80234,1.36978],[103.80327,1.37169],[103.80391,1.37046],[103.80538,1.37029],[103.80648,1.37123],[103.80614,1.37201],[103.80529,1.37195],[103.80603,1.37451],[103.80698,1.37407],[103.80822,1.37617],[103.81011,1.37615],[103.81237,1.37078],[103.81149,1.36984],[103.81218,1.36858],[103.81134,1.36716],[103.81156,1.36534],[103.81169,1.36506]],[[103.80679,1.36384],[103.80746,1.36572],[103.80575,1.36587],[103.80534,1.36519],[103.8063,1.36436],[103.80679,1.36384]]]}},{"type":"Feature","properties":{"class":"green","area_km2":0.036},"geometry":{"type":"Polygon","coordinates":[[[103.81308,1.37154],[103.81246,1.37053],[103.81592,1.37157],[103.81694,1.3706],[103.81608,1.37188],[103.81319,1.37159],[103.81308,1.37154]]]}},{"type":"Feature","properties":{"class":"green","area_km2":0.031},"geometry":{"type":"Polygon","coordinates":[[[103.80679,1.36384],[103.80746,1.36572],[103.80575,1.36587],[103.80534,1.36519],[103.8063,1.36436],[103.80679,1.36384]]]}},{"type":"Feature","properties":{"class":"green","area_km2":20.869},"geometry":{"type":"Polygon","coordinates":[[[103.77368,1.40236],[103.77417,1.40181],[103.77436,1.3943],[103.77626,1.3918],[103.7748,1.38935],[103.77467,1.39016],[103.77591,1.38087],[103.77732,1.37583],[103.77878,1.37501],[103.77811,1.37329],[103.78063,1.36167],[103.78398,1.35649],[103.78814,1.35348],[103.78772,1.35397],[103.78822,1.35488],[103.78943,1.35522],[103.78905,1.35357],[103.78827,1.35336],[103.78966,1.35238],[103.78924,1.35314],[103.7913,1.35343],[103.79182,1.35002],[103.79665,1.34907],[103.80393,1.34208],[103.80476,1.34188],[103.80351,1.34262],[103.80414,1.34459],[103.80356,1.34765],[103.80421,1.34896],[103.80761,1.34967],[103.80786,1.35056],[103.80961,1.34957],[103.81118,1.35047],[103.81104,1.34932],[103.81555,1.34572],[103.81625,1.34645],[103.81656,1.34904],[103.81806,1.34534],[103.82094,1.3451],[103.82121,1.34868],[103.82254,1.34624],[103.82335,1.34661],[103.82523,1.34589],[103.8265,1.34722],[103.82659,1.34612],[103.82872,1.34512],[103.82965,1.34594],[103.82901,1.34847],[103.82816,1.349],[103.82611,1.34884],[103.82771,1.34928],[103.82715,1.35085],[103.82838,1.35],[103.82878,1.35115],[103.82939,1.35039],[103.83007,1.35123],[103.83094,1.35023],[103.82973,1.34989],[103.82964,1.34891],[103.83035,1.34779],[103.83108,1.34807],[103.83047,1.34694],[103.83103,1.3454],[103.83289,1.34511],[103.83343,1.34585],[103.8326,1.34867],[103.83427,1.34591],[103.83687,1.34573],[103.83678,1.34636],[103.83538,1.34674],[103.83605,1.34709],[103.83591,1.34771],[103.83532,1.34768],[103.83383,1.34952],[103.8321,1.34995],[103.83203,1.35077],[103.82954,1.35335],[103.82663,1.35418],[103.82673,1.35534],[103.82283,1.35508],[103.82425,1.35856],[103.82668,1.35911],[103.82616,1.36026],[103.82684,1.35998],[103.82587,1.36072],[103.82697,1.36024],[103.82682,1.36121],[103.82122,1.36081],[103.81912,1.35718],[103.81671,1.35718],[103.81269,1.3627],[103.81182,1.36506],[103.8122,1.36233],[103.80949,1.36635],[103.80877,1.36573],[103.80938,1.36488],[103.80886,1.36386],[103.8069,1.36373],[103.80678,1.36278],[103.80479,1.36288],[103.80457,1.36384],[103.80376,1.36352],[103.80371,1.36041],[103.80258,1.3618],[103.80211,1.3607],[103.80119,1.36089],[103.80318,1.36496],[103.80337,1.3658],[103.80278,1.36619],[103.8017,1.36474],[103.80191,1.3634],[103.80052,1.36381],[103.79974,1.36299],[103.80073,1.3611],[103.79867,1.36176],[103.79873,1.35959],[103.79755,1.36075],[103.79689,1.36064],[103.79728,1.35889],[103.79635,1.35818],[103.79567,1.35943],[103.79484,1.3585],[103.79521,1.35667],[103.7936,1.35792],[103.79326,1.35673],[103.79244,1.35731],[103.7919,1.35694],[103.79119,1.35788],[103.78887,1.3571],[103.78938,1.35831],[103.79354,1.3599],[103.79239,1.36058],[103.79253,1.36106],[103.79417,1.36129],[103.79386,1.36218],[103.79239,1.36247],[103.78896,1.3603],[103.79161,1.36343],[103.79284,1.36343],[103.79352,1.36482],[103.79355,1.36348],[103.7959,1.36218],[103.79681,1.36307],[103.79543,1.36374],[103.79522,1.36478],[103.79635,1.36393],[103.79784,1.36413],[103.79954,1.36621],[103.79967,1.36723],[103.7986,1.36768],[103.7968,1.36704],[103.7964,1.36578],[103.79523,1.36679],[103.79594,1.36806],[103.79511,1.36884],[103.79421,1.36889],[103.79338,1.36668],[103.79292,1.36916],[103.79216,1.36944],[103.79078,1.36687],[103.79154,1.36498],[103.79039,1.36597],[103.78972,1.36518],[103.79046,1.36331],[103.78954,1.36343],[103.78858,1.36239],[103.78899,1.36425],[103.78739,1.36422],[103.7864,1.36231],[103.78667,1.36099],[103.78611,1.36105],[103.78606,1.36362],[103.7853,1.36412],[103.78407,1.36328],[103.7844,1.36193],[103.78338,1.36065],[103.78371,1.35898],[103.78284,1.36006],[103.78186,1.36002],[103.78176,1.36061],[103.78307,1.3612],[103.78343,1.36211],[103.78287,1.36342],[103.78116,1.36382],[103.7837,1.36415],[103.78314,1.36591],[103.78502,1.36508],[103.78844,1.3663],[103.78953,1.36856],[103.78919,1.36976],[103.78746,1.37018],[103.78647,1.36944],[103.78614,1.36774],[103.78605,1.37079],[103.78427,1.37146],[103.78197,1.37109],[103.78181,1.37386],[103.78422,1.37436],[103.78392,1.3756],[103.78516,1.37509],[103.78595,1.37574],[103.78643,1.37293],[103.78735,1.37273],[103.78796,1.37351],[103.78794,1.37565],[103.78899,1.37257],[103.79114,1.37207],[103.79034,1.37475],[103.79231,1.37433],[103.79321,1.37556],[103.79262,1.37675],[103.79111,1.37773],[103.79394,1.37731],[103.79377,1.37985],[103.79424,1.38012],[103.79465,1.37787],[103.79583,1.37717],[103.79477,1.37675],[103.79369,1.37261],[103.79506,1.3743],[103.79556,1.37253],[103.79711,1.37368],[103.79714,1.37464],[103.7979,1.37442],[103.79955,1.37565],[103.79739,1.37252],[103.79754,1.37114],[103.79864,1.37261],[103.80075,1.37292],[103.80072,1.3721],[103.7993,1.37103],[103.79955,1.36994],[103.80126,1.37044],[103.80234,1.36978],[103.80327,1.37169],[103.80391,1.37046],[103.80472,1.37103],[103.80538,1.37029],[103.80648,1.37123],[103.80614,1.37201],[103.80529,1.37195],[103.80603,1.37451],[103.80698,1.37407],[103.80822,1.37617],[103.81011,1.37615],[103.81061,1.37428],[103.8115,1.37378],[103.80934,1.37794],[103.80993,1.37954],[103.81337,1.38165],[103.81537,1.38109],[103.81667,1.37987],[103.81773,1.38009],[103.81917,1.38328],[103.81936,1.3853],[103.81874,1.38664],[103.81712,1.38639],[103.81669,1.38704],[103.81791,1.38835],[103.81767,1.38998],[103.81856,1.39346],[103.81449,1.39637],[103.81289,1.40007],[103.81036,1.40038],[103.80906,1.39966],[103.80889,1.40032],[103.80768,1.39934],[103.80859,1.4003],[103.80632,1.40034],[103.8035,1.39683],[103.80253,1.39718],[103.80108,1.39551],[103.79939,1.39539],[103.79912,1.39661],[103.79851,1.39672],[103.79626,1.39479],[103.79537,1.39274],[103.79576,1.39208],[103.79492,1.39147],[103.7957,1.38891],[103.79641,1.38871],[103.79546,1.38793],[103.79568,1.3853],[103.79435,1.39054],[103.79342,1.39095],[103.7913,1.39026],[103.79322,1.39105],[103.79481,1.39335],[103.79485,1.39507],[103.79411,1.39538],[103.7954,1.39649],[103.79554,1.39739],[103.79458,1.39784],[103.79362,1.39655],[103.79095,1.39656],[103.79069,1.3948],[103.78891,1.39574],[103.78703,1.3944],[103.7871,1.39335],[103.78819,1.39283],[103.78716,1.39179],[103.78715,1.39072],[103.78845,1.39011],[103.78736,1.38994],[103.78689,1.38793],[103.78904,1.38653],[103.78757,1.38653],[103.78705,1.38393],[103.7862,1.39122],[103.78497,1.39224],[103.78361,1.39096],[103.78334,1.38815],[103.78237,1.38714],[103.78405,1.3847],[103.7823,1.3857],[103.78108,1.38384],[103.78117,1.38236],[103.78055,1.38221],[103.78038,1.38318],[103.77982,1.38318],[103.78134,1.38483],[103.78187,1.38766],[103.78144,1.38904],[103.78232,1.39066],[103.78179,1.39143],[103.78006,1.39186],[103.77882,1.38965],[103.77915,1.39164],[103.77751,1.39187],[103.77759,1.39271],[103.78181,1.39264],[103.78412,1.39407],[103.78475,1.39548],[103.78343,1.39602],[103.7767,1.39483],[103.77665,1.39536],[103.77767,1.3956],[103.77726,1.39663],[103.77826,1.39596],[103.77931,1.39678],[103.78025,1.39649],[103.7809,1.3975],[103.78191,1.39694],[103.78221,1.39817],[103.78254,1.39702],[103.78448,1.39699],[103.78571,1.39736],[103.78559,1.39872],[103.78665,1.39799],[103.78726,1.39831],[103.78498,1.40069],[103.78203,1.40057],[103.78341,1.40124],[103.783,1.40222],[103.78384,1.40463],[103.78528,1.40601],[103.78406,1.40708],[103.78205,1.40541],[103.78162,1.40375],[103.77986,1.40319],[103.77917,1.4055],[103.77971,1.40886],[103.77899,1.40825],[103.77908,1.40962],[103.77838,1.41055],[103.77618,1.41054],[103.77556,1.41013],[103.77571,1.40697],[103.7739,1.40622],[103.77345,1.40464],[103.77436,1.40513],[103.77452,1.40474],[103.77358,1.40298],[103.77368,1.40236]],[[103.78674,1.37814],[103.78732,1.37803],[103.78676,1.37797],[103.78674,1.37814]],[[103.80736,1.39315],[103.8112,1.39628],[103.81156,1.39584],[103.80736,1.39218],[103.80689,1.39231],[103.8072,1.39306],[103.80736,1.39315]],[[103.80548,1.39524],[103.80978,1.3984],[103.80563,1.39446],[103.80534,1.39523],[103.80548,1.39524]],[[103.78856,1.35761],[103.78778,1.35617],[103.78822,1.35507],[103.78526,1.35634],[103.78563,1.35676],[103.78674,1.35617],[103.78766,1.35686],[103.78743,1.35771],[103.78829,1.35746],[103.78856,1.35761]],[[103.77885,1.40259],[103.77837,1.40348],[103.7808,1.40309],[103.78082,1.40095],[103.77973,1.3992],[103.77852,1.39943],[103.77878,1.40241],[103.77885,1.40259]],[[103.8033,1.37458],[103.8028,1.37667],[103.80102,1.37586],[103.80212,1.37362],[103.8034,1.37399],[103.80482,1.37347],[103.80492,1.3744],[103.80398,1.37443],[103.8033,1.37458]],[[103.81683,1.3916],[103.81489,1.38841],[103.8158,1.38811],[103.81697,1.39151],[103.81683,1.3916]],[[103.80471,1.35565],[103.80503,1.35519],[103.80463,1.35557],[103.80471,1.35565]],[[103.77961,1.37118],[103.77961,1.37213],[103.7801,1.37212],[103.77975,1.37118],[103.77961,1.37118]],[[103.77858,1.37298],[103.7817,1.37295],[103.77897,1.37255],[103.77893,1.37193],[103.7785,1.37297],[103.77858,1.37298]],[[103.80795,1.37784],[103.80846,1.37784],[103.80795,1.37748],[103.80795,1.37784]],[[103.81622,1.35651],[103.81613,1.35602],[103.81455,1.356],[103.81242,1.35809],[103.81357,1.35878],[103.81476,1.3574],[103.81556,1.35784],[103.81614,1.35671],[103.81622,1.35651]]]}},{"type":"Feature","properties":{"class":"green","area_km2":9.394},"geometry":{"type":"Polygon","coordinates":[[[103.96879,1.41916],[103.95955,1.41723],[103.95934,1.41591],[103.96032,1.41516],[103.96261,1.41728],[103.96074,1.41562],[103.95963,1.41623],[103.96046,1.41566],[103.96192,1.41729],[103.96397,1.41805],[103.96455,1.41722],[103.9639,1.41792],[103.96313,1.41705],[103.96476,1.41712],[103.96528,1.41594],[103.96268,1.41712],[103.96365,1.41568],[103.96302,1.41439],[103.96458,1.41567],[103.96517,1.41503],[103.96448,1.41544],[103.96417,1.41496],[103.96507,1.41455],[103.96379,1.41474],[103.96348,1.41329],[103.96178,1.41431],[103.96303,1.4148],[103.96134,1.41492],[103.96112,1.41418],[103.9633,1.41296],[103.96526,1.41326],[103.96644,1.41189],[103.96539,1.41217],[103.96611,1.41201],[103.96484,1.41329],[103.96414,1.41214],[103.9619,1.41263],[103.95999,1.41161],[103.96015,1.41067],[103.95989,1.4117],[103.96189,1.41268],[103.96414,1.41229],[103.96411,1.41277],[103.96196,1.41334],[103.96067,1.41267],[103.96134,1.41263],[103.96066,1.41205],[103.96033,1.41362],[103.96189,1.41338],[103.96096,1.41467],[103.9631,1.41501],[103.96347,1.41567],[103.96254,1.41677],[103.96056,1.41495],[103.95949,1.41534],[103.96079,1.4138],[103.95963,1.41376],[103.96073,1.41383],[103.95867,1.41569],[103.95933,1.41511],[103.95879,1.41739],[103.95658,1.41728],[103.95539,1.41907],[103.95356,1.41917],[103.95266,1.41859],[103.94975,1.42001],[103.94837,1.42001],[103.94893,1.42159],[103.94805,1.42247],[103.93573,1.42733],[103.93369,1.42768],[103.93258,1.42628],[103.93038,1.42635],[103.92929,1.42436],[103.9265,1.42391],[103.92622,1.42239],[103.92836,1.41909],[103.92948,1.41891],[103.93071,1.4173],[103.93415,1.41798],[103.9329,1.418],[103.9345,1.41834],[103.93507,1.42049],[103.93503,1.41831],[103.93418,1.41792],[103.93397,1.41612],[103.93443,1.41569],[103.93813,1.41498],[103.93769,1.41569],[103.94205,1.41845],[103.94081,1.41741],[103.9406,1.41624],[103.94074,1.4174],[103.94039,1.4166],[103.93987,1.41671],[103.93962,1.41503],[103.93904,1.41493],[103.94054,1.41367],[103.94078,1.4126],[103.94506,1.41139],[103.94727,1.40987],[103.9486,1.40984],[103.94887,1.40815],[103.95061,1.40605],[103.95037,1.40691],[103.95187,1.4077],[103.95104,1.40916],[103.95211,1.40954],[103.95231,1.41027],[103.95309,1.40987],[103.95169,1.40877],[103.95269,1.40716],[103.95252,1.40641],[103.95079,1.40578],[103.95221,1.4059],[103.95284,1.40658],[103.95199,1.40911],[103.95328,1.40959],[103.95382,1.40905],[103.95429,1.41024],[103.95534,1.40983],[103.9564,1.41063],[103.95618,1.41123],[103.95707,1.41053],[103.95768,1.41116],[103.95744,1.41057],[103.95457,1.40969],[103.95414,1.40854],[103.9532,1.40937],[103.95232,1.40857],[103.9533,1.40709],[103.95331,1.40566],[103.95441,1.40509],[103.95548,1.40304],[103.95698,1.40217],[103.95745,1.40274],[103.95861,1.40232],[103.95789,1.40346],[103.95894,1.40373],[103.95811,1.40356],[103.95809,1.40471],[103.95862,1.40452],[103.95809,1.40454],[103.95821,1.40385],[103.9598,1.40423],[103.96074,1.40501],[103.96073,1.4059],[103.96102,1.40436],[103.95877,1.40342],[103.96009,1.40359],[103.96049,1.40426],[103.96106,1.40378],[103.96138,1.40629],[103.9607,1.40618],[103.96136,1.40911],[103.96211,1.41029],[103.96224,1.40948],[103.96271,1.41008],[103.96142,1.40572],[103.96465,1.40403],[103.9622,1.40516],[103.96415,1.40401],[103.96207,1.40484],[103.96191,1.4042],[103.96435,1.40339],[103.96144,1.40445],[103.96123,1.40381],[103.96423,1.40288],[103.96051,1.40411],[103.95944,1.40302],[103.95835,1.4033],[103.95897,1.40276],[103.95866,1.40197],[103.95759,1.40237],[103.95816,1.39938],[103.96232,1.40013],[103.96068,1.4003],[103.96151,1.40115],[103.96304,1.40096],[103.96221,1.40101],[103.96277,1.40115],[103.96163,1.4028],[103.96315,1.40096],[103.96243,1.40265],[103.96357,1.4011],[103.96402,1.40129],[103.96328,1.40244],[103.96407,1.40129],[103.96457,1.40153],[103.96402,1.40254],[103.96126,1.40315],[103.96166,1.40232],[103.96065,1.40305],[103.96101,1.40205],[103.96051,1.40239],[103.96012,1.40172],[103.95955,1.40275],[103.95993,1.40336],[103.96444,1.40267],[103.96487,1.40133],[103.96244,1.40025],[103.96506,1.40116],[103.96733,1.40093],[103.96937,1.40253],[103.97025,1.40255],[103.97037,1.40191],[103.97326,1.4031],[103.97428,1.40441],[103.97338,1.40587],[103.97439,1.40598],[103.97383,1.40676],[103.97454,1.40705],[103.97442,1.406],[103.97601,1.40668],[103.97627,1.40833],[103.97722,1.40849],[103.97747,1.40765],[103.97649,1.40721],[103.97683,1.40688],[103.97865,1.40806],[103.98126,1.4071],[103.9833,1.40758],[103.98412,1.40688],[103.98639,1.40766],[103.98857,1.40729],[103.98832,1.40767],[103.98908,1.40824],[103.99226,1.40798],[103.99045,1.40999],[103.99189,1.41494],[103.99123,1.41673],[103.98968,1.41811],[103.98673,1.41811],[103.9857,1.41912],[103.98381,1.41787],[103.98169,1.41813],[103.97948,1.41708],[103.97549,1.41852],[103.97484,1.4169],[103.97414,1.41744],[103.9737,1.41686],[103.97389,1.41626],[103.97497,1.41614],[103.97473,1.41532],[103.9738,1.41493],[103.97364,1.41587],[103.97256,1.41642],[103.97174,1.41583],[103.97291,1.41546],[103.97326,1.41469],[103.97364,1.41314],[103.973,1.41102],[103.97073,1.41062],[103.96964,1.40974],[103.96785,1.41017],[103.96968,1.40983],[103.97091,1.41077],[103.96923,1.41012],[103.97006,1.41084],[103.96947,1.41221],[103.9708,1.41103],[103.9698,1.4127],[103.96889,1.41208],[103.96978,1.41095],[103.96889,1.41015],[103.96914,1.41108],[103.96794,1.41061],[103.96902,1.41106],[103.96866,1.41159],[103.96719,1.41125],[103.96962,1.41285],[103.96773,1.41184],[103.96828,1.41258],[103.9674,1.41238],[103.96963,1.41349],[103.97108,1.41071],[103.973,1.41125],[103.97102,1.41125],[103.97304,1.41152],[103.97332,1.41369],[103.97278,1.41191],[103.97089,1.41143],[103.97065,1.41191],[103.97137,1.41239],[103.97044,1.41225],[103.96987,1.41318],[103.97096,1.41415],[103.97323,1.41376],[103.97298,1.41478],[103.97302,1.41419],[103.97244,1.41461],[103.97195,1.41411],[103.97291,1.41484],[103.97276,1.41547],[103.97149,1.4143],[103.97115,1.41496],[103.97207,1.41516],[103.97161,1.4157],[103.9722,1.41656],[103.97346,1.4161],[103.97349,1.4169],[103.97315,1.41645],[103.97285,1.417],[103.97405,1.41772],[103.97473,1.41724],[103.97463,1.41808],[103.97319,1.41722],[103.9736,1.41813],[103.97428,1.418],[103.97291,1.41921],[103.97058,1.41957],[103.9688,1.41911],[103.96879,1.41916]],[[103.93434,1.42111],[103.93565,1.42276],[103.93559,1.42164],[103.93639,1.42207],[103.93551,1.42046],[103.93419,1.42072],[103.93434,1.42111]],[[103.93302,1.42342],[103.93356,1.42328],[103.933,1.42331],[103.93302,1.42342]],[[103.93648,1.41734],[103.93673,1.41814],[103.93697,1.41694],[103.93639,1.41729],[103.93648,1.41734]],[[103.96715,1.41864],[103.96968,1.41921],[103.96949,1.41788],[103.96861,1.41881],[103.96792,1.41672],[103.96641,1.41704],[103.96698,1.41854],[103.96715,1.41864]],[[103.97096,1.41932],[103.9719,1.41894],[103.97133,1.41708],[103.97048,1.4183],[103.9711,1.41829],[103.97044,1.4189],[103.97091,1.41913],[103.97096,1.41932]],[[103.94771,1.4118],[103.94475,1.41273],[103.94454,1.41369],[103.94778,1.41425],[103.94956,1.41342],[103.9531,1.41415],[103.95127,1.41118],[103.95078,1.41102],[103.95051,1.41219],[103.94974,1.41248],[103.9483,1.41201],[103.94771,1.4118]],[[103.9858,1.41455],[103.98638,1.41631],[103.98737,1.41618],[103.98914,1.41774],[103.99064,1.41599],[103.98777,1.41403],[103.98636,1.41373],[103.98563,1.41421],[103.9858,1.41455]],[[103.98264,1.41474],[103.98346,1.41498],[103.98472,1.41388],[103.98314,1.4133],[103.98188,1.41379],[103.9826,1.41427],[103.98264,1.41474]],[[103.97854,1.40815],[103.97867,1.41048],[103.97864,1.40815],[103.97854,1.40815]],[[103.97823,1.40951],[103.97748,1.40853],[103.97768,1.40779],[103.97846,1.40808],[103.97841,1.40932],[103.97823,1.40951]],[[103.97538,1.40772],[103.97566,1.40739],[103.97524,1.40759],[103.97538,1.40772]],[[103.97591,1.40742],[103.97535,1.40691],[103.97605,1.40722],[103.97591,1.40742]],[[103.97361,1.40689],[103.97357,1.40639],[103.97319,1.4067],[103.97356,1.4061],[103.97371,1.40687],[103.97361,1.40689]],[[103.97113,1.40639],[103.97294,1.40614],[103.97276,1.40562],[103.97076,1.40542],[103.97122,1.40622],[103.97113,1.40639]],[[103.97135,1.40767],[103.97104,1.40697],[103.97283,1.4068],[103.97175,1.40779],[103.97122,1.40711],[103.9714,1.40768],[103.97135,1.40767]],[[103.97253,1.40746],[103.97219,1.40826],[103.97258,1.40746],[103.97253,1.40746]],[[103.97027,1.40651],[103.97016,1.40594],[103.97056,1.40643],[103.97027,1.40651]],[[103.97005,1.40556],[103.97001,1.40476],[103.97057,1.40547],[103.97014,1.40551],[103.97005,1.40556]],[[103.96769,1.41053],[103.96872,1.41125],[103.96736,1.41096],[103.96765,1.41058],[103.96769,1.41053]],[[103.96731,1.41219],[103.96647,1.41221],[103.96725,1.41216],[103.96731,1.41219]],[[103.96715,1.41062],[103.96764,1.41019],[103.9672,1.4105],[103.96715,1.41062]],[[103.96671,1.41157],[103.96702,1.41086],[103.96675,1.41149],[103.96671,1.41157]],[[103.96739,1.40272],[103.96624,1.40243],[103.96525,1.40411],[103.96797,1.40581],[103.96849,1.40464],[103.96761,1.40386],[103.96713,1.40433],[103.96755,1.4029],[103.96739,1.40272]],[[103.96038,1.40064],[103.96098,1.40066],[103.96045,1.40056],[103.96038,1.40064]],[[103.96411,1.40207],[103.96433,1.40156],[103.96409,1.40199],[103.96411,1.40207]],[[103.96383,1.40504],[103.96481,1.40434],[103.96397,1.40519],[103.96383,1.40504]],[[103.96264,1.40883],[103.96397,1.40907],[103.96281,1.4088],[103.96264,1.40883]],[[103.96514,1.409],[103.96567,1.40924],[103.96525,1.40904],[103.96514,1.409]],[[103.96005,1.41721],[103.96056,1.41595],[103.9603,1.41713],[103.96005,1.41721]],[[103.95787,1.41283],[103.9585,1.41285],[103.95849,1.41359],[103.95785,1.41357],[103.95787,1.41283]],[[103.95869,1.41355],[103.95867,1.41284],[103.95938,1.41288],[103.95934,1.41358],[103.95869,1.41355]],[[103.95959,1.41359],[103.9596,1.4129],[103.96035,1.41292],[103.96023,1.41363],[103.95959,1.41359]],[[103.95786,1.41272],[103.95797,1.41191],[103.95859,1.41194],[103.95854,1.41274],[103.95786,1.41272]],[[103.9587,1.41274],[103.95873,1.41197],[103.95938,1.41199],[103.95936,1.41274],[103.9587,1.41274]],[[103.95963,1.41279],[103.96002,1.41193],[103.96052,1.41201],[103.96035,1.41283],[103.95963,1.41279]],[[103.95872,1.41187],[103.95874,1.41103],[103.95941,1.41116],[103.9594,1.41189],[103.95872,1.41187]],[[103.95788,1.41181],[103.95802,1.41092],[103.95862,1.41098],[103.95859,1.41183],[103.95788,1.41181]],[[103.9579,1.41113],[103.95785,1.41069],[103.95945,1.41092],[103.95954,1.41156],[103.95943,1.41099],[103.95791,1.41105],[103.9579,1.41113]],[[103.95951,1.41219],[103.95948,1.41346],[103.95952,1.41164],[103.9595,1.41213],[103.95951,1.41219]],[[103.96185,1.4104],[103.96036,1.41081],[103.96175,1.4123],[103.96281,1.41193],[103.9618,1.41224],[103.96053,1.41095],[103.96112,1.41039],[103.96166,1.41128],[103.96182,1.41049],[103.96185,1.4104]],[[103.96173,1.41042],[103.96125,1.40946],[103.96174,1.41038],[103.96173,1.41042]],[[103.95559,1.4079],[103.95655,1.40803],[103.95908,1.41021],[103.96011,1.40999],[103.95963,1.40866],[103.95751,1.40742],[103.95631,1.40587],[103.95561,1.40722],[103.95536,1.40684],[103.95544,1.40784],[103.95559,1.4079]],[[103.9565,1.41719],[103.95629,1.41641],[103.95652,1.41715],[103.9565,1.41719]],[[103.95516,1.41734],[103.95526,1.416],[103.95396,1.41553],[103.95305,1.416],[103.95371,1.41791],[103.95437,1.41813],[103.95496,1.41733],[103.95516,1.41734]],[[103.95329,1.40776],[103.95392,1.40763],[103.95367,1.4066],[103.95342,1.40758],[103.95329,1.40776]]]}},{"type":"Feature","properties":{"class":"green","area_km2":0.103},"geometry":{"type":"Polygon","coordinates":[[[103.94559,1.40764],[103.94724,1.40732],[103.94841,1.40488],[103.95244,1.40329],[103.95128,1.40144],[103.94999,1.40212],[103.94872,1.40463],[103.94574,1.40748],[103.94559,1.40764]],[[103.95,1.40296],[103.95069,1.4032],[103.95001,1.40285],[103.95,1.40296]]]}},{"type":"Feature","properties":{"class":"green","area_km2":48.23},"geometry":{"type":"Polygon","coordinates":[[[104.05525,1.35953],[104.08009,1.38769],[104.0799,1.3891],[104.08324,1.38829],[104.07979,1.38233],[104.07631,1.37289],[104.07472,1.3665],[104.07437,1.3584],[104.0731,1.35651],[104.07473,1.35282],[104.07525,1.35231],[104.07625,1.35261],[104.08289,1.34184],[104.08302,1.34098],[104.08227,1.34102],[104.08198,1.33972],[104.0805,1.33894],[104.07822,1.34032],[104.07186,1.34578],[104.07369,1.3477],[104.0718,1.34821],[104.07054,1.34701],[104.07152,1.34609],[104.05696,1.35811],[104.08087,1.33778],[104.08267,1.33762],[104.0839,1.33859],[104.08402,1.34079],[104.07941,1.34767],[104.07549,1.355],[104.07458,1.36154],[104.07551,1.36899],[104.07878,1.37916],[104.08796,1.39704],[104.08849,1.4008],[104.08808,1.40441],[104.08655,1.4063],[104.0837,1.40707],[104.08564,1.41005],[104.08159,1.41807],[104.06949,1.42735],[104.05851,1.43174],[104.05513,1.43155],[104.05468,1.43306],[104.05355,1.43378],[104.04682,1.43502],[104.04386,1.43947],[104.04161,1.44052],[104.03775,1.44068],[104.02449,1.43713],[104.02125,1.43524],[104.01687,1.43126],[104.01632,1.43005],[104.01121,1.42607],[104.00908,1.42224],[104.00933,1.41859],[104.012,1.41082],[104.01333,1.40928],[104.02284,1.40859],[104.02484,1.40939],[104.02706,1.41185],[104.03033,1.41175],[104.02832,1.40791],[104.0293,1.40515],[104.03014,1.40445],[104.02883,1.40293],[104.02589,1.40169],[104.02218,1.4021],[104.02087,1.40154],[104.01561,1.40162],[104.01705,1.39608],[104.02055,1.38985],[104.02338,1.38663],[104.05419,1.36044],[104.05525,1.35953]]]}},{"type":"Feature","properties":{"class":"water","area_km2":0.033},"geometry":{"type":"Polygon","coordinates":[[[103.86232,1.28251],[103.86005,1.27746],[103.86103,1.27962],[103.86149,1.27994],[103.8617,1.27944],[103.8618,1.28082],[103.86236,1.28074],[103.86317,1.282],[103.86258,1.28203],[103.86268,1.28295],[103.8638,1.28358],[103.86294,1.28439],[103.86282,1.28572],[103.86236,1.28265],[103.86232,1.28251]]]}},{"type":"Feature","properties":{"class":"water","area_km2":0.037},"geometry":{"type":"Polygon","coordinates":[[[103.99016,1.39022],[103.99048,1.39086],[103.99129,1.39081],[103.99217,1.39036],[103.99243,1.38844],[103.99537,1.38863],[103.99585,1.38759],[103.99526,1.38849],[103.99224,1.38815],[103.99166,1.38847],[103.9918,1.38989],[103.99017,1.39022],[103.99016,1.39022]],[[103.99106,1.39026],[103.99188,1.39015],[103.99104,1.39034],[103.99106,1.39026]]]}},{"type":"Feature","properties":{"class":"water","area_km2":0.047},"geometry":{"type":"Polygon","coordinates":[[[103.76288,1.42615],[103.76456,1.42507],[103.76132,1.4273],[103.76056,1.43364],[103.7598,1.43552],[103.7623,1.43803],[103.76228,1.4364],[103.76176,1.43675],[103.76003,1.43513],[103.76078,1.43353],[103.76148,1.42758],[103.76242,1.42641],[103.76288,1.42615]],[[103.76017,1.43556],[103.76153,1.43669],[103.76014,1.43558],[103.76017,1.43556]]]}},{"type":"Feature","properties":{"class":"water","area_km2":3.578},"geometry":{"type":"Polygon","coordinates":[[[103.6411,1.3568],[103.6455,1.35836],[103.64505,1.36095],[103.64657,1.36086],[103.64803,1.36192],[103.64924,1.36126],[103.65244,1.36265],[103.65286,1.36136],[103.65208,1.36097],[103.65337,1.36018],[103.65384,1.3582],[103.65497,1.35743],[103.65515,1.35938],[103.65623,1.36044],[103.6544,1.36178],[103.65483,1.3626],[103.6542,1.36486],[103.65247,1.36633],[103.65252,1.36792],[103.65621,1.37259],[103.65741,1.37169],[103.6643,1.37278],[103.66976,1.37283],[103.67031,1.37045],[103.66972,1.36938],[103.6711,1.3679],[103.67084,1.36694],[103.67143,1.36622],[103.67384,1.36671],[103.67416,1.36943],[103.67558,1.37075],[103.67526,1.37164],[103.67465,1.37077],[103.67286,1.37109],[103.67293,1.37168],[103.67396,1.37184],[103.67391,1.37249],[103.67319,1.37231],[103.67243,1.37307],[103.67274,1.37406],[103.67176,1.37354],[103.67057,1.3752],[103.67154,1.37614],[103.67369,1.37675],[103.6737,1.37932],[103.67514,1.37848],[103.67703,1.37829],[103.67837,1.3791],[103.67921,1.3784],[103.67844,1.37938],[103.67955,1.38146],[103.68066,1.38033],[103.68162,1.38068],[103.68226,1.37889],[103.68229,1.38007],[103.68118,1.38151],[103.68211,1.38132],[103.68157,1.38199],[103.68201,1.38291],[103.68144,1.38211],[103.67923,1.38375],[103.67866,1.38137],[103.67745,1.37974],[103.67603,1.37955],[103.67385,1.38114],[103.67373,1.37952],[103.67332,1.38321],[103.66994,1.38337],[103.66903,1.38283],[103.66813,1.38335],[103.66519,1.38241],[103.66492,1.38347],[103.66461,1.38243],[103.6635,1.38184],[103.66194,1.38247],[103.66088,1.38178],[103.6604,1.38302],[103.65889,1.38397],[103.65812,1.38343],[103.65843,1.38289],[103.65741,1.38212],[103.65371,1.37449],[103.65471,1.37227],[103.65259,1.37005],[103.65122,1.3701],[103.65018,1.37137],[103.64371,1.35919],[103.64084,1.35688],[103.6411,1.3568]]]}},{"type":"Feature","properties":{"class":"water","area_km2":0.67},"geometry":{"type":"Polygon","coordinates":[[[104.04585,1.42028],[104.04673,1.41956],[104.04777,1.41995],[104.05069,1.41914],[104.04824,1.41742],[104.04582,1.41721],[104.04527,1.41489],[104.04442,1.41441],[104.04558,1.41255],[104.04912,1.41148],[104.04913,1.4107],[104.04822,1.41082],[104.04783,1.41018],[104.04609,1.41112],[104.04478,1.4105],[104.04427,1.41198],[104.04296,1.4121],[104.04225,1.41104],[104.04151,1.41113],[104.03905,1.41316],[104.03961,1.41387],[104.03928,1.41947],[104.04097,1.41616],[104.04199,1.41688],[104.04215,1.41794],[104.04332,1.41701],[104.0439,1.41725],[104.04313,1.42038],[104.04229,1.42109],[104.04357,1.4213],[104.04382,1.42372],[104.04421,1.41971],[104.04532,1.41926],[104.04574,1.41974],[104.04585,1.42028]]]}},{"type":"Feature","properties":{"class":"green","area_km2":0.036},"geometry":{"type":"Polygon","coordinates":[[[103.74281,1.43926],[103.73836,1.4389],[103.73782,1.44056],[103.73706,1.43873],[103.74299,1.43865],[103.74292,1.43927],[103.74281,1.43926]]]}},{"type":"Feature","properties":{"class":"water","area_km2":4.88},"geometry":{"type":"Polygon","coordinates":[[[103.73927,1.42033],[103.73994,1.41828],[103.73821,1.41736],[103.73791,1.41588],[103.73576,1.41626],[103.73489,1.41444],[103.73383,1.41456],[103.7328,1.41383],[103.73227,1.41261],[103.73295,1.41145],[103.73164,1.41029],[103.73035,1.41068],[103.72965,1.40882],[103.73223,1.40337],[103.73393,1.40206],[103.73359,1.40082],[103.73641,1.39584],[103.73527,1.39405],[103.73679,1.39352],[103.73554,1.39324],[103.73495,1.3904],[103.73632,1.38952],[103.74006,1.38953],[103.73636,1.38921],[103.73483,1.38993],[103.73781,1.38607],[103.73847,1.38423],[103.73427,1.38996],[103.73279,1.37969],[103.73238,1.38371],[103.73149,1.38342],[103.7324,1.38396],[103.73376,1.39068],[103.73357,1.39538],[103.73308,1.39664],[103.73253,1.39646],[103.73295,1.39668],[103.73214,1.3993],[103.72856,1.40384],[103.72656,1.40063],[103.72705,1.39616],[103.72597,1.39542],[103.72575,1.39447],[103.72486,1.39427],[103.72419,1.39282],[103.72285,1.39293],[103.72095,1.39176],[103.72122,1.38687],[103.71954,1.38444],[103.71994,1.38102],[103.71753,1.37997],[103.71977,1.38127],[103.71921,1.38423],[103.7206,1.38688],[103.72014,1.39187],[103.71666,1.39143],[103.71398,1.38841],[103.71328,1.38851],[103.71647,1.39195],[103.71857,1.3924],[103.71528,1.39644],[103.71576,1.39677],[103.71854,1.39303],[103.71986,1.39258],[103.72216,1.3937],[103.72214,1.39462],[103.72396,1.39523],[103.7246,1.39741],[103.72282,1.39883],[103.72429,1.40027],[103.72374,1.40176],[103.725,1.40304],[103.72457,1.40417],[103.72617,1.40563],[103.72635,1.40849],[103.72585,1.40953],[103.72452,1.40972],[103.72283,1.40691],[103.72278,1.41052],[103.71653,1.40854],[103.7158,1.41022],[103.71623,1.41137],[103.7138,1.41258],[103.71265,1.4114],[103.71197,1.40939],[103.71039,1.40826],[103.71072,1.40549],[103.70921,1.40523],[103.7077,1.40681],[103.70604,1.40693],[103.70571,1.40807],[103.70783,1.40828],[103.7108,1.4095],[103.71103,1.41013],[103.70989,1.41149],[103.70852,1.41166],[103.70659,1.41179],[103.70376,1.41077],[103.70417,1.41322],[103.70548,1.41256],[103.7122,1.41295],[103.71376,1.41362],[103.71433,1.41499],[103.71589,1.41525],[103.71877,1.41245],[103.72161,1.41195],[103.72475,1.41267],[103.72442,1.41479],[103.7251,1.41569],[103.72734,1.41492],[103.72759,1.41416],[103.7284,1.41491],[103.72954,1.41481],[103.73605,1.42126],[103.73609,1.42322],[103.73873,1.43087],[103.736,1.42342],[103.73589,1.42112],[103.72976,1.4155],[103.73575,1.42117],[103.73539,1.42262],[103.73588,1.42405],[103.73552,1.42354],[103.73565,1.42417],[103.73397,1.42383],[103.73628,1.42526],[103.73619,1.42644],[103.73705,1.42751],[103.73672,1.42828],[103.73731,1.42832],[103.73818,1.43078],[103.73774,1.42978],[103.73608,1.43036],[103.73482,1.42887],[103.73374,1.4292],[103.73471,1.42901],[103.73552,1.42962],[103.73599,1.43054],[103.73532,1.43097],[103.73641,1.43192],[103.73628,1.43249],[103.737,1.43229],[103.73837,1.43328],[103.73789,1.43374],[103.73835,1.43413],[103.73719,1.43427],[103.73793,1.43543],[103.7361,1.43745],[103.73658,1.4385],[103.73718,1.43765],[103.73822,1.43847],[103.74237,1.43848],[103.74597,1.43263],[103.74686,1.4284],[103.74531,1.42715],[103.74275,1.42296],[103.73925,1.42037],[103.73927,1.42033]],[[103.72538,1.41455],[103.72528,1.41409],[103.72543,1.41454],[103.72538,1.41455]]]}},{"type":"Feature","properties":{"class":"green","area_km2":0.264},"geometry":{"type":"Polygon","coordinates":[[[103.69131,1.3546],[103.69156,1.35603],[103.69005,1.35641],[103.68982,1.34741],[103.69065,1.34684],[103.69462,1.35137],[103.69452,1.35247],[103.69339,1.35288],[103.69386,1.35454],[103.69332,1.35453],[103.69316,1.35309],[103.69239,1.35323],[103.69175,1.35433],[103.6925,1.35241],[103.69161,1.35141],[103.69041,1.35198],[103.69039,1.35386],[103.69109,1.35457],[103.69131,1.3546]],[[103.69367,1.35218],[103.69288,1.35284],[103.69255,1.35141],[103.69421,1.35089],[103.69312,1.35141],[103.6933,1.35217],[103.69413,1.35162],[103.69374,1.3519],[103.69367,1.35218]]]}},{"type":"Feature","properties":{"class":"green","area_km2":1.449},"geometry":{"type":"Polygon","coordinates":[[[103.73855,1.39846],[103.73918,1.39674],[103.74005,1.39728],[103.74255,1.39637],[103.74014,1.39173],[103.74009,1.38957],[103.73927,1.38919],[103.73615,1.38957],[103.73495,1.3904],[103.73554,1.39324],[103.73679,1.39352],[103.73527,1.39405],[103.73641,1.39584],[103.73359,1.40082],[103.73393,1.40206],[103.73223,1.40337],[103.72965,1.40882],[103.73035,1.41068],[103.73164,1.41029],[103.73295,1.41145],[103.73227,1.41261],[103.7328,1.41383],[103.73383,1.41456],[103.73489,1.41444],[103.73576,1.41626],[103.73791,1.41588],[103.73821,1.41736],[103.74008,1.41834],[103.74156,1.41386],[103.74105,1.41037],[103.74142,1.40815],[103.74068,1.40817],[103.73929,1.40977],[103.73888,1.41136],[103.74074,1.41359],[103.74024,1.41499],[103.7387,1.41561],[103.7374,1.41535],[103.73426,1.41161],[103.73456,1.41096],[103.73319,1.41091],[103.73264,1.4098],[103.73638,1.40476],[103.73715,1.40498],[103.73625,1.39737],[103.73855,1.39846]]]}},{"type":"Feature","properties":{"class":"green","area_km2":0.083},"geometry":{"type":"Polygon","coordinates":[[[103.76308,1.43256],[103.7654,1.43487],[103.76463,1.43561],[103.76338,1.43569],[103.76255,1.43472],[103.7618,1.43219],[103.76263,1.43207],[103.76308,1.43256]],[[103.76217,1.43228],[103.76332,1.43425],[103.76363,1.43331],[103.76226,1.4322],[103.76217,1.43228]]]}},{"type":"Feature","properties":{"class":"green","area_km2":0.054},"geometry":{"type":"Polygon","coordinates":[[[103.76205,1.42855],[103.7614,1.43153],[103.76202,1.43399],[103.76081,1.43193],[103.7616,1.42722],[103.76273,1.42646],[103.76203,1.42849],[103.76205,1.42855]]]}},{"type":"Feature","properties":{"class":"green","area_km2":0.042},"geometry":{"type":"Polygon","coordinates":[[[103.75552,1.42831],[103.75475,1.42646],[103.75445,1.42273],[103.75674,1.42358],[103.75521,1.42339],[103.75564,1.42422],[103.75482,1.42543],[103.75606,1.42838],[103.75561,1.42845],[103.75552,1.42831]]]}},{"type":"Feature","properties":{"class":"green","area_km2":0.105},"geometry":{"type":"Polygon","coordinates":[[[103.75297,1.42249],[103.75431,1.42258],[103.75463,1.42648],[103.75543,1.42836],[103.75485,1.42818],[103.75383,1.4255],[103.75303,1.42791],[103.75211,1.42775],[103.75239,1.42615],[103.75297,1.42249]]]}},{"type":"Feature","properties":{"class":"green","area_km2":0.785},"geometry":{"type":"Polygon","coordinates":[[[103.66527,1.33019],[103.65719,1.33358],[103.65499,1.33601],[103.65364,1.33547],[103.65272,1.33579],[103.65316,1.33478],[103.65246,1.33393],[103.66246,1.32454],[103.66395,1.32406],[103.6661,1.329],[103.66527,1.33019]]]}},{"type":"Feature","properties":{"class":"green","area_km2":0.515},"geometry":{"type":"Polygon","coordinates":[[[103.65144,1.33628],[103.64955,1.33961],[103.65007,1.34157],[103.6514,1.34236],[103.65111,1.34297],[103.65019,1.34279],[103.64964,1.34379],[103.64863,1.34303],[103.64585,1.34307],[103.64411,1.34474],[103.64301,1.34693],[103.64086,1.34759],[103.63962,1.34593],[103.6498,1.3364],[103.65127,1.33611],[103.65144,1.33628]]]}},{"type":"Feature","properties":{"class":"green","area_km2":0.652},"geometry":{"type":"Polygon","coordinates":[[[103.8415,1.2513],[103.84071,1.24948],[103.83916,1.24933],[103.83629,1.25168],[103.83497,1.25165],[103.83258,1.2531],[103.83066,1.24876],[103.82879,1.24872],[103.82761,1.25115],[103.82563,1.25081],[103.82497,1.25156],[103.82652,1.25285],[103.82573,1.25502],[103.83283,1.25441],[103.83449,1.25327],[103.8371,1.25316],[103.83838,1.25405],[103.8415,1.25369],[103.84167,1.25211],[103.8415,1.2513]]]}},{"type":"Feature","properties":{"class":"water","area_km2":0.072},"geometry":{"type":"Polygon","coordinates":[[[103.97323,1.41376],[103.97278,1.41191],[103.97089,1.41143],[103.97118,1.41269],[103.97044,1.41225],[103.9699,1.41303],[103.97072,1.4141],[103.97305,1.41371],[103.97323,1.41376]],[[103.97111,1.41306],[103.97096,1.41391],[103.97116,1.41305],[103.97111,1.41306]],[[103.97094,1.41302],[103.97052,1.41263],[103.97044,1.41338],[103.97096,1.41314],[103.97094,1.41302]]]}},{"type":"Feature","properties":{"class":"water","area_km2":0.091},"geometry":{"type":"Polygon","coordinates":[[[103.97209,1.41522],[103.97276,1.41547],[103.97297,1.41495],[103.97195,1.41411],[103.97244,1.41461],[103.97302,1.41419],[103.97298,1.41478],[103.97337,1.41363],[103.973,1.41125],[103.97108,1.41071],[103.96963,1.41349],[103.9674,1.41238],[103.96828,1.41258],[103.96773,1.41184],[103.96962,1.41285],[103.96719,1.41125],[103.96866,1.41159],[103.96902,1.41106],[103.96794,1.41061],[103.96914,1.41108],[103.96889,1.41015],[103.96978,1.41095],[103.96889,1.41208],[103.9698,1.4127],[103.97091,1.41077],[103.96968,1.40983],[103.96785,1.41017],[103.96964,1.40974],[103.97073,1.41062],[103.973,1.41102],[103.97364,1.41314],[103.97326,1.41469],[103.97291,1.41546],[103.97174,1.41583],[103.97256,1.41642],[103.97364,1.41587],[103.9738,1.41493],[103.97473,1.41532],[103.97497,1.41614],[103.97389,1.41626],[103.9737,1.41686],[103.97414,1.41744],[103.97484,1.4169],[103.9751,1.41789],[103.9747,1.41718],[103.97405,1.41772],[103.97269,1.41688],[103.97326,1.41645],[103.97349,1.4169],[103.97346,1.4161],[103.97187,1.41632],[103.97206,1.41533],[103.97209,1.41522]],[[103.97376,1.41619],[103.97489,1.41576],[103.97382,1.41504],[103.97366,1.416],[103.97376,1.41619]],[[103.96877,1.41208],[103.96841,1.41161],[103.96872,1.41214],[103.96877,1.41208]]]}},{"type":"Feature","properties":{"class":"water","area_km2":0.035},"geometry":{"type":"Polygon","coordinates":[[[103.93813,1.41498],[103.93946,1.4148],[103.93987,1.41671],[103.94039,1.4166],[103.94074,1.4174],[103.9406,1.41624],[103.94081,1.41741],[103.94205,1.41845],[103.93769,1.41569],[103.93821,1.41507],[103.93813,1.41498]],[[103.94183,1.41826],[103.94115,1.41818],[103.94164,1.41821],[103.94183,1.41826]],[[103.93945,1.41564],[103.93919,1.41613],[103.93932,1.41568],[103.93945,1.41564]]]}},{"type":"Feature","properties":{"class":"water","area_km2":0.094},"geometry":{"type":"Polygon","coordinates":[[[103.95927,1.41658],[103.95933,1.41511],[103.95867,1.41569],[103.96059,1.41439],[103.96073,1.41383],[103.95963,1.41376],[103.96066,1.41378],[103.95949,1.41534],[103.96056,1.41495],[103.96254,1.41677],[103.96331,1.41526],[103.96122,1.415],[103.96098,1.41424],[103.96421,1.41256],[103.96372,1.41216],[103.96189,1.41268],[103.95967,1.41107],[103.96024,1.41072],[103.95999,1.41161],[103.9619,1.41263],[103.96414,1.41214],[103.96417,1.41292],[103.96159,1.41363],[103.96109,1.41461],[103.96303,1.4148],[103.96178,1.41431],[103.96348,1.41329],[103.96379,1.41474],[103.96507,1.41455],[103.96417,1.41496],[103.96448,1.41544],[103.96517,1.41503],[103.96458,1.41567],[103.96302,1.41439],[103.96365,1.41568],[103.96268,1.41712],[103.96528,1.41594],[103.96476,1.41712],[103.96313,1.41705],[103.9639,1.41792],[103.96455,1.41722],[103.96397,1.41805],[103.96192,1.41729],[103.96046,1.41566],[103.95963,1.41623],[103.96074,1.41562],[103.96261,1.41728],[103.96032,1.41516],[103.95935,1.41648],[103.95927,1.41658]],[[103.96195,1.41444],[103.9629,1.41369],[103.96231,1.41431],[103.96195,1.41444]],[[103.96434,1.4169],[103.96524,1.41606],[103.9651,1.41684],[103.96441,1.41692],[103.96434,1.4169]],[[103.96388,1.41381],[103.96294,1.41411],[103.96388,1.41366],[103.96388,1.41381]]]}},{"type":"Feature","properties":{"class":"green","area_km2":0.53},"geometry":{"type":"Polygon","coordinates":[[[103.91893,1.3923],[103.92065,1.39165],[103.92227,1.38812],[103.92141,1.38436],[103.92009,1.3839],[103.91962,1.3829],[103.92042,1.38258],[103.91911,1.38141],[103.91812,1.38437],[103.91612,1.38442],[103.91503,1.38563],[103.91878,1.39204],[103.91893,1.3923]],[[103.91778,1.3863],[103.91895,1.38649],[103.91901,1.38707],[103.92103,1.38665],[103.92017,1.39027],[103.91931,1.39053],[103.9183,1.38988],[103.91862,1.38831],[103.91733,1.38613],[103.91778,1.3863]]]}},{"type":"Feature","properties":{"class":"water","area_km2":3.26},"geometry":{"type":"Polygon","coordinates":[[[103.78828,1.41198],[103.79115,1.40971],[103.79134,1.4128],[103.79182,1.41294],[103.79217,1.41127],[103.79306,1.41087],[103.7937,1.41202],[103.79342,1.41291],[103.79414,1.41241],[103.79624,1.41437],[103.79426,1.41166],[103.79474,1.41035],[103.79571,1.41072],[103.79485,1.40982],[103.79497,1.40872],[103.79568,1.40789],[103.79745,1.40759],[103.79939,1.40951],[103.79937,1.41091],[103.80005,1.40972],[103.7992,1.40702],[103.79987,1.40662],[103.80111,1.40795],[103.80137,1.40622],[103.80238,1.4058],[103.80375,1.4076],[103.80313,1.4091],[103.80139,1.41003],[103.80216,1.41115],[103.80096,1.41206],[103.80196,1.41223],[103.80283,1.41434],[103.80191,1.41521],[103.80026,1.41476],[103.80127,1.41576],[103.8027,1.41594],[103.80366,1.41539],[103.80363,1.41343],[103.805,1.41304],[103.80361,1.41188],[103.80393,1.41054],[103.80519,1.41048],[103.80621,1.40955],[103.80751,1.40562],[103.80869,1.40495],[103.80671,1.40112],[103.8034,1.39724],[103.80258,1.39728],[103.80091,1.39548],[103.79939,1.39539],[103.79912,1.39661],[103.79822,1.39664],[103.79626,1.39479],[103.79537,1.39274],[103.79576,1.39208],[103.79492,1.39147],[103.7957,1.38891],[103.79641,1.38871],[103.79546,1.38793],[103.79568,1.3853],[103.79435,1.39054],[103.79342,1.39095],[103.7913,1.39026],[103.79322,1.39105],[103.79481,1.39335],[103.79485,1.39507],[103.79411,1.39538],[103.79546,1.39663],[103.79493,1.39792],[103.79388,1.39745],[103.79362,1.39655],[103.79095,1.39656],[103.79069,1.3948],[103.78891,1.39574],[103.78703,1.3944],[103.7871,1.39335],[103.78819,1.39283],[103.78716,1.39179],[103.78715,1.39072],[103.78845,1.39011],[103.78736,1.38994],[103.78689,1.38793],[103.78904,1.38653],[103.78757,1.38653],[103.787,1.38389],[103.7862,1.39122],[103.78518,1.39226],[103.78396,1.39138],[103.78334,1.38815],[103.78237,1.38714],[103.78405,1.3847],[103.7823,1.3857],[103.78108,1.38384],[103.78117,1.38236],[103.78055,1.38221],[103.78038,1.38318],[103.77982,1.38318],[103.78134,1.38483],[103.78187,1.38766],[103.78144,1.38904],[103.78232,1.39066],[103.78179,1.39143],[103.78006,1.39186],[103.77882,1.38965],[103.77915,1.39164],[103.77751,1.39187],[103.77759,1.39271],[103.78181,1.39264],[103.78412,1.39407],[103.78475,1.39548],[103.78379,1.39602],[103.78259,1.39555],[103.78147,1.39592],[103.7767,1.39483],[103.77683,1.39572],[103.77772,1.39569],[103.77726,1.39663],[103.7786,1.396],[103.77931,1.39678],[103.78025,1.39649],[103.7809,1.3975],[103.78191,1.39694],[103.78221,1.39817],[103.78254,1.39702],[103.78448,1.39699],[103.78571,1.39736],[103.78559,1.39872],[103.78718,1.39821],[103.78688,1.39927],[103.78498,1.40069],[103.78207,1.40051],[103.78341,1.40124],[103.783,1.40214],[103.7834,1.40317],[103.78405,1.40142],[103.78531,1.40196],[103.78585,1.40114],[103.78748,1.40267],[103.78683,1.4009],[103.78982,1.39852],[103.79038,1.39905],[103.78944,1.40011],[103.79173,1.39975],[103.79241,1.40022],[103.792,1.40268],[103.79081,1.40368],[103.79283,1.40331],[103.79423,1.40086],[103.79531,1.40176],[103.79669,1.40137],[103.7967,1.40269],[103.798,1.40362],[103.79736,1.4043],[103.7956,1.40328],[103.795,1.40397],[103.79633,1.40519],[103.79542,1.40611],[103.79327,1.40642],[103.79271,1.40511],[103.7912,1.40574],[103.7915,1.40662],[103.79299,1.4073],[103.79247,1.40783],[103.78933,1.4078],[103.78894,1.40599],[103.78802,1.40685],[103.78662,1.4049],[103.78653,1.40628],[103.78434,1.40744],[103.78717,1.4076],[103.78842,1.40832],[103.7866,1.41035],[103.78901,1.40995],[103.78825,1.41202],[103.78828,1.41198]]]}},{"type":"Feature","properties":{"class":"green","area_km2":0.784},"geometry":{"type":"Polygon","coordinates":[[[103.79182,1.41294],[103.80113,1.41575],[103.80026,1.41476],[103.80191,1.41521],[103.80283,1.41434],[103.80196,1.41223],[103.80096,1.41206],[103.80216,1.41115],[103.80139,1.41003],[103.80313,1.4091],[103.80369,1.40721],[103.80238,1.4058],[103.80137,1.40622],[103.80111,1.40795],[103.79948,1.4067],[103.7991,1.40722],[103.80005,1.40972],[103.79937,1.41091],[103.79939,1.40951],[103.79789,1.40792],[103.79674,1.4075],[103.79568,1.40789],[103.79479,1.40948],[103.79571,1.41072],[103.79474,1.41035],[103.7942,1.41108],[103.79624,1.41437],[103.79414,1.41241],[103.79342,1.41291],[103.7937,1.41202],[103.79306,1.41087],[103.79217,1.41127],[103.79176,1.41242],[103.79182,1.41294]]]}},{"type":"Feature","properties":{"class":"green","area_km2":0.069},"geometry":{"type":"Polygon","coordinates":[[[103.7914,1.41284],[103.78829,1.41192],[103.79115,1.40971],[103.79134,1.4128],[103.7914,1.41284]]]}},{"type":"Feature","properties":{"class":"green","area_km2":0.241},"geometry":{"type":"Polygon","coordinates":[[[103.78808,1.41188],[103.78372,1.41084],[103.78423,1.40997],[103.78292,1.40955],[103.7825,1.40776],[103.78796,1.40789],[103.78845,1.4087],[103.7866,1.41035],[103.78901,1.40995],[103.78856,1.41141],[103.78808,1.41188]]]}},{"type":"Feature","properties":{"class":"green","area_km2":1.225},"geometry":{"type":"Polygon","coordinates":[[[103.77246,1.40169],[103.77342,1.39096],[103.77163,1.3907],[103.76672,1.39172],[103.76329,1.39149],[103.75778,1.38921],[103.7555,1.38922],[103.75833,1.3901],[103.75941,1.39248],[103.76116,1.39139],[103.76384,1.39257],[103.7627,1.39672],[103.76132,1.39393],[103.76088,1.39359],[103.76136,1.39549],[103.76125,1.39413],[103.76021,1.39318],[103.76066,1.39207],[103.76125,1.39266],[103.76097,1.39155],[103.75947,1.39279],[103.76087,1.39471],[103.75913,1.3939],[103.75945,1.39283],[103.75808,1.39346],[103.75766,1.3944],[103.75769,1.394],[103.75658,1.39424],[103.75626,1.39501],[103.75804,1.39486],[103.75843,1.39391],[103.75893,1.39496],[103.76015,1.39513],[103.76215,1.39741],[103.76184,1.40362],[103.76189,1.40044],[103.76302,1.39883],[103.76547,1.39852],[103.76623,1.39746],[103.76835,1.39815],[103.76817,1.39714],[103.7671,1.39687],[103.76707,1.39558],[103.7689,1.39557],[103.7685,1.39853],[103.76585,1.39852],[103.76582,1.3995],[103.76643,1.40158],[103.76649,1.40088],[103.76714,1.40144],[103.76699,1.40235],[103.7664,1.40228],[103.7666,1.40417],[103.76753,1.40222],[103.76641,1.40012],[103.76717,1.39897],[103.77069,1.39897],[103.77209,1.4004],[103.7719,1.40621],[103.77062,1.4098],[103.77251,1.4052],[103.77243,1.40193],[103.77246,1.40169]],[[103.76557,1.39678],[103.76485,1.39578],[103.7658,1.39505],[103.76551,1.39548],[103.76642,1.39601],[103.76578,1.39681],[103.76557,1.39678]],[[103.76981,1.39587],[103.76981,1.39529],[103.77125,1.39562],[103.77084,1.39753],[103.77016,1.39624],[103.76981,1.39587]]]}},{"type":"Feature","properties":{"class":"water","area_km2":0.043},"geometry":{"type":"Polygon","coordinates":[[[103.69899,1.43142],[103.69981,1.43334],[103.70149,1.43483],[103.70225,1.43466],[103.70208,1.43314],[103.70022,1.43247],[103.69978,1.43291],[103.69892,1.43108],[103.69899,1.43142]]]}},{"type":"Feature","properties":{"class":"water","area_km2":0.855},"geometry":{"type":"Polygon","coordinates":[[[104.09982,1.14057],[104.09939,1.14279],[104.09834,1.14287],[104.09584,1.13974],[104.09632,1.13922],[104.09469,1.13924],[104.09236,1.13812],[104.08895,1.14109],[104.09014,1.14238],[104.09248,1.14006],[104.09392,1.14036],[104.09722,1.14366],[104.09904,1.14409],[104.10185,1.14343],[104.10191,1.14402],[104.10361,1.14407],[104.10474,1.14612],[104.11041,1.148],[104.11113,1.14801],[104.11266,1.14608],[104.114,1.14578],[104.11578,1.14746],[104.11571,1.1482],[104.11598,1.14746],[104.1177,1.1472],[104.11993,1.14915],[104.1214,1.14852],[104.1195,1.1466],[104.11971,1.14618],[104.1176,1.14679],[104.11776,1.14563],[104.11552,1.14406],[104.11492,1.14471],[104.11381,1.14431],[104.1129,1.14555],[104.11153,1.14592],[104.10775,1.1453],[104.10724,1.14631],[104.10794,1.14437],[104.10709,1.14418],[104.10542,1.14181],[104.10058,1.14061],[104.09982,1.14057]],[[104.11731,1.1469],[104.11547,1.147],[104.11374,1.14457],[104.11572,1.14484],[104.11579,1.14559],[104.11698,1.14636],[104.11731,1.1469]]]}},{"type":"Feature","properties":{"class":"water","area_km2":0.899},"geometry":{"type":"Polygon","coordinates":[[[103.81497,1.34206],[103.81529,1.34405],[103.81301,1.34455],[103.8133,1.34584],[103.81142,1.34774],[103.81143,1.34891],[103.81555,1.34572],[103.81625,1.34645],[103.81656,1.34904],[103.81806,1.34534],[103.82094,1.3451],[103.82121,1.34868],[103.82254,1.34624],[103.82335,1.34661],[103.82523,1.34589],[103.8265,1.34722],[103.82659,1.34612],[103.82872,1.34512],[103.82965,1.34594],[103.82901,1.34847],[103.82816,1.349],[103.82611,1.34884],[103.82771,1.34928],[103.82715,1.35085],[103.82838,1.35],[103.82878,1.35115],[103.82939,1.35039],[103.83007,1.35123],[103.83094,1.35023],[103.82973,1.34989],[103.82964,1.34891],[103.83035,1.34779],[103.83108,1.34807],[103.83047,1.34694],[103.83103,1.3454],[103.83289,1.34511],[103.83343,1.34585],[103.8326,1.34867],[103.83427,1.34591],[103.83644,1.34566],[103.83479,1.3447],[103.83553,1.34344],[103.83225,1.34212],[103.83167,1.34121],[103.83127,1.34279],[103.82945,1.34291],[103.8295,1.3417],[103.82557,1.34429],[103.82403,1.34418],[103.82344,1.34316],[103.82275,1.34388],[103.82083,1.34347],[103.82005,1.34293],[103.82006,1.34109],[103.81912,1.3409],[103.8172,1.33839],[103.81892,1.34172],[103.81869,1.34307],[103.81647,1.34343],[103.81517,1.34214],[103.81497,1.34206]]]}},{"type":"Feature","properties":{"class":"green","area_km2":0.601},"geometry":{"type":"Polygon","coordinates":[[[103.81872,1.33676],[103.81472,1.34065],[103.81488,1.34194],[103.81647,1.34343],[103.81855,1.34317],[103.81897,1.34229],[103.8172,1.33839],[103.81912,1.3409],[103.82006,1.34109],[103.81991,1.34184],[103.82047,1.34173],[103.82021,1.34318],[103.82214,1.34383],[103.82344,1.34316],[103.82403,1.34418],[103.82557,1.34429],[103.8295,1.3417],[103.82955,1.34278],[103.83058,1.34292],[103.83129,1.34162],[103.83128,1.34103],[103.83039,1.34082],[103.82417,1.34113],[103.8206,1.33983],[103.81938,1.33809],[103.81872,1.33676]]]}},{"type":"Feature","properties":{"class":"green","area_km2":0.943},"geometry":{"type":"Polygon","coordinates":[[[103.93079,1.40211],[103.93071,1.40409],[103.92334,1.41118],[103.91938,1.41382],[103.91634,1.41719],[103.91516,1.41696],[103.91656,1.41162],[103.91883,1.40833],[103.92172,1.40675],[103.92438,1.40406],[103.92787,1.40338],[103.92906,1.40168],[103.93071,1.40218],[103.93079,1.40211]],[[103.92156,1.41171],[103.92346,1.41031],[103.92295,1.40944],[103.9216,1.40982],[103.921,1.41083],[103.92156,1.41171]],[[103.92465,1.40693],[103.92395,1.4054],[103.92428,1.4043],[103.92793,1.40368],[103.92878,1.40214],[103.92975,1.40387],[103.93044,1.40322],[103.9308,1.40364],[103.92933,1.405],[103.92958,1.404],[103.92908,1.40356],[103.92509,1.40679],[103.92465,1.40693]]]}},{"type":"Feature","properties":{"class":"water","area_km2":1.053},"geometry":{"type":"Polygon","coordinates":[[[103.91517,1.41576],[103.91418,1.41593],[103.91478,1.4127],[103.91709,1.40857],[103.92127,1.40473],[103.92439,1.40299],[103.92457,1.40127],[103.92577,1.39993],[103.92468,1.39902],[103.92395,1.39951],[103.92449,1.39891],[103.91997,1.39545],[103.91606,1.39073],[103.91376,1.38597],[103.91264,1.38551],[103.90976,1.38606],[103.90728,1.38566],[103.90484,1.38406],[103.90402,1.38023],[103.90337,1.38002],[103.90441,1.37994],[103.90455,1.37572],[103.90137,1.37131],[103.89974,1.36671],[103.90211,1.3714],[103.90506,1.37533],[103.90571,1.37743],[103.90529,1.38252],[103.90595,1.38377],[103.90933,1.38499],[103.91272,1.38446],[103.9139,1.38484],[103.91547,1.38654],[103.9171,1.39038],[103.91928,1.39294],[103.91983,1.39273],[103.92012,1.39382],[103.92454,1.39743],[103.92979,1.39942],[103.92952,1.40155],[103.92787,1.40338],[103.92412,1.40419],[103.92195,1.40656],[103.91845,1.40873],[103.91656,1.41162],[103.91528,1.4155],[103.91517,1.41576]]]}},{"type":"Feature","properties":{"class":"green","area_km2":0.956},"geometry":{"type":"Polygon","coordinates":[[[103.91504,1.41642],[103.91543,1.41728],[103.91627,1.41732],[103.91938,1.41382],[103.92334,1.41118],[103.93098,1.4039],[103.9308,1.40192],[103.92918,1.40163],[103.92787,1.40338],[103.92412,1.40419],[103.92172,1.40675],[103.91883,1.40833],[103.91656,1.41162],[103.91503,1.41636],[103.91504,1.41642]]]}},{"type":"Feature","properties":{"class":"green","area_km2":0.662},"geometry":{"type":"Polygon","coordinates":[[[103.83029,1.33579],[103.82769,1.3363],[103.82739,1.33447],[103.82542,1.33451],[103.82433,1.33348],[103.82322,1.33372],[103.82178,1.33544],[103.82209,1.33697],[103.81949,1.33542],[103.8206,1.33812],[103.82219,1.33945],[103.82193,1.34006],[103.82442,1.34094],[103.82723,1.34098],[103.82806,1.34046],[103.82748,1.34021],[103.82774,1.33971],[103.83111,1.34023],[103.83009,1.33812],[103.83133,1.3367],[103.83029,1.33579]]]}},{"type":"Feature","properties":{"class":"water","area_km2":0.024},"geometry":{"type":"Polygon","coordinates":[[[103.95778,1.43473],[103.95582,1.43692],[103.95713,1.43575],[103.95699,1.43654],[103.95764,1.43613],[103.95708,1.43835],[103.95811,1.43744],[103.95778,1.4348],[103.95778,1.43473]],[[103.95775,1.43545],[103.95739,1.43587],[103.95781,1.43551],[103.95775,1.43545]]]}},{"type":"Feature","properties":{"class":"water","area_km2":1.006},"geometry":{"type":"Polygon","coordinates":[[[103.69265,1.49131],[103.69227,1.49338],[103.69237,1.49052],[103.69441,1.48867],[103.70034,1.48872],[103.70141,1.48263],[103.70084,1.47995],[103.70173,1.47806],[103.70358,1.47854],[103.70272,1.48141],[103.70521,1.48515],[103.70559,1.48638],[103.70502,1.48873],[103.70254,1.49043],[103.70002,1.49068],[103.69489,1.48942],[103.69363,1.49079],[103.69293,1.49506],[103.69132,1.49701],[103.68811,1.49881],[103.68442,1.49973],[103.68113,1.50244],[103.68122,1.50752],[103.67926,1.51453],[103.67505,1.52397],[103.67301,1.52598],[103.67235,1.52802],[103.67272,1.53053],[103.67058,1.53316],[103.66835,1.5378],[103.66124,1.54339],[103.66083,1.54926],[103.66259,1.55081],[103.66287,1.55193],[103.66057,1.54926],[103.66105,1.54307],[103.6672,1.53867],[103.67076,1.53231],[103.67243,1.53053],[103.67199,1.5284],[103.67257,1.52622],[103.67466,1.52386],[103.67652,1.52029],[103.68066,1.50866],[103.681,1.50174],[103.68459,1.49917],[103.69121,1.49629],[103.69242,1.49479],[103.69266,1.49293],[103.69265,1.49131]],[[103.70069,1.48736],[103.70095,1.48928],[103.70175,1.48954],[103.70357,1.48888],[103.70457,1.48746],[103.70401,1.48593],[103.70189,1.48463],[103.70071,1.48703],[103.70069,1.48736]]]}},{"type":"Feature","properties":{"class":"water","area_km2":0.83},"geometry":{"type":"Polygon","coordinates":[[[103.68554,1.46188],[103.68314,1.4566],[103.68242,1.4567],[103.68274,1.45602],[103.68331,1.45606],[103.68575,1.46106],[103.68693,1.45948],[103.68605,1.45895],[103.68713,1.45904],[103.68975,1.45567],[103.69128,1.45509],[103.69185,1.45677],[103.68994,1.45789],[103.68663,1.46438],[103.68033,1.4683],[103.67663,1.46876],[103.6734,1.4677],[103.67094,1.46499],[103.67201,1.46539],[103.6722,1.46489],[103.67118,1.46475],[103.66823,1.4671],[103.66619,1.46769],[103.66444,1.46741],[103.66343,1.46617],[103.66284,1.46254],[103.65991,1.4609],[103.65922,1.45916],[103.66054,1.45531],[103.65768,1.45453],[103.6546,1.44931],[103.65386,1.44959],[103.65406,1.4488],[103.65484,1.44921],[103.6561,1.45218],[103.65804,1.4544],[103.66085,1.45519],[103.6596,1.45934],[103.66015,1.46045],[103.66281,1.4619],[103.66506,1.46662],[103.66679,1.46594],[103.66739,1.46445],[103.66991,1.46356],[103.67235,1.46419],[103.67555,1.46783],[103.67842,1.46768],[103.68275,1.46547],[103.68326,1.46442],[103.68332,1.46516],[103.68441,1.46438],[103.68561,1.46201],[103.68554,1.46188]],[[103.65869,1.45479],[103.66005,1.45493],[103.65872,1.45476],[103.65869,1.45479]],[[103.66803,1.46503],[103.66937,1.46498],[103.66801,1.46491],[103.66803,1.46503]],[[103.66856,1.46634],[103.66908,1.46548],[103.66515,1.46697],[103.66799,1.46659],[103.66856,1.46634]]]}},{"type":"Feature","properties":{"class":"green","area_km2":0.378},"geometry":{"type":"Polygon","coordinates":[[[103.70615,1.41551],[103.70716,1.41252],[103.70483,1.41276],[103.70108,1.41658],[103.7028,1.42039],[103.70471,1.41975],[103.70523,1.42053],[103.7066,1.4199],[103.70649,1.41584],[103.70375,1.41645],[103.70605,1.41552],[103.70615,1.41551]]]}},{"type":"Feature","properties":{"class":"green","area_km2":0.068},"geometry":{"type":"Polygon","coordinates":[[[103.70915,1.41652],[103.70868,1.41389],[103.70634,1.41547],[103.70849,1.41263],[103.71043,1.41292],[103.70926,1.4165],[103.70915,1.41652]]]}},{"type":"Feature","properties":{"class":"green","area_km2":0.698},"geometry":{"type":"Polygon","coordinates":[[[103.70417,1.41322],[103.70091,1.4165],[103.69975,1.413],[103.70215,1.40608],[103.70147,1.40377],[103.70423,1.40486],[103.7058,1.40718],[103.70585,1.40821],[103.70783,1.40828],[103.71108,1.40993],[103.71001,1.41142],[103.70914,1.41159],[103.70659,1.41179],[103.70376,1.41077],[103.70413,1.41206],[103.70417,1.41322]]]}},{"type":"Feature","properties":{"class":"green","area_km2":0.216},"geometry":{"type":"Polygon","coordinates":[[[103.72852,1.42169],[103.73193,1.42244],[103.73409,1.42094],[103.7328,1.41871],[103.73071,1.41784],[103.72853,1.41911],[103.72849,1.42162],[103.72852,1.42169]]]}},{"type":"Feature","properties":{"class":"green","area_km2":0.023},"geometry":{"type":"Polygon","coordinates":[[[103.72603,1.4227],[103.72587,1.4232],[103.72801,1.4219],[103.72685,1.42086],[103.72675,1.41996],[103.72617,1.42262],[103.72603,1.4227]]]}},{"type":"Feature","properties":{"class":"green","area_km2":0.467},"geometry":{"type":"Polygon","coordinates":[[[103.73608,1.43036],[103.73746,1.43014],[103.73675,1.42992],[103.73728,1.42963],[103.73625,1.42852],[103.73524,1.42516],[103.73339,1.42416],[103.73248,1.42455],[103.72948,1.42353],[103.72868,1.42381],[103.72857,1.42562],[103.73112,1.43051],[103.73415,1.42915],[103.73526,1.43102],[103.73589,1.43043],[103.73608,1.43036]]]}},{"type":"Feature","properties":{"class":"green","area_km2":0.63},"geometry":{"type":"Polygon","coordinates":[[[103.71143,1.41308],[103.70953,1.41506],[103.70987,1.41652],[103.71103,1.41627],[103.71148,1.41839],[103.71503,1.41633],[103.7171,1.41599],[103.71818,1.41524],[103.71784,1.41448],[103.72051,1.41267],[103.72301,1.41287],[103.72364,1.41382],[103.7232,1.41434],[103.71882,1.41689],[103.71991,1.42007],[103.72083,1.41864],[103.72807,1.41624],[103.7274,1.41574],[103.72842,1.41518],[103.7253,1.41573],[103.72456,1.41515],[103.72046,1.41668],[103.7228,1.4158],[103.72253,1.41506],[103.72338,1.41522],[103.72387,1.41434],[103.72444,1.41474],[103.72475,1.41267],[103.72161,1.41195],[103.71938,1.41212],[103.71589,1.41525],[103.71433,1.41499],[103.71345,1.41346],[103.71168,1.41316],[103.71143,1.41308]]]}},{"type":"Feature","properties":{"class":"green","area_km2":0.031},"geometry":{"type":"Polygon","coordinates":[[[103.70277,1.40344],[103.70474,1.40305],[103.70074,1.40209],[103.70193,1.40336],[103.7028,1.40298],[103.70277,1.40344]]]}},{"type":"Feature","properties":{"class":"green","area_km2":1.874},"geometry":{"type":"Polygon","coordinates":[[[103.70157,1.40321],[103.70433,1.40477],[103.70589,1.40708],[103.7085,1.40616],[103.70819,1.40438],[103.71005,1.40532],[103.71029,1.40391],[103.71093,1.40364],[103.71039,1.40826],[103.71197,1.40939],[103.71265,1.4114],[103.7138,1.41258],[103.71623,1.41137],[103.7158,1.41022],[103.71653,1.40854],[103.72278,1.41052],[103.72283,1.40691],[103.7246,1.40975],[103.72585,1.40953],[103.7264,1.40833],[103.72617,1.40563],[103.72457,1.40417],[103.725,1.40304],[103.72374,1.40176],[103.72429,1.40027],[103.72282,1.39883],[103.72312,1.39807],[103.722,1.39751],[103.72091,1.39759],[103.71988,1.39976],[103.71789,1.40107],[103.7172,1.40315],[103.71343,1.40141],[103.70957,1.40421],[103.70704,1.4039],[103.7062,1.40303],[103.70459,1.40347],[103.70512,1.40357],[103.70515,1.40436],[103.70175,1.40334],[103.70157,1.40321]],[[103.72253,1.40753],[103.72271,1.40702],[103.72251,1.40752],[103.72253,1.40753]],[[103.7222,1.4069],[103.72287,1.40614],[103.72126,1.40473],[103.72075,1.40565],[103.7221,1.40676],[103.7222,1.4069]],[[103.72009,1.40632],[103.72061,1.40584],[103.7202,1.40629],[103.72009,1.40632]]]}},{"type":"Feature","properties":{"class":"green","area_km2":0.021},"geometry":{"type":"Polygon","coordinates":[[[103.71985,1.39258],[103.72173,1.39451],[103.72338,1.39508],[103.7244,1.39656],[103.72396,1.39523],[103.72214,1.39462],[103.72216,1.3937],[103.71986,1.39258],[103.71985,1.39258]]]}},{"type":"Feature","properties":{"class":"green","area_km2":0.212},"geometry":{"type":"Polygon","coordinates":[[[103.71986,1.39286],[103.71854,1.39303],[103.71558,1.39671],[103.71528,1.39644],[103.71857,1.3924],[103.71647,1.39195],[103.71328,1.38851],[103.71398,1.38841],[103.71666,1.39143],[103.71878,1.39179],[103.7187,1.39079],[103.71727,1.39105],[103.71555,1.38993],[103.71462,1.38749],[103.71309,1.38845],[103.71634,1.39305],[103.71615,1.39438],[103.71393,1.39646],[103.71549,1.39775],[103.71841,1.39398],[103.71988,1.39298],[103.71986,1.39286]]]}},{"type":"Feature","properties":{"class":"green","area_km2":0.099},"geometry":{"type":"Polygon","coordinates":[[[103.71746,1.38016],[103.71597,1.37893],[103.71641,1.38061],[103.71931,1.38147],[103.718,1.38358],[103.7198,1.38604],[103.71907,1.38811],[103.72006,1.39007],[103.72063,1.3871],[103.71925,1.38453],[103.71977,1.38127],[103.71777,1.38027],[103.71746,1.38016]],[[103.71648,1.38048],[103.71654,1.37998],[103.71787,1.3805],[103.71712,1.38062],[103.71648,1.38048]]]}},{"type":"Feature","properties":{"class":"green","area_km2":0.373},"geometry":{"type":"Polygon","coordinates":[[[103.71509,1.3747],[103.71772,1.37494],[103.71689,1.3786],[103.71955,1.37868],[103.71955,1.37502],[103.72249,1.37501],[103.72191,1.37618],[103.72082,1.3762],[103.72082,1.37672],[103.7225,1.37679],[103.72239,1.37791],[103.72101,1.37807],[103.72143,1.37878],[103.72028,1.37914],[103.72045,1.38028],[103.72269,1.38014],[103.72145,1.38027],[103.72103,1.38259],[103.72106,1.38593],[103.72149,1.38673],[103.72276,1.38673],[103.72149,1.38692],[103.72153,1.38784],[103.71954,1.38444],[103.71994,1.38102],[103.71688,1.37986],[103.71584,1.37781],[103.71509,1.3747]],[[103.72062,1.381],[103.72078,1.38037],[103.72068,1.38101],[103.72062,1.381]],[[103.71682,1.37979],[103.71656,1.37858],[103.71696,1.37988],[103.71682,1.37979]]]}},{"type":"Feature","properties":{"class":"aero","area_km2":7.327},"geometry":{"type":"Polygon","coordinates":[[[103.72312,1.39807],[103.72091,1.39759],[103.71988,1.39976],[103.71774,1.40126],[103.7172,1.40303],[103.71354,1.40122],[103.70948,1.40414],[103.70704,1.40384],[103.70627,1.4029],[103.70445,1.40309],[103.70074,1.40209],[103.70087,1.40018],[103.70027,1.39964],[103.69775,1.38483],[103.69924,1.38321],[103.69695,1.37947],[103.69541,1.374],[103.69791,1.37275],[103.7046,1.37237],[103.70787,1.37055],[103.71487,1.37458],[103.71625,1.38042],[103.71931,1.38147],[103.718,1.38358],[103.7198,1.38604],[103.71907,1.38811],[103.71978,1.38872],[103.72006,1.39119],[103.71895,1.39162],[103.7187,1.39079],[103.71727,1.39105],[103.71555,1.38993],[103.71468,1.38754],[103.71367,1.38777],[103.71309,1.38845],[103.7164,1.39337],[103.716,1.39457],[103.71393,1.39646],[103.71556,1.39774],[103.71993,1.39283],[103.72372,1.39548],[103.72443,1.39725],[103.72344,1.39811],[103.72312,1.39807]]]}},{"type":"Feature","properties":{"class":"green","area_km2":0.026},"geometry":{"type":"Polygon","coordinates":[[[103.72988,1.39189],[103.72902,1.39231],[103.72838,1.38756],[103.72793,1.38766],[103.72893,1.39245],[103.72988,1.39189]]]}},{"type":"Feature","properties":{"class":"green","area_km2":0.077},"geometry":{"type":"Polygon","coordinates":[[[103.7251,1.38881],[103.72587,1.3899],[103.72327,1.39178],[103.72254,1.39125],[103.72232,1.38992],[103.72387,1.38915],[103.7251,1.38881]]]}},{"type":"Feature","properties":{"class":"green","area_km2":0.523},"geometry":{"type":"Polygon","coordinates":[[[103.72708,1.42269],[103.73002,1.42185],[103.73191,1.42248],[103.73387,1.42153],[103.73465,1.42011],[103.72941,1.41528],[103.72887,1.41602],[103.7226,1.41716],[103.72303,1.41813],[103.72083,1.41864],[103.71999,1.42026],[103.7207,1.42013],[103.72091,1.41883],[103.72788,1.41651],[103.72844,1.41743],[103.72662,1.41805],[103.72625,1.42315],[103.72708,1.42269]]]}},{"type":"Feature","properties":{"class":"green","area_km2":0.035},"geometry":{"type":"Polygon","coordinates":[[[103.77271,1.41006],[103.77191,1.41355],[103.7717,1.41949],[103.77173,1.41246],[103.77258,1.4101],[103.77271,1.41006]]]}},{"type":"Feature","properties":{"class":"green","area_km2":3.306},"geometry":{"type":"Polygon","coordinates":[[[103.7731,1.41013],[103.77203,1.41356],[103.77202,1.41995],[103.77403,1.42343],[103.77857,1.42566],[103.78248,1.42633],[103.78409,1.4262],[103.78545,1.42479],[103.78648,1.42598],[103.78988,1.425],[103.79136,1.42423],[103.79288,1.42014],[103.78933,1.4159],[103.79271,1.41561],[103.7948,1.41722],[103.79573,1.41704],[103.79633,1.41562],[103.79819,1.41617],[103.79793,1.41546],[103.78525,1.41187],[103.78438,1.41314],[103.78523,1.41303],[103.78629,1.41447],[103.78477,1.41584],[103.78375,1.41312],[103.78486,1.41171],[103.78301,1.4111],[103.77571,1.41087],[103.7731,1.41013]],[[103.77907,1.41798],[103.7798,1.41734],[103.78089,1.41844],[103.78204,1.41845],[103.78244,1.41928],[103.78091,1.42091],[103.78097,1.42047],[103.77907,1.41798]]]}},{"type":"Feature","properties":{"class":"water","area_km2":0.062},"geometry":{"type":"Polygon","coordinates":[[[103.96162,1.40552],[103.96114,1.40363],[103.96051,1.40411],[103.95944,1.40302],[103.95835,1.4033],[103.95897,1.40276],[103.95862,1.40194],[103.95764,1.40245],[103.95775,1.40079],[103.95698,1.40217],[103.95745,1.40274],[103.95866,1.40237],[103.95789,1.40346],[103.95906,1.40327],[103.96049,1.40426],[103.96106,1.40378],[103.96138,1.40629],[103.9607,1.40618],[103.96211,1.41029],[103.96224,1.40948],[103.9627,1.40998],[103.96145,1.40567],[103.96162,1.40552]],[[103.96146,1.40919],[103.96251,1.40936],[103.96159,1.40684],[103.96114,1.40725],[103.9614,1.40904],[103.96146,1.40919]],[[103.96112,1.40698],[103.96114,1.4064],[103.96117,1.40701],[103.96112,1.40698]]]}},{"type":"Feature","properties":{"class":"water","area_km2":0.287},"geometry":{"type":"Polygon","coordinates":[[[103.57356,1.3894],[103.57026,1.38807],[103.56756,1.38812],[103.56528,1.38991],[103.56424,1.39247],[103.56126,1.39484],[103.55419,1.39697],[103.55249,1.39681],[103.54838,1.39962],[103.54489,1.39918],[103.54142,1.39731],[103.54188,1.39513],[103.5439,1.39737],[103.54813,1.39892],[103.55247,1.39582],[103.55391,1.39655],[103.56118,1.39445],[103.56383,1.39246],[103.56539,1.38952],[103.56753,1.38796],[103.57038,1.38796],[103.57307,1.38928],[103.57398,1.38877],[103.57528,1.38906],[103.58265,1.38453],[103.5788,1.38674],[103.57764,1.38819],[103.57534,1.38923],[103.57397,1.38893],[103.57356,1.3894]]]}},{"type":"Feature","properties":{"class":"green","area_km2":0.491},"geometry":{"type":"Polygon","coordinates":[[[103.85571,1.22592],[103.85523,1.22438],[103.85826,1.22151],[103.8573,1.21964],[103.85769,1.21821],[103.85842,1.21824],[103.85793,1.21779],[103.85702,1.21765],[103.85721,1.21803],[103.85276,1.22231],[103.85195,1.22523],[103.85308,1.22582],[103.85249,1.22896],[103.8495,1.22967],[103.85172,1.23061],[103.85133,1.23153],[103.85506,1.23155],[103.85218,1.23117],[103.8505,1.22961],[103.8527,1.23069],[103.85571,1.23019],[103.85663,1.23125],[103.85546,1.23167],[103.85791,1.23205],[103.8581,1.23111],[103.85706,1.22955],[103.85538,1.2287],[103.85424,1.22945],[103.8531,1.22839],[103.85368,1.22559],[103.85472,1.22511],[103.85564,1.22574],[103.85571,1.22592]],[[103.85469,1.22166],[103.85451,1.22294],[103.85383,1.2232],[103.85357,1.22246],[103.85459,1.22161],[103.85469,1.22166]]]}},{"type":"Feature","properties":{"class":"green","area_km2":0.418},"geometry":{"type":"Polygon","coordinates":[[[103.85053,1.22086],[103.85161,1.22014],[103.85157,1.21911],[103.85159,1.21988],[103.85051,1.21983],[103.85093,1.21727],[103.8516,1.21782],[103.85168,1.21628],[103.85121,1.21645],[103.8509,1.21552],[103.85158,1.21438],[103.85202,1.21431],[103.852,1.2151],[103.85185,1.2134],[103.84933,1.21499],[103.84317,1.22218],[103.84429,1.22326],[103.84564,1.22343],[103.84632,1.2224],[103.84766,1.22194],[103.84877,1.22234],[103.84844,1.22157],[103.85032,1.2205],[103.85053,1.22086]]]}},{"type":"Feature","properties":{"class":"water","area_km2":0.745},"geometry":{"type":"Polygon","coordinates":[[[103.72894,1.33523],[103.7296,1.33659],[103.73106,1.337],[103.73324,1.33531],[103.73373,1.33315],[103.73087,1.33464],[103.72883,1.33471],[103.72948,1.33409],[103.72894,1.33328],[103.72862,1.33435],[103.72778,1.32902],[103.72945,1.32836],[103.73157,1.32863],[103.73244,1.32683],[103.73324,1.32701],[103.73253,1.3292],[103.72852,1.32956],[103.72844,1.3305],[103.73034,1.33386],[103.73437,1.33179],[103.73436,1.33451],[103.73206,1.33943],[103.73099,1.3404],[103.73039,1.3427],[103.72856,1.34332],[103.72832,1.34416],[103.72725,1.34292],[103.72491,1.34418],[103.7226,1.34419],[103.72206,1.34287],[103.72256,1.34164],[103.72347,1.34117],[103.72535,1.34153],[103.72611,1.3402],[103.7275,1.33957],[103.72712,1.3376],[103.72877,1.3352],[103.72894,1.33523]],[[103.73007,1.33757],[103.72983,1.33921],[103.73105,1.33774],[103.73321,1.33657],[103.73183,1.33854],[103.73191,1.33936],[103.73055,1.34067],[103.72876,1.34025],[103.72773,1.33833],[103.72837,1.33723],[103.72993,1.33746],[103.73007,1.33757]]]}},{"type":"Feature","properties":{"class":"green","area_km2":0.067},"geometry":{"type":"Polygon","coordinates":[[[103.68892,1.37022],[103.69314,1.37403],[103.69216,1.37393],[103.68843,1.37039],[103.68718,1.36985],[103.6856,1.3708],[103.68535,1.37032],[103.6869,1.36926],[103.6888,1.36997],[103.68892,1.37022]]]}},{"type":"Feature","properties":{"class":"green","area_km2":1.982},"geometry":{"type":"Polygon","coordinates":[[[103.69346,1.36175],[103.69432,1.35925],[103.69556,1.35897],[103.69497,1.35765],[103.69631,1.35752],[103.69621,1.35646],[103.69681,1.35722],[103.69787,1.35649],[103.69782,1.35553],[103.70369,1.36262],[103.70659,1.36515],[103.70963,1.36698],[103.71466,1.36842],[103.71468,1.36918],[103.71415,1.3692],[103.71494,1.37121],[103.7115,1.3688],[103.71113,1.36942],[103.71177,1.36914],[103.71306,1.37006],[103.71255,1.37014],[103.71358,1.37073],[103.71376,1.37198],[103.71471,1.37185],[103.71467,1.37322],[103.71215,1.37284],[103.70812,1.37028],[103.70674,1.37048],[103.70454,1.37204],[103.70269,1.37214],[103.70265,1.37132],[103.70001,1.37175],[103.69938,1.36883],[103.69866,1.36884],[103.69865,1.36677],[103.69719,1.36677],[103.69716,1.36536],[103.69597,1.36541],[103.69447,1.36684],[103.69398,1.36652],[103.69287,1.36441],[103.69325,1.36321],[103.69409,1.36285],[103.69319,1.36261],[103.69339,1.36188],[103.69346,1.36175]],[[103.70657,1.36899],[103.70642,1.36699],[103.70661,1.36905],[103.70657,1.36899]]]}},{"type":"Feature","properties":{"class":"water","area_km2":0.063},"geometry":{"type":"Polygon","coordinates":[[[103.96096,1.40298],[103.96402,1.40254],[103.96461,1.40167],[103.96407,1.40129],[103.96328,1.40244],[103.96402,1.40129],[103.96357,1.4011],[103.96243,1.40265],[103.96315,1.40096],[103.96163,1.4028],[103.96277,1.40115],[103.96221,1.40101],[103.96304,1.40096],[103.96151,1.40115],[103.96076,1.40005],[103.96487,1.40133],[103.96444,1.40267],[103.96112,1.4034],[103.95959,1.40309],[103.96012,1.40172],[103.96051,1.40239],[103.96101,1.40205],[103.9609,1.40311],[103.96096,1.40298]]]}},{"type":"Feature","properties":{"class":"water","area_km2":0.031},"geometry":{"type":"Polygon","coordinates":[[[103.96161,1.40548],[103.96367,1.40498],[103.96444,1.40383],[103.96231,1.40515],[103.96415,1.40401],[103.96207,1.40484],[103.96191,1.4042],[103.96435,1.40339],[103.96179,1.40407],[103.9617,1.40546],[103.96161,1.40548]]]}},{"type":"Feature","properties":{"class":"water","area_km2":0.046},"geometry":{"type":"Polygon","coordinates":[[[103.95061,1.40605],[103.95252,1.40641],[103.95269,1.40716],[103.95169,1.40877],[103.95309,1.40987],[103.95248,1.41022],[103.95104,1.40916],[103.95187,1.4077],[103.95037,1.40691],[103.95065,1.40609],[103.95061,1.40605]]]}},{"type":"Feature","properties":{"class":"water","area_km2":0.036},"geometry":{"type":"Polygon","coordinates":[[[103.95259,1.40626],[103.9531,1.40609],[103.9533,1.40709],[103.95235,1.40881],[103.9532,1.40937],[103.95414,1.40854],[103.95457,1.40969],[103.95744,1.41057],[103.95768,1.41116],[103.95707,1.41053],[103.95618,1.41123],[103.9564,1.41063],[103.95534,1.40983],[103.95429,1.41024],[103.95382,1.40905],[103.95328,1.40959],[103.95199,1.40911],[103.95284,1.40658],[103.95259,1.40626]]]}},{"type":"Feature","properties":{"class":"water","area_km2":1.292},"geometry":{"type":"Polygon","coordinates":[[[103.65473,1.33609],[103.65712,1.33774],[103.66074,1.33746],[103.66329,1.3386],[103.65863,1.33785],[103.65592,1.33938],[103.65387,1.33822],[103.653,1.33951],[103.65312,1.34315],[103.6463,1.34906],[103.64595,1.35021],[103.64445,1.35092],[103.64387,1.35295],[103.64084,1.35688],[103.63801,1.34864],[103.63984,1.34855],[103.64301,1.34694],[103.64415,1.34476],[103.64589,1.34309],[103.64861,1.34303],[103.64964,1.34381],[103.6502,1.34282],[103.65113,1.34298],[103.65138,1.34225],[103.64957,1.34062],[103.64973,1.33927],[103.65151,1.33618],[103.65335,1.33545],[103.65464,1.33602],[103.65473,1.33609]]]}},{"type":"Feature","properties":{"class":"water","area_km2":0.02},"geometry":{"type":"Polygon","coordinates":[[[103.71986,1.44708],[103.72093,1.44657],[103.72041,1.44738],[103.7211,1.44712],[103.72135,1.44776],[103.72045,1.44817],[103.71979,1.44719],[103.71986,1.44708]]]}},{"type":"Feature","properties":{"class":"water","area_km2":1.161},"geometry":{"type":"Polygon","coordinates":[[[103.75201,1.54005],[103.74955,1.5414],[103.74732,1.54389],[103.74416,1.545],[103.74098,1.54747],[103.73931,1.54768],[103.73779,1.55079],[103.73551,1.55131],[103.73332,1.55269],[103.73767,1.5511],[103.73935,1.5479],[103.74101,1.54773],[103.74411,1.54528],[103.74724,1.54419],[103.7495,1.54179],[103.75193,1.54414],[103.74969,1.54161],[103.7531,1.53962],[103.7544,1.53709],[103.75662,1.53585],[103.77018,1.52258],[103.77042,1.52092],[103.76907,1.51922],[103.76923,1.51709],[103.7732,1.51282],[103.77524,1.51193],[103.77553,1.50889],[103.77794,1.50627],[103.78542,1.50354],[103.7867,1.50385],[103.78444,1.50626],[103.77802,1.5076],[103.77681,1.51242],[103.7775,1.51183],[103.77788,1.50909],[103.77887,1.50797],[103.7828,1.50771],[103.78888,1.50531],[103.78957,1.50445],[103.79531,1.50179],[103.79702,1.49994],[103.79797,1.49766],[103.79618,1.49749],[103.79608,1.49855],[103.79435,1.50048],[103.79273,1.5005],[103.79255,1.50125],[103.79021,1.5021],[103.78964,1.5021],[103.78982,1.50136],[103.79163,1.50017],[103.79006,1.50079],[103.78959,1.50211],[103.78264,1.50207],[103.78018,1.50428],[103.77753,1.50489],[103.77598,1.50626],[103.77241,1.51101],[103.77136,1.51155],[103.77092,1.51367],[103.76794,1.51816],[103.77009,1.52184],[103.75689,1.53534],[103.75391,1.53719],[103.75298,1.53938],[103.75201,1.54005]],[[103.77287,1.51176],[103.77442,1.51074],[103.77351,1.51023],[103.77279,1.51167],[103.77287,1.51176]]]}},{"type":"Feature","properties":{"class":"green","area_km2":0.086},"geometry":{"type":"Polygon","coordinates":[[[103.72446,1.45121],[103.72312,1.44901],[103.72343,1.44841],[103.72802,1.4505],[103.72486,1.4512],[103.72446,1.45121]]]}},{"type":"Feature","properties":{"class":"green","area_km2":1.406},"geometry":{"type":"Polygon","coordinates":[[[103.73357,1.43956],[103.73419,1.43952],[103.73398,1.43869],[103.73659,1.43873],[103.73627,1.44042],[103.7373,1.44257],[103.73483,1.44465],[103.73362,1.44482],[103.73026,1.44937],[103.72811,1.44993],[103.72392,1.44794],[103.72291,1.44804],[103.72291,1.45024],[103.72217,1.45101],[103.71576,1.45016],[103.71713,1.44948],[103.71658,1.4492],[103.71788,1.44667],[103.71727,1.44492],[103.71769,1.44367],[103.71982,1.44508],[103.72476,1.44343],[103.72402,1.44285],[103.72335,1.44314],[103.72194,1.44162],[103.72214,1.44044],[103.72062,1.43989],[103.72132,1.43883],[103.72297,1.43916],[103.72308,1.44064],[103.7242,1.44118],[103.725,1.43995],[103.72524,1.44112],[103.72755,1.44138],[103.72866,1.44537],[103.73026,1.44508],[103.73037,1.4455],[103.7315,1.44389],[103.73259,1.44506],[103.73254,1.44415],[103.73397,1.44301],[103.73458,1.44031],[103.73216,1.43946],[103.7323,1.43875],[103.733,1.43869],[103.73358,1.43953],[103.73357,1.43956]]]}},{"type":"Feature","properties":{"class":"green","area_km2":0.462},"geometry":{"type":"Polygon","coordinates":[[[103.55955,1.38517],[103.55967,1.38369],[103.56021,1.38346],[103.55965,1.38339],[103.55975,1.38261],[103.5607,1.38269],[103.56134,1.38005],[103.5612,1.37828],[103.56197,1.37862],[103.56175,1.37998],[103.56288,1.37946],[103.56347,1.38061],[103.5645,1.3809],[103.56489,1.38218],[103.56668,1.3821],[103.56677,1.38314],[103.56717,1.3822],[103.56849,1.38249],[103.56797,1.3837],[103.56869,1.38433],[103.56822,1.38483],[103.56661,1.38464],[103.56599,1.38656],[103.56081,1.38543],[103.55955,1.38517]],[[103.56497,1.38303],[103.5655,1.383],[103.5653,1.38359],[103.56497,1.38303]]]}},{"type":"Feature","properties":{"class":"green","area_km2":0.838},"geometry":{"type":"Polygon","coordinates":[[[103.60197,1.36995],[103.60305,1.36928],[103.60385,1.36988],[103.60506,1.36882],[103.60613,1.3698],[103.60441,1.37068],[103.60313,1.3698],[103.60216,1.37109],[103.60279,1.37196],[103.60386,1.37117],[103.6054,1.37173],[103.60434,1.37263],[103.60378,1.37521],[103.60878,1.37319],[103.60877,1.3723],[103.60809,1.37266],[103.60717,1.37161],[103.60752,1.37127],[103.60878,1.372],[103.60673,1.37029],[103.60759,1.3696],[103.60689,1.36732],[103.60766,1.36623],[103.60733,1.36578],[103.60939,1.36513],[103.6094,1.36447],[103.61159,1.36265],[103.61054,1.36248],[103.60992,1.36172],[103.61033,1.36123],[103.60855,1.36094],[103.60674,1.36187],[103.60733,1.36302],[103.60674,1.36368],[103.60582,1.36352],[103.60624,1.36302],[103.60573,1.36186],[103.60684,1.36048],[103.60612,1.35998],[103.6048,1.36138],[103.60373,1.36093],[103.60373,1.36265],[103.60201,1.36569],[103.6026,1.36784],[103.60143,1.37009],[103.60186,1.36991],[103.60197,1.36995]],[[103.60371,1.36456],[103.60464,1.3648],[103.60486,1.36369],[103.60429,1.36274],[103.60371,1.36456]]]}},{"type":"Feature","properties":{"class":"green","area_km2":0.04},"geometry":{"type":"Polygon","coordinates":[[[103.61251,1.3625],[103.61154,1.36181],[103.61164,1.36125],[103.6144,1.36241],[103.6129,1.36386],[103.61266,1.36276],[103.61344,1.36262],[103.61262,1.36246],[103.61251,1.3625]]]}},{"type":"Feature","properties":{"class":"water","area_km2":0.101},"geometry":{"type":"Polygon","coordinates":[[[103.66214,1.42662],[103.66158,1.4251],[103.66203,1.42329],[103.66294,1.42428],[103.66293,1.42309],[103.66626,1.42328],[103.6652,1.4234],[103.665,1.42405],[103.66672,1.42427],[103.66577,1.42657],[103.66398,1.4267],[103.6652,1.42625],[103.66488,1.42532],[103.66558,1.42567],[103.6658,1.4249],[103.66324,1.42436],[103.6639,1.42664],[103.6627,1.4248],[103.66213,1.42489],[103.66228,1.42644],[103.66214,1.42662]],[[103.66336,1.42369],[103.6647,1.42407],[103.6647,1.42334],[103.66329,1.42337],[103.66336,1.42369]]]}},{"type":"Feature","properties":{"class":"green","area_km2":0.037},"geometry":{"type":"Polygon","coordinates":[[[103.8113,1.34772],[103.80761,1.34967],[103.80701,1.34935],[103.80996,1.34746],[103.81052,1.34816],[103.81303,1.34565],[103.81294,1.34648],[103.81131,1.34771],[103.8113,1.34772]]]}},{"type":"Feature","properties":{"class":"green","area_km2":0.263},"geometry":{"type":"Polygon","coordinates":[[[103.78651,1.45721],[103.78558,1.45667],[103.78712,1.4548],[103.78815,1.4554],[103.7893,1.45431],[103.78985,1.45217],[103.78654,1.45155],[103.78433,1.45328],[103.78337,1.45571],[103.78607,1.45801],[103.78651,1.45721]]]}},{"type":"Feature","properties":{"class":"green","area_km2":0.369},"geometry":{"type":"Polygon","coordinates":[[[103.9526,1.37524],[103.95237,1.37605],[103.95025,1.37621],[103.9497,1.37525],[103.95002,1.37689],[103.94871,1.37688],[103.94744,1.37872],[103.94483,1.37754],[103.94771,1.37917],[103.95014,1.38293],[103.95399,1.38168],[103.95259,1.37538],[103.9526,1.37524]]]}},{"type":"Feature","properties":{"class":"green","area_km2":0.157},"geometry":{"type":"Polygon","coordinates":[[[103.96566,1.38151],[103.96025,1.38071],[103.9603,1.37961],[103.95941,1.3794],[103.95916,1.38028],[103.95829,1.38031],[103.95676,1.37954],[103.95614,1.37784],[103.95616,1.37986],[103.9556,1.38062],[103.95468,1.38065],[103.95286,1.37597],[103.95438,1.3816],[103.95996,1.38106],[103.96448,1.38213],[103.96545,1.38169],[103.96566,1.38151]]]}},{"type":"Feature","properties":{"class":"green","area_km2":0.287},"geometry":{"type":"Polygon","coordinates":[[[103.94872,1.3808],[103.94749,1.37929],[103.94437,1.3778],[103.94849,1.38099],[103.94373,1.38399],[103.94379,1.3853],[103.94291,1.38594],[103.9388,1.38773],[103.93939,1.38889],[103.93618,1.39022],[103.93626,1.39135],[103.93544,1.39132],[103.93515,1.39201],[103.93623,1.39293],[103.93775,1.38992],[103.94418,1.38624],[103.94529,1.38496],[103.94913,1.38314],[103.94885,1.38106],[103.94872,1.3808]]]}},{"type":"Feature","properties":{"class":"green","area_km2":0.842},"geometry":{"type":"Polygon","coordinates":[[[103.75593,1.36165],[103.75727,1.36102],[103.75802,1.36166],[103.75923,1.36147],[103.76037,1.36056],[103.76226,1.3631],[103.76195,1.36419],[103.76305,1.36568],[103.76203,1.36645],[103.76128,1.36866],[103.7588,1.37014],[103.75865,1.36903],[103.75742,1.36981],[103.75819,1.36745],[103.75905,1.36706],[103.758,1.36328],[103.75704,1.36324],[103.75707,1.36572],[103.75804,1.36675],[103.75689,1.36927],[103.75702,1.37274],[103.75759,1.37241],[103.75676,1.37582],[103.75513,1.37566],[103.75508,1.37666],[103.75346,1.37526],[103.75431,1.37449],[103.75486,1.37249],[103.75598,1.373],[103.75663,1.37246],[103.75634,1.37113],[103.75517,1.37014],[103.75393,1.37045],[103.75461,1.37245],[103.75372,1.37224],[103.75365,1.36797],[103.75466,1.36734],[103.75418,1.36644],[103.75453,1.36343],[103.75532,1.36376],[103.75498,1.36257],[103.75574,1.36207],[103.75593,1.36165]],[[103.75454,1.37445],[103.75511,1.37309],[103.75628,1.37351],[103.75551,1.37491],[103.75456,1.37498],[103.75459,1.37455],[103.75454,1.37445]]]}},{"type":"Feature","properties":{"class":"green","area_km2":0.686},"geometry":{"type":"Polygon","coordinates":[[[103.76644,1.35474],[103.76777,1.35304],[103.76653,1.35259],[103.76687,1.35177],[103.7697,1.35213],[103.76995,1.34895],[103.76643,1.35118],[103.76616,1.35361],[103.76552,1.35425],[103.76584,1.3548],[103.76526,1.35459],[103.76563,1.35506],[103.76465,1.35563],[103.76422,1.35528],[103.76471,1.35559],[103.7653,1.35433],[103.76483,1.35394],[103.76582,1.35365],[103.76606,1.35288],[103.76594,1.35209],[103.76506,1.35174],[103.7695,1.34874],[103.76664,1.34737],[103.7645,1.34794],[103.76248,1.34699],[103.76107,1.34763],[103.76104,1.34943],[103.76225,1.34967],[103.76201,1.35075],[103.76081,1.35053],[103.76013,1.35272],[103.76156,1.35284],[103.76205,1.35365],[103.7616,1.35469],[103.76239,1.35588],[103.76342,1.35661],[103.76434,1.35601],[103.7656,1.3566],[103.7655,1.35553],[103.76669,1.35564],[103.76677,1.35479],[103.76602,1.35533],[103.76633,1.35479],[103.76644,1.35474]],[[103.764,1.35083],[103.7639,1.34987],[103.76535,1.35092],[103.76485,1.35143],[103.76409,1.35075],[103.764,1.35083]],[[103.7661,1.34979],[103.7665,1.34948],[103.76606,1.34976],[103.7661,1.34979]],[[103.76309,1.34949],[103.76406,1.34989],[103.76386,1.34935],[103.76302,1.34949],[103.76309,1.34949]]]}},{"type":"Feature","properties":{"class":"water","area_km2":10.64},"geometry":{"type":"Polygon","coordinates":[[[103.54258,1.42192],[103.54092,1.41984],[103.53947,1.41413],[103.53694,1.40866],[103.53592,1.40763],[103.53521,1.40318],[103.53569,1.3992],[103.53479,1.39636],[103.53304,1.3952],[103.53144,1.39231],[103.5306,1.3874],[103.53045,1.38278],[103.53265,1.38123],[103.53456,1.37408],[103.53649,1.37006],[103.53687,1.36736],[103.53526,1.36346],[103.53463,1.35898],[103.53493,1.35582],[103.53695,1.35322],[103.53798,1.34934],[103.54363,1.33932],[103.54328,1.33885],[103.54402,1.3388],[103.54211,1.33822],[103.54213,1.33752],[103.5435,1.33648],[103.54504,1.33737],[103.54475,1.337],[103.54619,1.33523],[103.54626,1.33334],[103.55782,1.33059],[103.55721,1.33089],[103.54744,1.35548],[103.54192,1.37434],[103.54302,1.37543],[103.54094,1.37778],[103.54044,1.38029],[103.53948,1.38156],[103.53924,1.38475],[103.5395,1.38735],[103.54045,1.38742],[103.54096,1.3885],[103.54045,1.38939],[103.541,1.3906],[103.54033,1.3912],[103.54188,1.39513],[103.5413,1.40374],[103.54224,1.40454],[103.54166,1.40516],[103.54183,1.40804],[103.54326,1.4114],[103.54494,1.4186],[103.54595,1.41975],[103.54827,1.42629],[103.54981,1.43299],[103.55045,1.444],[103.55265,1.45168],[103.55253,1.45481],[103.55388,1.45766],[103.55421,1.4603],[103.55235,1.46174],[103.55211,1.46295],[103.55291,1.46415],[103.55359,1.464],[103.55266,1.46469],[103.55164,1.46344],[103.55158,1.46162],[103.55374,1.45976],[103.55331,1.45785],[103.55124,1.45606],[103.55088,1.45501],[103.54985,1.4546],[103.55041,1.45107],[103.54804,1.44416],[103.54671,1.43292],[103.54568,1.42973],[103.54258,1.42192]]]}},{"type":"Feature","properties":{"class":"green","area_km2":0.855},"geometry":{"type":"Polygon","coordinates":[[[103.67476,1.45314],[103.67543,1.4562],[103.67741,1.45687],[103.67682,1.45939],[103.67473,1.45931],[103.67357,1.46137],[103.67487,1.4619],[103.67507,1.46267],[103.67913,1.46297],[103.67954,1.46446],[103.67958,1.46303],[103.6801,1.46231],[103.68142,1.46216],[103.68235,1.45999],[103.67975,1.45869],[103.68045,1.45682],[103.68105,1.45701],[103.68062,1.45831],[103.68185,1.4582],[103.68233,1.45598],[103.68188,1.45461],[103.68048,1.45334],[103.68086,1.45293],[103.68215,1.45315],[103.68361,1.45153],[103.68411,1.45275],[103.68374,1.45686],[103.68585,1.46039],[103.68686,1.4594],[103.68605,1.45895],[103.68713,1.45904],[103.68872,1.45686],[103.68732,1.45569],[103.68549,1.45655],[103.68486,1.45621],[103.68408,1.45084],[103.6815,1.45286],[103.68,1.45096],[103.67794,1.45143],[103.68197,1.4557],[103.67904,1.45561],[103.67855,1.4547],[103.67748,1.45483],[103.67486,1.45287],[103.67476,1.45314]],[[103.67817,1.45902],[103.68105,1.45969],[103.68118,1.46177],[103.67968,1.46183],[103.67852,1.4597],[103.67817,1.45902]]]}},{"type":"Feature","properties":{"class":"green","area_km2":0.027},"geometry":{"type":"Polygon","coordinates":[[[103.69745,1.37712],[103.69814,1.37704],[103.69796,1.37539],[103.69644,1.37576],[103.69699,1.37704],[103.69745,1.37712]]]}},{"type":"Feature","properties":{"class":"green","area_km2":0.33},"geometry":{"type":"Polygon","coordinates":[[[103.78782,1.35322],[103.78944,1.35198],[103.79075,1.34987],[103.78834,1.34635],[103.78985,1.34889],[103.78935,1.34936],[103.78778,1.34892],[103.78792,1.34767],[103.78652,1.34861],[103.78758,1.35019],[103.78699,1.35141],[103.78551,1.35335],[103.78495,1.3517],[103.78448,1.35189],[103.78457,1.35298],[103.78382,1.35342],[103.78019,1.3605],[103.77842,1.36505],[103.77911,1.36499],[103.78211,1.35807],[103.78558,1.35471],[103.78782,1.35322]],[[103.78451,1.35395],[103.78405,1.35424],[103.78461,1.35463],[103.78545,1.3534],[103.78467,1.35379],[103.78451,1.35395]]]}},{"type":"Feature","properties":{"class":"green","area_km2":3.111},"geometry":{"type":"Polygon","coordinates":[[[103.77642,1.34543],[103.77611,1.34677],[103.77657,1.34604],[103.77786,1.34671],[103.77572,1.34764],[103.77566,1.34633],[103.77426,1.34952],[103.77347,1.34855],[103.77489,1.34786],[103.7751,1.34605],[103.77135,1.35095],[103.76778,1.35768],[103.76831,1.35708],[103.76939,1.35755],[103.76916,1.3615],[103.76865,1.36261],[103.76794,1.3627],[103.77242,1.36449],[103.77368,1.36398],[103.77313,1.36423],[103.77352,1.36459],[103.77644,1.36471],[103.77602,1.36426],[103.77824,1.36502],[103.78789,1.34541],[103.7813,1.34264],[103.77804,1.34229],[103.77613,1.34507],[103.77642,1.34543]],[[103.77518,1.35108],[103.77495,1.3494],[103.77627,1.34953],[103.77764,1.35067],[103.7768,1.35164],[103.77531,1.35109],[103.77518,1.35108]],[[103.77627,1.34817],[103.77623,1.34744],[103.77603,1.34791],[103.77627,1.34817]],[[103.77164,1.35701],[103.77122,1.35573],[103.77236,1.35445],[103.77296,1.35744],[103.77246,1.35781],[103.77162,1.35708],[103.77164,1.35701]],[[103.77246,1.36143],[103.77284,1.36181],[103.77366,1.36128],[103.77272,1.36054],[103.77234,1.36133],[103.77246,1.36143]],[[103.78153,1.34485],[103.78212,1.34436],[103.7815,1.34463],[103.78153,1.34485]],[[103.78043,1.3474],[103.77984,1.34582],[103.78075,1.34549],[103.78214,1.34674],[103.78043,1.3474]]]}},{"type":"Feature","properties":{"class":"water","area_km2":1.793},"geometry":{"type":"Polygon","coordinates":[[[103.8595,1.28681],[103.85882,1.28647],[103.85882,1.28481],[103.85587,1.28028],[103.85462,1.28096],[103.85457,1.28219],[103.85295,1.28203],[103.85381,1.28241],[103.85383,1.28294],[103.85335,1.28268],[103.85393,1.2837],[103.85359,1.28485],[103.85483,1.28694],[103.85412,1.28688],[103.85445,1.28891],[103.85731,1.28879],[103.85878,1.28762],[103.86018,1.28769],[103.86024,1.28866],[103.86474,1.28882],[103.8641,1.29758],[103.86491,1.29932],[103.86747,1.30134],[103.86762,1.30309],[103.86823,1.30328],[103.86829,1.3028],[103.86773,1.30425],[103.86619,1.305],[103.86753,1.30551],[103.86956,1.30808],[103.86958,1.30995],[103.87058,1.31105],[103.87068,1.30781],[103.86879,1.30541],[103.86948,1.30421],[103.87203,1.30409],[103.87254,1.30117],[103.87394,1.29973],[103.87336,1.29884],[103.87278,1.29901],[103.87329,1.29857],[103.87116,1.29926],[103.87181,1.29866],[103.87064,1.29826],[103.86655,1.29849],[103.86602,1.29582],[103.86831,1.28912],[103.87373,1.28221],[103.87148,1.28054],[103.87062,1.2817],[103.86519,1.28504],[103.85963,1.28678],[103.8595,1.28681]]]}},{"type":"Feature","properties":{"class":"green","area_km2":0.956},"geometry":{"type":"Polygon","coordinates":[[[103.91956,1.35518],[103.92469,1.36674],[103.92493,1.36579],[103.92636,1.3654],[103.92629,1.3627],[103.92371,1.35555],[103.92718,1.35277],[103.92444,1.34849],[103.92047,1.34673],[103.92111,1.34833],[103.91961,1.35154],[103.92098,1.35461],[103.91965,1.35514],[103.91956,1.35518]],[[103.92506,1.35024],[103.92371,1.34842],[103.92164,1.34798],[103.92015,1.35089],[103.9213,1.35425],[103.92425,1.3542],[103.9261,1.35307],[103.92527,1.35071],[103.92506,1.35024]]]}},{"type":"Feature","properties":{"class":"water","area_km2":0.179},"geometry":{"type":"Polygon","coordinates":[[[103.83562,1.29015],[103.83549,1.29232],[103.8335,1.29245],[103.83569,1.29256],[103.83583,1.2904],[103.8385,1.28944],[103.84076,1.29086],[103.84377,1.29127],[103.84503,1.28944],[103.84776,1.29006],[103.84961,1.28911],[103.85165,1.28656],[103.85371,1.28892],[103.85445,1.28891],[103.85412,1.28688],[103.85365,1.28766],[103.85142,1.28569],[103.84979,1.28648],[103.84888,1.28916],[103.84708,1.28973],[103.84496,1.289],[103.84388,1.29086],[103.84063,1.29042],[103.83887,1.28912],[103.83573,1.29007],[103.83562,1.29015]]]}},{"type":"Feature","properties":{"class":"water","area_km2":0.04},"geometry":{"type":"Polygon","coordinates":[[[103.82928,1.29245],[103.82404,1.29175],[103.81753,1.2924],[103.82409,1.29196],[103.82859,1.29282],[103.83358,1.29231],[103.83023,1.29222],[103.82928,1.29245]]]}},{"type":"Feature","properties":{"class":"green","area_km2":0.533},"geometry":{"type":"Polygon","coordinates":[[[103.75534,1.35277],[103.75486,1.35455],[103.75318,1.35565],[103.75332,1.35716],[103.75433,1.35829],[103.75283,1.35984],[103.75321,1.36027],[103.75191,1.36055],[103.75174,1.36195],[103.75281,1.36198],[103.75361,1.36677],[103.75418,1.36644],[103.75453,1.36343],[103.75537,1.36365],[103.75503,1.36247],[103.75737,1.36086],[103.75703,1.35785],[103.75891,1.35663],[103.7584,1.35539],[103.75875,1.3535],[103.75782,1.35413],[103.75635,1.35355],[103.75534,1.35277]],[[103.75442,1.35741],[103.75336,1.35562],[103.75436,1.35593],[103.75415,1.35505],[103.75535,1.35477],[103.75465,1.35601],[103.75596,1.35719],[103.75444,1.35743],[103.75442,1.35741]],[[103.75385,1.36155],[103.75511,1.36113],[103.75389,1.36155],[103.75385,1.36155]]]}},{"type":"Feature","properties":{"class":"green","area_km2":0.023},"geometry":{"type":"Polygon","coordinates":[[[103.71739,1.34609],[103.71758,1.34527],[103.71636,1.34475],[103.71739,1.34534],[103.71717,1.34598],[103.71606,1.34576],[103.71582,1.34661],[103.71682,1.34632],[103.71782,1.34703],[103.71857,1.34605],[103.71747,1.34611],[103.71739,1.34609]]]}},{"type":"Feature","properties":{"class":"green","area_km2":0.04},"geometry":{"type":"Polygon","coordinates":[[[103.85264,1.28769],[103.85417,1.28897],[103.85478,1.29141],[103.85437,1.29185],[103.85258,1.28774],[103.85264,1.28769]]]}},{"type":"Feature","properties":{"class":"water","area_km2":0.028},"geometry":{"type":"Polygon","coordinates":[[[103.72551,1.32977],[103.72657,1.33091],[103.72747,1.33058],[103.72792,1.33102],[103.72744,1.3301],[103.72778,1.32902],[103.72497,1.32976],[103.72545,1.32979],[103.72551,1.32977]],[[103.72652,1.32948],[103.72603,1.32958],[103.72649,1.32955],[103.72652,1.32948]],[[103.72601,1.32958],[103.72748,1.32939],[103.72733,1.33027],[103.72558,1.3297],[103.72596,1.3295],[103.72601,1.32958]],[[103.72625,1.32997],[103.72743,1.33055],[103.7266,1.3308],[103.72626,1.33002],[103.72625,1.32997]]]}},{"type":"Feature","properties":{"class":"green","area_km2":0.116},"geometry":{"type":"Polygon","coordinates":[[[103.97728,1.42918],[103.97546,1.42834],[103.97556,1.42706],[103.97662,1.42606],[103.97893,1.42682],[103.97906,1.42857],[103.97844,1.42902],[103.97728,1.42918]],[[103.97658,1.42879],[103.97584,1.42831],[103.97601,1.42773],[103.97779,1.42714],[103.97859,1.42791],[103.97831,1.42877],[103.97667,1.42879],[103.97658,1.42879]]]}},{"type":"Feature","properties":{"class":"water","area_km2":0.03},"geometry":{"type":"Polygon","coordinates":[[[103.60986,1.42491],[103.60952,1.42394],[103.60763,1.42463],[103.60879,1.42611],[103.60988,1.42493],[103.60986,1.42491]]]}},{"type":"Feature","properties":{"class":"green","area_km2":0.61},"geometry":{"type":"Polygon","coordinates":[[[103.8651,1.28018],[103.86196,1.27593],[103.85939,1.27755],[103.86059,1.27942],[103.8598,1.27983],[103.86131,1.28284],[103.86177,1.28609],[103.86812,1.28339],[103.86987,1.28202],[103.86921,1.28088],[103.87042,1.28022],[103.86967,1.27979],[103.86756,1.28068],[103.86558,1.28043],[103.8651,1.28018]]]}},{"type":"Feature","properties":{"class":"green","area_km2":0.337},"geometry":{"type":"Polygon","coordinates":[[[103.87589,1.28243],[103.87668,1.28134],[103.87573,1.28072],[103.87044,1.28576],[103.86777,1.29022],[103.86614,1.29519],[103.86794,1.29552],[103.87024,1.28882],[103.87353,1.28428],[103.87585,1.28248],[103.87589,1.28243]]]}},{"type":"Feature","properties":{"class":"green","area_km2":0.046},"geometry":{"type":"Polygon","coordinates":[[[103.68585,1.3664],[103.68499,1.36584],[103.68456,1.36733],[103.68487,1.36965],[103.68554,1.37004],[103.68602,1.36878],[103.68538,1.36683],[103.68585,1.3664]]]}},{"type":"Feature","properties":{"class":"green","area_km2":0.53},"geometry":{"type":"Polygon","coordinates":[[[103.82134,1.38602],[103.81811,1.38857],[103.81703,1.38773],[103.81682,1.38671],[103.81881,1.38671],[103.81946,1.38532],[103.81926,1.38328],[103.81784,1.38024],[103.82053,1.38054],[103.82386,1.3787],[103.82593,1.37979],[103.82732,1.37911],[103.82803,1.37786],[103.82511,1.38355],[103.82145,1.38596],[103.82193,1.38551],[103.82097,1.38479],[103.82045,1.38525],[103.82124,1.38599],[103.82134,1.38602]]]}},{"type":"Feature","properties":{"class":"green","area_km2":0.54},"geometry":{"type":"Polygon","coordinates":[[[103.82145,1.38596],[103.81811,1.38857],[103.81703,1.38773],[103.81682,1.38671],[103.81881,1.38671],[103.81946,1.38532],[103.81926,1.38328],[103.81784,1.38024],[103.82053,1.38054],[103.82386,1.3787],[103.82593,1.37979],[103.82732,1.37911],[103.82803,1.37786],[103.82511,1.38355],[103.82193,1.38567],[103.82145,1.38596]]]}},{"type":"Feature","properties":{"class":"green","area_km2":0.055},"geometry":{"type":"Polygon","coordinates":[[[103.74743,1.38615],[103.74667,1.38514],[103.74712,1.38425],[103.74829,1.3854],[103.74836,1.38884],[103.75219,1.38894],[103.74805,1.38939],[103.74754,1.38619],[103.74743,1.38615]]]}},{"type":"Feature","properties":{"class":"green","area_km2":0.056},"geometry":{"type":"Polygon","coordinates":[[[103.73896,1.39864],[103.73917,1.39691],[103.73994,1.3974],[103.74147,1.39691],[103.74172,1.39879],[103.73939,1.39886],[103.73896,1.39864]]]}},{"type":"Feature","properties":{"class":"green","area_km2":0.027},"geometry":{"type":"Polygon","coordinates":[[[103.74284,1.3982],[103.74172,1.39879],[103.74147,1.39691],[103.74251,1.39655],[103.74274,1.39749],[103.74284,1.3982]]]}},{"type":"Feature","properties":{"class":"green","area_km2":0.16},"geometry":{"type":"Polygon","coordinates":[[[103.74007,1.39899],[103.73972,1.403],[103.74362,1.40247],[103.74284,1.3982],[103.74172,1.39879],[103.74007,1.39899]]]}},{"type":"Feature","properties":{"class":"green","area_km2":0.271},"geometry":{"type":"Polygon","coordinates":[[[103.74007,1.39899],[103.73917,1.4051],[103.73717,1.40508],[103.73625,1.39737],[103.73939,1.39886],[103.74007,1.39899]]]}},{"type":"Feature","properties":{"class":"green","area_km2":0.814},"geometry":{"type":"Polygon","coordinates":[[[103.74384,1.40299],[103.74362,1.40247],[103.73972,1.403],[103.73917,1.4051],[103.73638,1.40476],[103.73264,1.4098],[103.73319,1.41091],[103.73456,1.41096],[103.73426,1.41161],[103.7374,1.41535],[103.7387,1.41561],[103.74024,1.41499],[103.74074,1.41359],[103.73888,1.41136],[103.73929,1.40977],[103.74068,1.40817],[103.74142,1.40815],[103.74189,1.40477],[103.74377,1.40302],[103.74384,1.40299]]]}},{"type":"Feature","properties":{"class":"green","area_km2":0.154},"geometry":{"type":"Polygon","coordinates":[[[103.76784,1.40621],[103.77043,1.40761],[103.77148,1.40716],[103.77056,1.40991],[103.76716,1.40997],[103.76643,1.40799],[103.76784,1.40621]]]}},{"type":"Feature","properties":{"class":"green","area_km2":0.707},"geometry":{"type":"Polygon","coordinates":[[[103.7651,1.40443],[103.76983,1.40738],[103.77148,1.40716],[103.7723,1.40267],[103.77114,1.39862],[103.76603,1.39777],[103.76583,1.40078],[103.76271,1.40153],[103.76498,1.40376],[103.7651,1.40443]]]}},{"type":"Feature","properties":{"class":"green","area_km2":0.289},"geometry":{"type":"Polygon","coordinates":[[[103.7651,1.40443],[103.76263,1.40494],[103.76265,1.41049],[103.76716,1.40997],[103.76643,1.40799],[103.76784,1.40621],[103.76642,1.40493],[103.76519,1.4049],[103.7651,1.40443]]]}},{"type":"Feature","properties":{"class":"green","area_km2":0.064},"geometry":{"type":"Polygon","coordinates":[[[103.77301,1.40339],[103.77382,1.39149],[103.77264,1.40152],[103.77295,1.40338],[103.77301,1.40339]]]}},{"type":"Feature","properties":{"class":"green","area_km2":0.088},"geometry":{"type":"Polygon","coordinates":[[[103.77544,1.41004],[103.77569,1.40698],[103.77391,1.40641],[103.77316,1.40946],[103.77497,1.40999],[103.77544,1.41004]]]}},{"type":"Feature","properties":{"class":"green","area_km2":0.043},"geometry":{"type":"Polygon","coordinates":[[[103.77302,1.40521],[103.7724,1.40898],[103.77281,1.40972],[103.77369,1.40664],[103.77327,1.40468],[103.77311,1.40524],[103.77302,1.40521]]]}},{"type":"Feature","properties":{"class":"green","area_km2":0.022},"geometry":{"type":"Polygon","coordinates":[[[103.77409,1.39518],[103.7761,1.39153],[103.77515,1.3924],[103.7745,1.39121],[103.77412,1.3945],[103.77409,1.39518]],[[103.77443,1.3937],[103.77576,1.39242],[103.77459,1.39218],[103.77441,1.39361],[103.77443,1.3937]]]}},{"type":"Feature","properties":{"class":"green","area_km2":0.021},"geometry":{"type":"Polygon","coordinates":[[[103.75616,1.39496],[103.75614,1.39383],[103.75703,1.39399],[103.75818,1.39315],[103.75609,1.39305],[103.75606,1.39499],[103.75616,1.39496]]]}},{"type":"Feature","properties":{"class":"green","area_km2":1.628},"geometry":{"type":"Polygon","coordinates":[[[103.78043,1.3474],[103.78156,1.35043],[103.78232,1.35011],[103.78306,1.35189],[103.78443,1.35156],[103.78553,1.35345],[103.78624,1.35285],[103.78782,1.35322],[103.78364,1.35611],[103.77938,1.36184],[103.7785,1.36182],[103.77865,1.3593],[103.77782,1.3593],[103.77691,1.35993],[103.7768,1.36185],[103.77566,1.36271],[103.77555,1.36153],[103.77257,1.3599],[103.77195,1.35832],[103.77321,1.35733],[103.77276,1.35441],[103.77068,1.35342],[103.77353,1.34882],[103.77494,1.35038],[103.77456,1.35105],[103.77732,1.35267],[103.77774,1.35046],[103.77644,1.34948],[103.77572,1.34764],[103.77984,1.34582],[103.78043,1.3474]]]}},{"type":"Feature","properties":{"class":"green","area_km2":0.717},"geometry":{"type":"Polygon","coordinates":[[[103.7789,1.34121],[103.77924,1.34081],[103.77971,1.34137],[103.77967,1.3426],[103.78464,1.34373],[103.78807,1.34567],[103.78477,1.35125],[103.78306,1.35189],[103.78232,1.35011],[103.78156,1.35043],[103.78043,1.3474],[103.78214,1.34674],[103.78075,1.34549],[103.77786,1.34671],[103.77657,1.34604],[103.77717,1.34697],[103.77611,1.34677],[103.77678,1.34409],[103.7789,1.34121]]]}},{"type":"Feature","properties":{"class":"green","area_km2":0.108},"geometry":{"type":"Polygon","coordinates":[[[103.77476,1.34861],[103.77426,1.34952],[103.77494,1.35038],[103.77456,1.35105],[103.77732,1.35267],[103.77774,1.35046],[103.77644,1.34948],[103.77572,1.34764],[103.77481,1.34861],[103.77476,1.34861]]]}},{"type":"Feature","properties":{"class":"green","area_km2":0.777},"geometry":{"type":"Polygon","coordinates":[[[103.77842,1.36505],[103.77911,1.36499],[103.78047,1.36097],[103.7785,1.36182],[103.77865,1.3593],[103.77729,1.35945],[103.7768,1.36185],[103.77566,1.36271],[103.77555,1.36153],[103.77257,1.3599],[103.77195,1.35832],[103.77321,1.35733],[103.77276,1.35441],[103.77068,1.35342],[103.76833,1.35723],[103.76936,1.35738],[103.76916,1.3615],[103.76794,1.36321],[103.77279,1.36456],[103.77824,1.36502],[103.77842,1.36505]]]}},{"type":"Feature","properties":{"class":"green","area_km2":0.063},"geometry":{"type":"Polygon","coordinates":[[[103.77627,1.36813],[103.77742,1.36853],[103.7781,1.36524],[103.77647,1.36549],[103.77647,1.36651],[103.77567,1.36669],[103.77593,1.36814],[103.77627,1.36813]]]}},{"type":"Feature","properties":{"class":"green","area_km2":0.076},"geometry":{"type":"Polygon","coordinates":[[[103.77765,1.37097],[103.77763,1.36754],[103.77836,1.3653],[103.77905,1.36562],[103.77889,1.36799],[103.77774,1.37286],[103.77774,1.37099],[103.77765,1.37097]]]}},{"type":"Feature","properties":{"class":"green","area_km2":0.062},"geometry":{"type":"Polygon","coordinates":[[[103.77643,1.37572],[103.77411,1.38924],[103.77573,1.37836],[103.77643,1.37572]]]}},{"type":"Feature","properties":{"class":"green","area_km2":0.068},"geometry":{"type":"Polygon","coordinates":[[[103.77639,1.37571],[103.77408,1.38929],[103.77498,1.38087],[103.77635,1.37584],[103.77639,1.37571]]]}},{"type":"Feature","properties":{"class":"water","area_km2":0.111},"geometry":{"type":"Polygon","coordinates":[[[103.75425,1.40772],[103.75475,1.41104],[103.75126,1.43041],[103.7528,1.43524],[103.75208,1.43737],[103.75259,1.43756],[103.7531,1.43507],[103.7516,1.43046],[103.75495,1.41095],[103.75396,1.40665],[103.75425,1.40772]]]}},{"type":"Feature","properties":{"class":"water","area_km2":0.266},"geometry":{"type":"Polygon","coordinates":[[[103.74143,1.41086],[103.74191,1.41362],[103.73968,1.42042],[103.74022,1.4207],[103.74244,1.41402],[103.74187,1.40993],[103.74274,1.40748],[103.74578,1.40581],[103.75134,1.4052],[103.75289,1.40381],[103.75216,1.39857],[103.75351,1.38852],[103.75561,1.38465],[103.75848,1.38112],[103.76071,1.38163],[103.76172,1.38051],[103.76319,1.38084],[103.76153,1.38011],[103.7607,1.38144],[103.75891,1.38079],[103.75987,1.37922],[103.75543,1.38447],[103.75346,1.38789],[103.75191,1.3982],[103.75256,1.40292],[103.75217,1.40408],[103.75081,1.40484],[103.74561,1.40529],[103.74347,1.40615],[103.74177,1.40798],[103.74134,1.41035],[103.74143,1.41086]]]}},{"type":"Feature","properties":{"class":"green","area_km2":0.028},"geometry":{"type":"Polygon","coordinates":[[[103.71979,1.34621],[103.71935,1.34603],[103.71887,1.3477],[103.72027,1.34826],[103.72103,1.34693],[103.71979,1.34621]],[[103.71968,1.34658],[103.72063,1.34727],[103.72045,1.34772],[103.71968,1.34726],[103.71968,1.34658]]]}},{"type":"Feature","properties":{"class":"green","area_km2":0.035},"geometry":{"type":"Polygon","coordinates":[[[103.74183,1.40551],[103.74243,1.40473],[103.74282,1.40626],[103.74475,1.40532],[103.74352,1.40565],[103.74308,1.40443],[103.74364,1.4032],[103.7418,1.40538],[103.74183,1.40551]]]}},{"type":"Feature","properties":{"class":"green","area_km2":1.453},"geometry":{"type":"Polygon","coordinates":[[[103.73855,1.39846],[103.73869,1.39784],[103.73802,1.39743],[103.73909,1.39683],[103.73806,1.39613],[103.73846,1.39583],[103.73918,1.39674],[103.74139,1.39394],[103.74006,1.39153],[103.74009,1.38957],[103.73927,1.38919],[103.73615,1.38957],[103.73495,1.3904],[103.73554,1.39324],[103.73679,1.39352],[103.73527,1.39405],[103.73641,1.39584],[103.73359,1.40082],[103.73393,1.40206],[103.73223,1.40337],[103.72965,1.40882],[103.73035,1.41068],[103.73164,1.41029],[103.73295,1.41145],[103.73227,1.41261],[103.7328,1.41383],[103.73383,1.41456],[103.73489,1.41444],[103.73576,1.41626],[103.73791,1.41588],[103.73821,1.41736],[103.73994,1.41828],[103.73945,1.42049],[103.74164,1.41382],[103.74019,1.40978],[103.74139,1.40819],[103.73929,1.40977],[103.73888,1.41136],[103.73938,1.41196],[103.73763,1.41344],[103.73625,1.41336],[103.73636,1.4125],[103.73493,1.41115],[103.73312,1.411],[103.73255,1.40977],[103.73308,1.40887],[103.73223,1.40832],[103.73294,1.40715],[103.73386,1.40747],[103.73627,1.40471],[103.73698,1.40471],[103.73586,1.39865],[103.73625,1.39737],[103.73855,1.39846]],[[103.73697,1.38997],[103.73604,1.39062],[103.73574,1.39028],[103.73544,1.39132],[103.73759,1.39267],[103.73695,1.39009],[103.73697,1.38997]],[[103.7346,1.40262],[103.73601,1.40418],[103.73614,1.4023],[103.73454,1.40241],[103.7346,1.40262]]]}},{"type":"Feature","properties":{"class":"green","area_km2":0.062},"geometry":{"type":"Polygon","coordinates":[[[103.73932,1.39682],[103.74149,1.39409],[103.74255,1.39637],[103.7399,1.39722],[103.73932,1.39682]],[[103.74028,1.39701],[103.74113,1.39663],[103.74086,1.39603],[103.74,1.39642],[103.74028,1.39701]]]}},{"type":"Feature","properties":{"class":"green","area_km2":0.142},"geometry":{"type":"Polygon","coordinates":[[[103.80888,1.40483],[103.80911,1.40538],[103.80779,1.4063],[103.80731,1.40603],[103.80869,1.40495],[103.80671,1.40112],[103.8034,1.39724],[103.80258,1.39728],[103.8031,1.39668],[103.80566,1.39929],[103.80745,1.39851],[103.80891,1.4002],[103.80804,1.40114],[103.80848,1.4017],[103.80772,1.40191],[103.80885,1.40445],[103.80888,1.40483]],[[103.80554,1.39952],[103.80632,1.40034],[103.80818,1.4],[103.80729,1.39881],[103.80554,1.39952]]]}},{"type":"Feature","properties":{"class":"green","area_km2":0.021},"geometry":{"type":"Polygon","coordinates":[[[103.75633,1.38849],[103.75781,1.38872],[103.75783,1.38816],[103.75661,1.38714],[103.75719,1.3881],[103.75677,1.38832],[103.75711,1.38784],[103.75648,1.38737],[103.7558,1.38842],[103.75629,1.38844],[103.75633,1.38849]]]}},{"type":"Feature","properties":{"class":"water","area_km2":0.064},"geometry":{"type":"Polygon","coordinates":[[[103.73023,1.44938],[103.72922,1.44968],[103.72772,1.44601],[103.72787,1.4448],[103.72519,1.44398],[103.72505,1.44212],[103.72381,1.44122],[103.72543,1.44198],[103.72505,1.44363],[103.72673,1.44436],[103.72789,1.44386],[103.72736,1.44157],[103.72654,1.44179],[103.72742,1.44137],[103.72841,1.44647],[103.73019,1.44932],[103.73023,1.44938]]]}},{"type":"Feature","properties":{"class":"green","area_km2":0.09},"geometry":{"type":"Polygon","coordinates":[[[103.7343,1.43991],[103.733,1.43869],[103.7323,1.43875],[103.73216,1.43946],[103.73458,1.44031],[103.73492,1.44339],[103.73544,1.44367],[103.73668,1.44297],[103.73711,1.44184],[103.73591,1.44022],[103.73656,1.43901],[103.73589,1.43949],[103.73567,1.4411],[103.73444,1.43998],[103.7343,1.43991]]]}},{"type":"Feature","properties":{"class":"green","area_km2":0.073},"geometry":{"type":"Polygon","coordinates":[[[103.75837,1.43356],[103.75582,1.43172],[103.75605,1.43117],[103.75757,1.43118],[103.75622,1.4295],[103.76012,1.43356],[103.75909,1.43297],[103.75838,1.43353],[103.75837,1.43356]]]}},{"type":"Feature","properties":{"class":"green","area_km2":0.071},"geometry":{"type":"Polygon","coordinates":[[[103.76668,1.44077],[103.76052,1.43404],[103.76661,1.4407],[103.76061,1.43394],[103.76086,1.43337],[103.7651,1.4377],[103.76476,1.43801],[103.76676,1.44065],[103.76668,1.44077]]]}},{"type":"Feature","properties":{"class":"green","area_km2":0.02},"geometry":{"type":"Polygon","coordinates":[[[103.76649,1.44142],[103.76678,1.44088],[103.7679,1.44217],[103.76693,1.44499],[103.76744,1.4465],[103.76682,1.44499],[103.76766,1.44293],[103.76656,1.44156],[103.76649,1.44142]]]}},{"type":"Feature","properties":{"class":"green","area_km2":0.064},"geometry":{"type":"Polygon","coordinates":[[[103.7677,1.35765],[103.76992,1.35359],[103.77039,1.34926],[103.77096,1.35034],[103.77118,1.34965],[103.77097,1.34849],[103.77214,1.34978],[103.76845,1.35681],[103.7677,1.35765]]]}},{"type":"Feature","properties":{"class":"water","area_km2":0.024},"geometry":{"type":"Polygon","coordinates":[[[103.71943,1.44681],[103.72076,1.4463],[103.71953,1.44596],[103.72004,1.44531],[103.71886,1.44515],[103.7185,1.44539],[103.71938,1.44679],[103.71943,1.44681]]]}},{"type":"Feature","properties":{"class":"green","area_km2":0.299},"geometry":{"type":"Polygon","coordinates":[[[103.71829,1.44445],[103.71982,1.44508],[103.72484,1.4437],[103.72405,1.44445],[103.7245,1.44651],[103.72401,1.44689],[103.72322,1.44669],[103.72261,1.44475],[103.7183,1.445],[103.71946,1.44771],[103.72053,1.44864],[103.72059,1.45025],[103.71755,1.4485],[103.71661,1.44983],[103.71373,1.44931],[103.71352,1.44772],[103.71471,1.44597],[103.71739,1.448],[103.71767,1.44517],[103.71664,1.44461],[103.71723,1.44466],[103.71777,1.44369],[103.71827,1.44429],[103.71829,1.44445]],[[103.71811,1.44767],[103.71785,1.44735],[103.7182,1.44769],[103.71811,1.44767]],[[103.71882,1.44773],[103.71905,1.44728],[103.71943,1.44824],[103.71884,1.44767],[103.71882,1.44773]],[[103.71921,1.44839],[103.71992,1.44857],[103.71931,1.44849],[103.71921,1.44839]],[[103.72124,1.44476],[103.72229,1.44459],[103.7213,1.44475],[103.72124,1.44476]],[[103.7244,1.4438],[103.72473,1.44352],[103.72437,1.44373],[103.7244,1.4438]],[[103.72353,1.4445],[103.72402,1.44473],[103.72349,1.44546],[103.72347,1.44448],[103.72353,1.4445]],[[103.71815,1.44443],[103.71876,1.44731],[103.71777,1.44702],[103.71796,1.4454],[103.7172,1.44476],[103.71806,1.44435],[103.71815,1.44443]]]}},{"type":"Feature","properties":{"class":"green","area_km2":0.07},"geometry":{"type":"Polygon","coordinates":[[[103.68257,1.34977],[103.68402,1.35025],[103.68493,1.35158],[103.68449,1.35228],[103.68537,1.35352],[103.68458,1.35422],[103.68312,1.35342],[103.68315,1.35241],[103.68221,1.35185],[103.68237,1.35064],[103.68157,1.34997],[103.68217,1.34981],[103.68253,1.35121],[103.68362,1.35135],[103.68363,1.35259],[103.68483,1.35351],[103.68422,1.35231],[103.68458,1.35139],[103.68264,1.34985],[103.68257,1.34977]]]}},{"type":"Feature","properties":{"class":"green","area_km2":0.039},"geometry":{"type":"Polygon","coordinates":[[[103.9869,1.39265],[103.98882,1.39098],[103.98934,1.39175],[103.99063,1.39168],[103.98754,1.39311],[103.98667,1.39309],[103.98678,1.39269],[103.9869,1.39265]],[[103.98874,1.39215],[103.98915,1.39155],[103.98873,1.39209],[103.98874,1.39215]]]}},{"type":"Feature","properties":{"class":"green","area_km2":0.268},"geometry":{"type":"Polygon","coordinates":[[[103.76038,1.20654],[103.75959,1.20753],[103.7608,1.20787],[103.76072,1.20956],[103.7589,1.21728],[103.75922,1.21297],[103.75778,1.20614],[103.75935,1.20142],[103.76001,1.20583],[103.76038,1.20654]]]}},{"type":"Feature","properties":{"class":"green","area_km2":0.029},"geometry":{"type":"Polygon","coordinates":[[[103.88811,1.29513],[103.89317,1.29498],[103.89005,1.2945],[103.88825,1.29494],[103.88811,1.29513]],[[103.89058,1.29477],[103.88922,1.2949],[103.8905,1.29485],[103.89058,1.29477]]]}},{"type":"Feature","properties":{"class":"green","area_km2":0.722},"geometry":{"type":"Polygon","coordinates":[[[103.78162,1.32611],[103.78236,1.32677],[103.78195,1.3235],[103.78447,1.31844],[103.78322,1.3189],[103.7788,1.323],[103.7781,1.32214],[103.77758,1.32274],[103.77419,1.32082],[103.77341,1.32153],[103.77458,1.32403],[103.77381,1.32476],[103.77451,1.32496],[103.77402,1.32466],[103.77437,1.32425],[103.77456,1.32479],[103.77534,1.32375],[103.77584,1.32395],[103.77522,1.32545],[103.7778,1.32805],[103.77845,1.32976],[103.7781,1.33036],[103.78066,1.32901],[103.77815,1.33079],[103.77836,1.33226],[103.78063,1.33224],[103.78088,1.33558],[103.7813,1.32858],[103.78168,1.32892],[103.78262,1.32775],[103.7789,1.3239],[103.77952,1.32367],[103.7815,1.32601],[103.78162,1.32611]]]}},{"type":"Feature","properties":{"class":"green","area_km2":1.919},"geometry":{"type":"Polygon","coordinates":[[[103.73173,1.37207],[103.72883,1.3636],[103.72626,1.3636],[103.72532,1.36042],[103.72696,1.36034],[103.72682,1.35984],[103.72448,1.35983],[103.72368,1.35927],[103.72405,1.35658],[103.72236,1.35689],[103.71955,1.35898],[103.72017,1.35982],[103.71583,1.36395],[103.71471,1.36649],[103.71311,1.36489],[103.71228,1.36616],[103.71129,1.36628],[103.70929,1.36427],[103.709,1.36523],[103.71053,1.36662],[103.72325,1.37036],[103.72931,1.3747],[103.73133,1.37331],[103.73059,1.37298],[103.73076,1.37235],[103.7318,1.37231],[103.73173,1.37207]]]}},{"type":"Feature","properties":{"class":"water","area_km2":0.056},"geometry":{"type":"Polygon","coordinates":[[[103.7367,1.36975],[103.73561,1.37608],[103.73303,1.37892],[103.73298,1.37983],[103.73585,1.37626],[103.73579,1.37397],[103.73694,1.36965],[103.73801,1.3688],[103.73928,1.36507],[103.74215,1.36302],[103.73912,1.36496],[103.73789,1.36863],[103.73679,1.3695],[103.7367,1.36975]]]}},{"type":"Feature","properties":{"class":"green","area_km2":0.042},"geometry":{"type":"Polygon","coordinates":[[[103.78323,1.32917],[103.78208,1.32952],[103.78199,1.33165],[103.78191,1.32848],[103.78464,1.32729],[103.78457,1.32784],[103.78349,1.32816],[103.7833,1.32918],[103.78323,1.32917]]]}},{"type":"Feature","properties":{"class":"green","area_km2":0.214},"geometry":{"type":"Polygon","coordinates":[[[103.79018,1.32644],[103.78936,1.32695],[103.78716,1.32594],[103.78587,1.32608],[103.785,1.32498],[103.78813,1.32531],[103.78787,1.32258],[103.79025,1.32142],[103.79223,1.32448],[103.79148,1.32417],[103.79114,1.32468],[103.79194,1.32528],[103.79044,1.32628],[103.79018,1.32644]]]}},{"type":"Feature","properties":{"class":"water","area_km2":0.029},"geometry":{"type":"Polygon","coordinates":[[[103.78943,1.32711],[103.78592,1.32618],[103.78205,1.32698],[103.78266,1.32763],[103.78601,1.32649],[103.78969,1.32725],[103.78943,1.32711]]]}},{"type":"Feature","properties":{"class":"water","area_km2":0.048},"geometry":{"type":"Polygon","coordinates":[[[103.56821,1.44563],[103.57025,1.44704],[103.56999,1.44616],[103.57112,1.4454],[103.57388,1.44736],[103.57446,1.44693],[103.57248,1.44611],[103.57324,1.4459],[103.57196,1.44529],[103.56829,1.44529],[103.56821,1.44563]],[[103.56951,1.44576],[103.57069,1.44541],[103.56958,1.44581],[103.56951,1.44576]]]}},{"type":"Feature","properties":{"class":"green","area_km2":0.182},"geometry":{"type":"Polygon","coordinates":[[[103.76201,1.40391],[103.76222,1.40002],[103.76368,1.39877],[103.76552,1.3987],[103.76571,1.40073],[103.76271,1.40152],[103.7651,1.40443],[103.76247,1.40495],[103.76237,1.40709],[103.76213,1.40408],[103.76201,1.40391]]]}},{"type":"Feature","properties":{"class":"water","area_km2":0.244},"geometry":{"type":"Polygon","coordinates":[[[104.08967,1.18638],[104.09085,1.18606],[104.09145,1.18908],[104.09576,1.18972],[104.09514,1.19359],[104.09637,1.19406],[104.09655,1.19317],[104.09752,1.19285],[104.09652,1.19174],[104.0963,1.189],[104.09175,1.18784],[104.09262,1.18368],[104.09518,1.18343],[104.09681,1.18376],[104.09699,1.1844],[104.09964,1.18421],[104.09883,1.18346],[104.09813,1.18426],[104.09558,1.1837],[104.09486,1.18101],[104.09549,1.18033],[104.09454,1.17905],[104.09438,1.1763],[104.09439,1.17904],[104.09519,1.18006],[104.09469,1.18065],[104.09496,1.18312],[104.09369,1.18283],[104.09316,1.18165],[104.09193,1.18174],[104.09202,1.18028],[104.09025,1.18139],[104.08813,1.17988],[104.08821,1.17902],[104.08737,1.17922],[104.08816,1.17912],[104.08805,1.18002],[104.09023,1.18147],[104.09157,1.18112],[104.09184,1.18033],[104.09181,1.18183],[104.09338,1.18207],[104.09176,1.18498],[104.08969,1.18634],[104.08967,1.18638]]]}},{"type":"Feature","properties":{"class":"water","area_km2":0.314},"geometry":{"type":"Polygon","coordinates":[[[103.82439,1.36748],[103.83048,1.36719],[103.83717,1.36398],[103.84657,1.3617],[103.84725,1.36035],[103.84905,1.36004],[103.8492,1.35853],[103.85231,1.35555],[103.85691,1.34953],[103.85797,1.34201],[103.8635,1.33805],[103.86444,1.33663],[103.86499,1.33327],[103.86397,1.32931],[103.8674,1.32449],[103.86773,1.31862],[103.8694,1.31597],[103.87021,1.31571],[103.86928,1.31326],[103.87058,1.31105],[103.86995,1.31074],[103.86872,1.31241],[103.86918,1.31498],[103.8673,1.31835],[103.86706,1.32445],[103.86362,1.3295],[103.86458,1.33325],[103.86414,1.33661],[103.85775,1.34178],[103.85672,1.34939],[103.85212,1.35545],[103.8491,1.35831],[103.8488,1.35982],[103.84697,1.36033],[103.84652,1.36154],[103.83699,1.36379],[103.83043,1.36707],[103.82441,1.36737],[103.82439,1.36748]]]}},{"type":"Feature","properties":{"class":"green","area_km2":0.363},"geometry":{"type":"Polygon","coordinates":[[[103.73897,1.36541],[103.73779,1.36873],[103.7367,1.36975],[103.73593,1.36914],[103.73449,1.36932],[103.73366,1.37139],[103.73252,1.37227],[103.7326,1.37103],[103.73201,1.37079],[103.72995,1.36497],[103.73371,1.36495],[103.73369,1.36743],[103.73626,1.36721],[103.73845,1.36465],[103.73887,1.36535],[103.73897,1.36541]]]}},{"type":"Feature","properties":{"class":"water","area_km2":0.037},"geometry":{"type":"Polygon","coordinates":[[[103.87509,1.28638],[103.87574,1.28618],[103.87611,1.28483],[103.87564,1.28321],[103.87504,1.28354],[103.87565,1.28381],[103.87498,1.28451],[103.875,1.28633],[103.87509,1.28638]],[[103.87524,1.28605],[103.87534,1.28557],[103.87523,1.28606],[103.87524,1.28605]]]}},{"type":"Feature","properties":{"class":"water","area_km2":0.023},"geometry":{"type":"Polygon","coordinates":[[[104.04099,1.15712],[104.04299,1.15535],[104.04299,1.15681],[104.04099,1.15712]]]}},{"type":"Feature","properties":{"class":"green","area_km2":0.078},"geometry":{"type":"Polygon","coordinates":[[[103.7778,1.44976],[103.77684,1.45102],[103.77339,1.45001],[103.77496,1.44855],[103.77756,1.44918],[103.77773,1.44982],[103.7778,1.44976]]]}},{"type":"Feature","properties":{"class":"green","area_km2":0.113},"geometry":{"type":"Polygon","coordinates":[[[103.77854,1.44947],[103.77815,1.44972],[103.77869,1.45048],[103.78044,1.4513],[103.78015,1.44774],[103.78227,1.44699],[103.78142,1.44439],[103.77958,1.4471],[103.77906,1.44895],[103.77951,1.45065],[103.77859,1.44953],[103.77854,1.44947]],[[103.77991,1.44985],[103.77987,1.45068],[103.77992,1.44994],[103.77991,1.44985]]]}},{"type":"Feature","properties":{"class":"green","area_km2":0.074},"geometry":{"type":"Polygon","coordinates":[[[103.77833,1.44926],[103.77807,1.44962],[103.77746,1.447],[103.77896,1.44616],[103.78029,1.44408],[103.78127,1.44386],[103.77838,1.44905],[103.77833,1.44926]]]}},{"type":"Feature","properties":{"class":"green","area_km2":29.055},"geometry":{"type":"Polygon","coordinates":[[[103.78367,1.35923],[103.78427,1.358],[103.78278,1.35793],[103.78076,1.3615],[103.78026,1.36496],[103.78146,1.36594],[103.78261,1.36972],[103.7817,1.37075],[103.782,1.3729],[103.78407,1.37674],[103.78391,1.37871],[103.78295,1.37891],[103.7822,1.37823],[103.77848,1.37862],[103.77801,1.381],[103.77658,1.38082],[103.77626,1.38246],[103.77686,1.38585],[103.77816,1.3866],[103.77744,1.38934],[103.77619,1.39063],[103.77636,1.39238],[103.77547,1.39343],[103.7762,1.39406],[103.77583,1.39461],[103.77685,1.39766],[103.77862,1.39923],[103.78007,1.39935],[103.78082,1.40095],[103.7808,1.40309],[103.78268,1.40625],[103.78376,1.40685],[103.78274,1.40801],[103.78292,1.40955],[103.78423,1.40997],[103.78372,1.41084],[103.7853,1.41142],[103.78567,1.41346],[103.7891,1.41588],[103.79633,1.41562],[103.79795,1.41629],[103.79801,1.4151],[103.80292,1.41592],[103.80547,1.41427],[103.80961,1.40524],[103.80901,1.40536],[103.80772,1.40191],[103.80848,1.4017],[103.80832,1.40073],[103.80903,1.39984],[103.81052,1.40029],[103.81323,1.39913],[103.81524,1.39555],[103.81848,1.39386],[103.81761,1.38987],[103.81792,1.38853],[103.81664,1.3869],[103.81732,1.38635],[103.81881,1.3866],[103.81938,1.38531],[103.81919,1.38334],[103.81778,1.38018],[103.8206,1.38044],[103.82394,1.37861],[103.82588,1.37971],[103.82767,1.37837],[103.82765,1.37743],[103.82627,1.37646],[103.82623,1.37351],[103.82779,1.37211],[103.82727,1.36926],[103.82806,1.36726],[103.82431,1.36747],[103.8225,1.36561],[103.82334,1.36808],[103.82278,1.3682],[103.81983,1.36607],[103.81887,1.36402],[103.81852,1.36492],[103.81667,1.36518],[103.81868,1.36616],[103.81872,1.36726],[103.82048,1.36785],[103.821,1.36931],[103.81802,1.37078],[103.81587,1.36803],[103.8169,1.37134],[103.81416,1.37198],[103.81149,1.36984],[103.81218,1.36858],[103.81132,1.36596],[103.81237,1.36291],[103.81904,1.35418],[103.82354,1.35232],[103.82674,1.35419],[103.82982,1.35312],[103.83207,1.35082],[103.83207,1.35009],[103.83384,1.34957],[103.83561,1.34739],[103.83456,1.34768],[103.83578,1.34629],[103.83678,1.34636],[103.83687,1.34573],[103.83479,1.3447],[103.83553,1.34344],[103.83225,1.34212],[103.83182,1.34125],[103.83135,1.34273],[103.82945,1.34291],[103.83048,1.34274],[103.83115,1.34098],[103.82533,1.34134],[103.82102,1.34008],[103.81872,1.33676],[103.81641,1.33893],[103.81622,1.3398],[103.81478,1.34059],[103.81522,1.34382],[103.81325,1.34442],[103.81332,1.34599],[103.81142,1.34785],[103.80751,1.3497],[103.805,1.34994],[103.80343,1.34793],[103.80252,1.34482],[103.80171,1.34434],[103.79665,1.34907],[103.7916,1.35022],[103.79129,1.35352],[103.80441,1.35709],[103.80306,1.36131],[103.80258,1.3618],[103.80211,1.3607],[103.80119,1.36089],[103.80318,1.36496],[103.80306,1.36617],[103.8017,1.36474],[103.80191,1.3634],[103.80052,1.36381],[103.79974,1.36299],[103.80073,1.3611],[103.79867,1.36176],[103.799,1.35972],[103.7973,1.36087],[103.79663,1.36031],[103.79728,1.35889],[103.79652,1.35814],[103.79591,1.35934],[103.79523,1.35905],[103.79521,1.35667],[103.7936,1.35792],[103.79326,1.35673],[103.79244,1.35731],[103.7919,1.35694],[103.79119,1.35788],[103.78887,1.3571],[103.78938,1.35831],[103.79354,1.3599],[103.79239,1.36058],[103.79253,1.36106],[103.79417,1.36129],[103.79386,1.36218],[103.79239,1.36247],[103.78896,1.3603],[103.79161,1.36343],[103.79284,1.36343],[103.79352,1.36482],[103.79355,1.36348],[103.7959,1.36218],[103.79681,1.36307],[103.79543,1.36374],[103.79522,1.36478],[103.79635,1.36393],[103.79784,1.36413],[103.79954,1.36621],[103.79967,1.36723],[103.7986,1.36768],[103.7968,1.36704],[103.7964,1.36578],[103.79523,1.36679],[103.79594,1.36806],[103.79511,1.36884],[103.79421,1.36889],[103.79338,1.36668],[103.79292,1.36916],[103.79216,1.36944],[103.79078,1.36687],[103.79154,1.36498],[103.79039,1.36597],[103.78972,1.36518],[103.79046,1.36331],[103.78954,1.36343],[103.78858,1.36239],[103.78899,1.36425],[103.78739,1.36422],[103.7864,1.36231],[103.78667,1.36099],[103.78611,1.36105],[103.78591,1.36398],[103.78454,1.36374],[103.78397,1.36278],[103.7844,1.36193],[103.78338,1.36065],[103.78374,1.35936],[103.78367,1.35923]]]}},{"type":"Feature","properties":{"class":"green","area_km2":0.151},"geometry":{"type":"Polygon","coordinates":[[[103.83039,1.34082],[103.83336,1.3407],[103.83555,1.34182],[103.83707,1.34348],[103.83685,1.34569],[103.83802,1.34585],[103.83497,1.34491],[103.83553,1.34344],[103.83225,1.34212],[103.83182,1.34125],[103.83135,1.34273],[103.82945,1.34291],[103.83048,1.34274],[103.83129,1.34162],[103.83128,1.34103],[103.83041,1.34089],[103.83039,1.34082]]]}},{"type":"Feature","properties":{"class":"green","area_km2":0.588},"geometry":{"type":"Polygon","coordinates":[[[103.82677,1.35536],[103.82658,1.35411],[103.82354,1.35232],[103.81855,1.35487],[103.81949,1.35825],[103.82129,1.36092],[103.82548,1.36131],[103.82707,1.36122],[103.8285,1.35933],[103.82736,1.35842],[103.82445,1.35857],[103.82294,1.35511],[103.82631,1.35549],[103.82677,1.35536]]]}},{"type":"Feature","properties":{"class":"green","area_km2":0.325},"geometry":{"type":"Polygon","coordinates":[[[103.92573,1.39141],[103.9232,1.38814],[103.92279,1.38364],[103.92107,1.38243],[103.92251,1.38797],[103.92129,1.39158],[103.91957,1.39322],[103.92216,1.39549],[103.92578,1.3915],[103.92573,1.39141]],[[103.92051,1.39369],[103.9221,1.39472],[103.92058,1.3936],[103.92051,1.39369]]]}},{"type":"Feature","properties":{"class":"water","area_km2":0.094},"geometry":{"type":"Polygon","coordinates":[[[103.62484,1.39771],[103.62507,1.39694],[103.62422,1.39689],[103.62296,1.39399],[103.62078,1.3936],[103.6208,1.39487],[103.62389,1.3985],[103.62474,1.39806],[103.62383,1.39798],[103.62434,1.39765],[103.62395,1.39698],[103.62465,1.39771],[103.62484,1.39771]],[[103.62174,1.39452],[103.62367,1.39676],[103.62256,1.39546],[103.62174,1.39452]]]}},{"type":"Feature","properties":{"class":"green","area_km2":0.285},"geometry":{"type":"Polygon","coordinates":[[[103.69091,1.36776],[103.6918,1.36987],[103.69345,1.36982],[103.69335,1.36803],[103.69226,1.36843],[103.68914,1.36622],[103.68796,1.36305],[103.68698,1.36372],[103.68658,1.36461],[103.68729,1.36511],[103.68554,1.36691],[103.68603,1.36877],[103.68496,1.36961],[103.68533,1.3703],[103.68688,1.36923],[103.68857,1.36976],[103.68864,1.36904],[103.69021,1.36836],[103.69091,1.36776]]]}},{"type":"Feature","properties":{"class":"green","area_km2":0.232},"geometry":{"type":"Polygon","coordinates":[[[103.84113,1.46045],[103.84094,1.46124],[103.84158,1.4603],[103.84265,1.4604],[103.84315,1.45966],[103.84269,1.45879],[103.84385,1.4585],[103.83777,1.45461],[103.83439,1.45564],[103.83577,1.45539],[103.83664,1.45605],[103.83702,1.45525],[103.83903,1.45879],[103.84079,1.46008],[103.84113,1.46045]],[[103.84147,1.45909],[103.84204,1.45934],[103.84219,1.45884],[103.84146,1.45907],[103.84147,1.45909]]]}},{"type":"Feature","properties":{"class":"green","area_km2":0.081},"geometry":{"type":"Polygon","coordinates":[[[103.80899,1.25733],[103.8097,1.25818],[103.8108,1.25754],[103.81007,1.25961],[103.80664,1.25973],[103.80883,1.25728],[103.80899,1.25733]],[[103.80911,1.25896],[103.8097,1.25874],[103.8091,1.25906],[103.80911,1.25896]],[[103.8086,1.25966],[103.80801,1.25866],[103.80887,1.2582],[103.80829,1.25905],[103.80867,1.25976],[103.8086,1.25966]],[[103.80717,1.25969],[103.80787,1.2591],[103.80749,1.25961],[103.80717,1.25969]]]}},{"type":"Feature","properties":{"class":"green","area_km2":40.791},"geometry":{"type":"Polygon","coordinates":[[[103.69714,1.43633],[103.69817,1.43746],[103.7009,1.43536],[103.70532,1.43437],[103.70794,1.43455],[103.7079,1.43386],[103.70617,1.42861],[103.70331,1.42998],[103.70229,1.42779],[103.70514,1.42612],[103.70025,1.41556],[103.69576,1.41379],[103.69475,1.41266],[103.69355,1.40039],[103.69202,1.39741],[103.69147,1.39274],[103.68464,1.38504],[103.68404,1.38262],[103.68483,1.37773],[103.68299,1.37479],[103.68147,1.37475],[103.68238,1.37242],[103.68458,1.37141],[103.68409,1.36715],[103.68526,1.36409],[103.68743,1.36236],[103.69161,1.36128],[103.69322,1.35975],[103.69428,1.35731],[103.692,1.35643],[103.68719,1.35698],[103.68465,1.35584],[103.67977,1.35176],[103.67911,1.35222],[103.67846,1.35122],[103.67617,1.35047],[103.67581,1.34862],[103.67631,1.34735],[103.67805,1.34637],[103.67919,1.33972],[103.67792,1.33927],[103.67656,1.33678],[103.67258,1.33699],[103.6728,1.33843],[103.67125,1.3386],[103.67072,1.33696],[103.66847,1.33495],[103.66864,1.33365],[103.66967,1.33319],[103.66864,1.33094],[103.66935,1.33065],[103.67097,1.33258],[103.67259,1.33086],[103.66762,1.32909],[103.66691,1.32959],[103.66646,1.32903],[103.66558,1.33017],[103.65725,1.33361],[103.65465,1.33612],[103.6565,1.33748],[103.65648,1.33892],[103.65589,1.33929],[103.65398,1.33803],[103.65292,1.33951],[103.65306,1.34312],[103.64599,1.34924],[103.64018,1.35695],[103.64902,1.37282],[103.65471,1.38497],[103.66131,1.40439],[103.66486,1.40936],[103.66936,1.4136],[103.67403,1.42531],[103.67874,1.43237],[103.68483,1.43584],[103.68869,1.43723],[103.69274,1.43764],[103.69714,1.43633]],[[103.69658,1.41654],[103.69709,1.41855],[103.69874,1.41856],[103.70001,1.42311],[103.69556,1.42459],[103.69511,1.42315],[103.69401,1.42304],[103.69288,1.422],[103.69282,1.42034],[103.68822,1.41762],[103.68805,1.41698],[103.68942,1.41629],[103.68998,1.41681],[103.69076,1.41586],[103.69322,1.4167],[103.69462,1.4162],[103.69658,1.41654]]]}},{"type":"Feature","properties":{"class":"green","area_km2":0.174},"geometry":{"type":"Polygon","coordinates":[[[103.88282,1.39785],[103.88315,1.40085],[103.88621,1.40103],[103.88396,1.39529],[103.88249,1.39574],[103.88272,1.39785],[103.88282,1.39785]]]}},{"type":"Feature","properties":{"class":"green","area_km2":0.063},"geometry":{"type":"Polygon","coordinates":[[[103.88631,1.39773],[103.88736,1.40091],[103.8897,1.4006],[103.88959,1.39983],[103.88855,1.39997],[103.88768,1.39766],[103.88652,1.39768],[103.88631,1.39773]]]}},{"type":"Feature","properties":{"class":"water","area_km2":0.081},"geometry":{"type":"Polygon","coordinates":[[[103.97755,1.34658],[103.97712,1.3455],[103.97646,1.34571],[103.97521,1.34167],[103.97578,1.34144],[103.97646,1.34303],[103.97695,1.34285],[103.97813,1.34634],[103.97755,1.34658]],[[103.97759,1.34641],[103.97802,1.34578],[103.97684,1.343],[103.97638,1.34319],[103.9753,1.34164],[103.97649,1.34554],[103.97718,1.34541],[103.97759,1.34641]]]}},{"type":"Feature","properties":{"class":"green","area_km2":0.068},"geometry":{"type":"Polygon","coordinates":[[[103.97748,1.38893],[103.97935,1.39036],[103.9784,1.39098],[103.97787,1.39002],[103.97777,1.39194],[103.97674,1.39226],[103.97537,1.39107],[103.97624,1.39096],[103.97622,1.39009],[103.97632,1.39071],[103.97751,1.39093],[103.97653,1.3893],[103.97753,1.38948],[103.97738,1.38897],[103.97748,1.38893]],[[103.97599,1.39158],[103.97612,1.39111],[103.97728,1.39158],[103.97605,1.39154],[103.97599,1.39158]]]}},{"type":"Feature","properties":{"class":"water","area_km2":0.027},"geometry":{"type":"Polygon","coordinates":[[[103.9966,1.31576],[103.99556,1.31637],[103.99523,1.31739],[103.99708,1.3218],[103.99556,1.31725],[103.99674,1.31609],[103.9966,1.31576]]]}},{"type":"Feature","properties":{"class":"green","area_km2":0.608},"geometry":{"type":"Polygon","coordinates":[[[103.80341,1.27789],[103.8048,1.27911],[103.80457,1.27983],[103.80541,1.27929],[103.80425,1.27682],[103.80498,1.27688],[103.8046,1.2746],[103.80592,1.27378],[103.80654,1.27505],[103.80622,1.27788],[103.80692,1.27836],[103.81452,1.27538],[103.81663,1.27901],[103.81559,1.27978],[103.80702,1.28124],[103.80649,1.2819],[103.80242,1.28106],[103.80374,1.27927],[103.80308,1.278],[103.80341,1.27789]],[[103.80633,1.28024],[103.80493,1.28038],[103.80531,1.28128],[103.80478,1.28138],[103.80622,1.28144],[103.80559,1.28103],[103.80633,1.2807],[103.80633,1.28024]],[[103.80466,1.28096],[103.80518,1.28009],[103.80636,1.27979],[103.80506,1.27994],[103.80436,1.28117],[103.80487,1.2811],[103.80466,1.28096]],[[103.80951,1.27968],[103.80959,1.27916],[103.80728,1.27945],[103.80784,1.28019],[103.80922,1.27987],[103.80951,1.27968]],[[103.81035,1.27919],[103.81128,1.2792],[103.81081,1.27857],[103.81025,1.27895],[103.81035,1.27919]],[[103.81035,1.27919],[103.80968,1.27879],[103.81025,1.27895],[103.81035,1.27919]],[[103.81332,1.27908],[103.8132,1.27861],[103.81254,1.27885],[103.81332,1.27908]],[[103.81398,1.27723],[103.81463,1.27682],[103.81419,1.27747],[103.81398,1.27723]],[[103.81222,1.27847],[103.81259,1.2782],[103.81207,1.27826],[103.81222,1.27847]],[[103.81617,1.27798],[103.81533,1.27793],[103.81595,1.27785],[103.81617,1.27798]],[[103.81126,1.27783],[103.81116,1.277],[103.81149,1.27775],[103.81126,1.27783]]]}},{"type":"Feature","properties":{"class":"green","area_km2":0.39},"geometry":{"type":"Polygon","coordinates":[[[103.79159,1.28475],[103.79109,1.28435],[103.79345,1.28214],[103.79361,1.28089],[103.79474,1.28067],[103.79575,1.27956],[103.79471,1.27779],[103.79408,1.27778],[103.79453,1.27948],[103.79388,1.28028],[103.79298,1.28089],[103.79264,1.28018],[103.79192,1.28084],[103.79107,1.28063],[103.79131,1.28123],[103.78947,1.28201],[103.78938,1.28428],[103.7885,1.28458],[103.78764,1.28384],[103.78571,1.28667],[103.78785,1.28691],[103.78691,1.2885],[103.78845,1.28902],[103.78975,1.28858],[103.78989,1.2874],[103.79213,1.28533],[103.79159,1.28475]],[[103.78868,1.28606],[103.7891,1.2859],[103.78871,1.28603],[103.78868,1.28606]],[[103.78998,1.28663],[103.79116,1.28541],[103.79021,1.2867],[103.78998,1.28663]],[[103.78981,1.28199],[103.79103,1.28195],[103.79128,1.28134],[103.79025,1.28188],[103.78981,1.28199]],[[103.78968,1.28237],[103.78952,1.28422],[103.78999,1.28466],[103.79116,1.28357],[103.79,1.28241],[103.78968,1.28237]],[[103.78891,1.28818],[103.79024,1.28684],[103.7896,1.28686],[103.78889,1.28802],[103.78891,1.28818]],[[103.78999,1.28466],[103.78919,1.28554],[103.78973,1.28465],[103.78896,1.2845],[103.7898,1.28442],[103.78999,1.28466]]]}},{"type":"Feature","properties":{"class":"green","area_km2":0.808},"geometry":{"type":"Polygon","coordinates":[[[103.82499,1.26689],[103.82527,1.26637],[103.8259,1.26726],[103.8254,1.2681],[103.82417,1.2681],[103.8243,1.26984],[103.8231,1.2699],[103.82312,1.27078],[103.82229,1.27079],[103.82148,1.27221],[103.82037,1.27219],[103.82016,1.27358],[103.81826,1.2766],[103.81733,1.27616],[103.81646,1.27712],[103.81217,1.27223],[103.81464,1.27066],[103.81427,1.27002],[103.81528,1.26963],[103.81486,1.26894],[103.81677,1.26811],[103.81719,1.26874],[103.81852,1.26797],[103.81935,1.26846],[103.81888,1.26758],[103.82174,1.2665],[103.82443,1.26703],[103.82499,1.26689]],[[103.81646,1.27201],[103.81661,1.27155],[103.81693,1.27222],[103.81659,1.27196],[103.81646,1.27201]],[[103.81761,1.27383],[103.81769,1.27285],[103.81839,1.27279],[103.81807,1.2736],[103.81761,1.27383]],[[103.81894,1.27169],[103.8187,1.2721],[103.81887,1.27173],[103.81894,1.27169]],[[103.82173,1.26978],[103.82194,1.26933],[103.82181,1.2698],[103.82173,1.26978]],[[103.81885,1.27212],[103.81873,1.27124],[103.81981,1.2708],[103.82039,1.27155],[103.81907,1.27225],[103.81885,1.27212]],[[103.81854,1.27338],[103.81907,1.27225],[103.81848,1.27305],[103.81854,1.27338]],[[103.81539,1.26998],[103.81516,1.27066],[103.81525,1.26977],[103.81539,1.26998]],[[103.82444,1.26773],[103.82482,1.26749],[103.82461,1.268],[103.82444,1.26773]],[[103.82005,1.27108],[103.82221,1.27001],[103.82009,1.27125],[103.82005,1.27108]],[[103.8217,1.26835],[103.82305,1.26704],[103.82195,1.26835],[103.8217,1.26835]],[[103.82154,1.26882],[103.8217,1.26835],[103.82203,1.26879],[103.82154,1.26882]],[[103.82232,1.26839],[103.82269,1.26803],[103.8221,1.26814],[103.82232,1.26839]],[[103.82269,1.26803],[103.82302,1.26771],[103.82243,1.26775],[103.82269,1.26803]],[[103.82219,1.2674],[103.8226,1.26706],[103.82212,1.26721],[103.82219,1.2674]],[[103.81446,1.27115],[103.81381,1.27129],[103.81405,1.27176],[103.81456,1.27129],[103.81446,1.27115]],[[103.81429,1.27214],[103.81503,1.27198],[103.81435,1.27215],[103.81429,1.27214]],[[103.81958,1.26958],[103.81974,1.26905],[103.81969,1.26955],[103.81958,1.26958]],[[103.82001,1.26903],[103.8198,1.26867],[103.81994,1.26906],[103.82001,1.26903]],[[103.81562,1.27034],[103.81528,1.26963],[103.81571,1.27028],[103.81562,1.27034]]]}},{"type":"Feature","properties":{"class":"green","area_km2":0.343},"geometry":{"type":"Polygon","coordinates":[[[103.94747,1.36665],[103.95304,1.36548],[103.9483,1.36142],[103.9445,1.36082],[103.94696,1.3667],[103.94747,1.36665]],[[103.94638,1.36339],[103.94654,1.36269],[103.94624,1.36324],[103.94638,1.36339]],[[103.94906,1.36547],[103.94969,1.36526],[103.94916,1.36502],[103.94901,1.36552],[103.94906,1.36547]]]}},{"type":"Feature","properties":{"class":"green","area_km2":0.956},"geometry":{"type":"Polygon","coordinates":[[[103.91956,1.35518],[103.92469,1.36674],[103.92493,1.36579],[103.92636,1.3654],[103.92629,1.3627],[103.92371,1.35555],[103.92718,1.35277],[103.92444,1.34849],[103.92047,1.34673],[103.92111,1.34833],[103.91961,1.35154],[103.92098,1.35461],[103.91965,1.35514],[103.91956,1.35518]],[[103.92506,1.35024],[103.92371,1.34842],[103.92164,1.34798],[103.92015,1.35089],[103.9213,1.35425],[103.92425,1.3542],[103.9261,1.35307],[103.92527,1.35071],[103.92506,1.35024]],[[103.92288,1.34797],[103.92444,1.34849],[103.92669,1.35194],[103.92629,1.35216],[103.92401,1.34836],[103.92288,1.34797]]]}},{"type":"Feature","properties":{"class":"water","area_km2":0.136},"geometry":{"type":"Polygon","coordinates":[[[103.84848,1.43656],[103.85102,1.43783],[103.85242,1.43775],[103.85236,1.43828],[103.85591,1.44164],[103.85734,1.44165],[103.85639,1.44364],[103.85223,1.43912],[103.84727,1.43717],[103.84826,1.43666],[103.84848,1.43656]]]}},{"type":"Feature","properties":{"class":"water","area_km2":1.725},"geometry":{"type":"Polygon","coordinates":[[[103.74219,1.31889],[103.7379,1.3198],[103.73701,1.3195],[103.73576,1.31652],[103.73536,1.31256],[103.73842,1.31006],[103.7434,1.30438],[103.74494,1.30364],[103.74743,1.30373],[103.74986,1.30625],[103.7495,1.30762],[103.7487,1.30808],[103.74644,1.30713],[103.74472,1.3082],[103.74635,1.31075],[103.74656,1.3133],[103.74839,1.31713],[103.74768,1.31775],[103.74225,1.31876],[103.74219,1.31889]]]}},{"type":"Feature","properties":{"class":"water","area_km2":0.115},"geometry":{"type":"Polygon","coordinates":[[[103.75019,1.31772],[103.74952,1.31779],[103.75192,1.32278],[103.74992,1.32696],[103.74852,1.34054],[103.74793,1.34161],[103.74429,1.34392],[103.74796,1.34175],[103.74867,1.34004],[103.75,1.34244],[103.75225,1.34459],[103.75539,1.34382],[103.75721,1.34466],[103.75623,1.34721],[103.75728,1.34457],[103.7554,1.34373],[103.75222,1.34445],[103.7501,1.34235],[103.74877,1.33963],[103.75016,1.32696],[103.75217,1.32286],[103.75035,1.318],[103.75019,1.31772]]]}},{"type":"Feature","properties":{"class":"water","area_km2":0.201},"geometry":{"type":"Polygon","coordinates":[[[103.75179,1.3093],[103.74823,1.31025],[103.74759,1.3122],[103.7468,1.31211],[103.74721,1.31022],[103.74544,1.3089],[103.74525,1.30802],[103.74689,1.30759],[103.74892,1.30872],[103.75012,1.30842],[103.75138,1.30753],[103.75002,1.30543],[103.75328,1.3079],[103.75185,1.30924],[103.75179,1.3093]]]}},{"type":"Feature","properties":{"class":"green","area_km2":0.608},"geometry":{"type":"Polygon","coordinates":[[[103.80341,1.27789],[103.8048,1.27911],[103.80457,1.27983],[103.80541,1.27929],[103.80425,1.27682],[103.80498,1.27688],[103.8046,1.2746],[103.80592,1.27378],[103.80654,1.27505],[103.80622,1.27788],[103.80692,1.27836],[103.81452,1.27538],[103.81663,1.27901],[103.81559,1.27978],[103.80702,1.28124],[103.80649,1.2819],[103.80242,1.28106],[103.80374,1.27927],[103.80308,1.278],[103.80341,1.27789]]]}},{"type":"Feature","properties":{"class":"green","area_km2":3.472},"geometry":{"type":"Polygon","coordinates":[[[103.90311,1.33876],[103.90144,1.33913],[103.90457,1.34431],[103.90824,1.35304],[103.90947,1.35252],[103.90984,1.35421],[103.90889,1.35464],[103.91483,1.36827],[103.91844,1.37396],[103.91985,1.3742],[103.92252,1.36793],[103.9236,1.36709],[103.92036,1.36022],[103.91594,1.34702],[103.90865,1.34088],[103.90681,1.34089],[103.90661,1.3394],[103.90741,1.33922],[103.90346,1.33887],[103.90311,1.33876]],[[103.90397,1.34098],[103.90475,1.34025],[103.90327,1.34021],[103.90286,1.3394],[103.9063,1.33945],[103.90586,1.34092],[103.90397,1.34098]],[[103.90781,1.35103],[103.90721,1.3489],[103.90802,1.34888],[103.90832,1.35001],[103.90891,1.34937],[103.90921,1.35012],[103.90861,1.35071],[103.90781,1.35103]],[[103.91416,1.35405],[103.91212,1.35148],[103.91064,1.348],[103.91169,1.34629],[103.91325,1.34566],[103.91321,1.34469],[103.91594,1.34702],[103.91828,1.35387],[103.91603,1.35215],[103.91457,1.35277],[103.91498,1.35377],[103.91416,1.35405]]]}},{"type":"Feature","properties":{"class":"green","area_km2":0.045},"geometry":{"type":"Polygon","coordinates":[[[103.80202,1.30294],[103.80207,1.30172],[103.8034,1.30118],[103.80405,1.302],[103.80366,1.3033],[103.80242,1.3033],[103.80225,1.30398],[103.80193,1.30317],[103.80202,1.30294]],[[103.80262,1.30295],[103.80287,1.3023],[103.80348,1.30251],[103.80321,1.30286],[103.80262,1.30295]]]}},{"type":"Feature","properties":{"class":"green","area_km2":0.087},"geometry":{"type":"Polygon","coordinates":[[[103.79883,1.28918],[103.79875,1.28844],[103.79664,1.2873],[103.79497,1.2886],[103.79656,1.29005],[103.79809,1.28994],[103.79853,1.28935],[103.79883,1.28918]],[[103.79809,1.2886],[103.79774,1.2884],[103.79832,1.28883],[103.79809,1.2886]],[[103.79676,1.2879],[103.79759,1.28814],[103.79659,1.28778],[103.79676,1.2879]]]}},{"type":"Feature","properties":{"class":"green","area_km2":0.066},"geometry":{"type":"Polygon","coordinates":[[[103.81313,1.30092],[103.81198,1.30054],[103.81232,1.29931],[103.80986,1.29901],[103.81004,1.29953],[103.811,1.2995],[103.80867,1.30063],[103.80803,1.3028],[103.8095,1.30051],[103.81035,1.30038],[103.81122,1.30152],[103.81299,1.301],[103.81313,1.30092]]]}},{"type":"Feature","properties":{"class":"green","area_km2":0.027},"geometry":{"type":"Polygon","coordinates":[[[103.81311,1.33778],[103.81375,1.3379],[103.81334,1.33695],[103.81609,1.33722],[103.81405,1.33642],[103.81334,1.33672],[103.81349,1.33577],[103.81263,1.33588],[103.81306,1.33791],[103.81311,1.33778]]]}},{"type":"Feature","properties":{"class":"green","area_km2":0.069},"geometry":{"type":"Polygon","coordinates":[[[103.8013,1.3378],[103.80015,1.33665],[103.79919,1.3366],[103.80207,1.33817],[103.80644,1.33844],[103.80899,1.3366],[103.80832,1.33704],[103.8064,1.33636],[103.80591,1.33812],[103.80266,1.33735],[103.80256,1.33621],[103.8025,1.33719],[103.80142,1.33762],[103.8013,1.3378]]]}},{"type":"Feature","properties":{"class":"water","area_km2":0.249},"geometry":{"type":"Polygon","coordinates":[[[104.09326,1.46285],[104.09204,1.46164],[104.09112,1.46256],[104.09171,1.4636],[104.09387,1.46348],[104.09274,1.46488],[104.09376,1.46501],[104.09529,1.46749],[104.09601,1.46766],[104.0953,1.46739],[104.09394,1.46489],[104.09297,1.46468],[104.09422,1.4637],[104.09356,1.46316],[104.09356,1.46122],[104.09608,1.45957],[104.09495,1.45989],[104.09432,1.46091],[104.09091,1.46106],[104.09154,1.45947],[104.0902,1.45834],[104.08824,1.45972],[104.08777,1.46179],[104.08514,1.46321],[104.0828,1.46204],[104.08174,1.46243],[104.08082,1.46443],[104.07832,1.46386],[104.07723,1.46462],[104.07852,1.46542],[104.07856,1.46466],[104.08098,1.46511],[104.08262,1.46272],[104.08514,1.46387],[104.08848,1.46194],[104.08875,1.45996],[104.08964,1.45932],[104.09067,1.45986],[104.09003,1.46131],[104.09297,1.46113],[104.09343,1.46282],[104.09326,1.46285]],[[104.09131,1.46258],[104.09158,1.46333],[104.0934,1.46322],[104.09232,1.46197],[104.09137,1.46246],[104.09131,1.46258]]]}},{"type":"Feature","properties":{"class":"water","area_km2":0.028},"geometry":{"type":"Polygon","coordinates":[[[103.55334,1.38795],[103.55183,1.38871],[103.55223,1.39087],[103.55103,1.39456],[103.55186,1.39603],[103.55247,1.39582],[103.5513,1.3945],[103.55243,1.39077],[103.55205,1.38865],[103.55335,1.38844],[103.55353,1.38749],[103.55449,1.38728],[103.5535,1.38735],[103.55337,1.38793],[103.55334,1.38795]]]}},{"type":"Feature","properties":{"class":"green","area_km2":0.024},"geometry":{"type":"Polygon","coordinates":[[[103.75921,1.29899],[103.76121,1.29994],[103.7622,1.30117],[103.7591,1.299],[103.75921,1.29899]],[[103.76001,1.29981],[103.75939,1.29912],[103.76181,1.30079],[103.76032,1.29995],[103.76001,1.29981]]]}},{"type":"Feature","properties":{"class":"water","area_km2":0.029},"geometry":{"type":"Polygon","coordinates":[[[103.87173,1.37657],[103.87391,1.3768],[103.87723,1.38111],[103.87722,1.38296],[103.87843,1.38481],[103.88049,1.38626],[103.88076,1.38767],[103.88029,1.38622],[103.87841,1.38506],[103.87713,1.38307],[103.87657,1.38043],[103.87376,1.37687],[103.87273,1.37651],[103.87173,1.37657]]]}},{"type":"Feature","properties":{"class":"green","area_km2":0.867},"geometry":{"type":"Polygon","coordinates":[[[103.6938,1.38258],[103.69016,1.38254],[103.69028,1.37617],[103.68629,1.3758],[103.68544,1.37815],[103.68738,1.37982],[103.6852,1.38075],[103.68531,1.3849],[103.68769,1.3849],[103.68751,1.38766],[103.68947,1.38978],[103.69153,1.39008],[103.69146,1.38487],[103.69273,1.38488],[103.69272,1.39012],[103.69385,1.39013],[103.6938,1.38258]],[[103.68809,1.38039],[103.68848,1.37919],[103.68933,1.37903],[103.69009,1.37978],[103.69004,1.37852],[103.68835,1.37887],[103.68783,1.37617],[103.68629,1.3758],[103.68544,1.37815],[103.68738,1.37982],[103.68717,1.38028],[103.68809,1.38039]],[[103.68839,1.38734],[103.68842,1.38501],[103.68908,1.38734],[103.68839,1.38734]]]}},{"type":"Feature","properties":{"class":"green","area_km2":0.146},"geometry":{"type":"Polygon","coordinates":[[[103.88308,1.42619],[103.88198,1.42798],[103.88296,1.42877],[103.88788,1.42558],[103.88641,1.42345],[103.88554,1.42385],[103.88584,1.42445],[103.88521,1.42506],[103.8832,1.42587],[103.88308,1.42619]]]}},{"type":"Feature","properties":{"class":"green","area_km2":0.048},"geometry":{"type":"Polygon","coordinates":[[[103.83667,1.23313],[103.83685,1.23133],[103.83968,1.22863],[103.8395,1.22973],[103.83682,1.23297],[103.83667,1.23313]]]}},{"type":"Feature","properties":{"class":"water","area_km2":0.61},"geometry":{"type":"Polygon","coordinates":[[[103.873,1.42389],[103.87322,1.4222],[103.87469,1.42109],[103.8744,1.42016],[103.8806,1.41531],[103.8794,1.41373],[103.88067,1.41347],[103.88,1.41275],[103.87921,1.41301],[103.87937,1.41252],[103.8784,1.4127],[103.87806,1.41149],[103.8787,1.41249],[103.88116,1.41165],[103.88122,1.41598],[103.88212,1.41676],[103.88389,1.41689],[103.8879,1.41496],[103.8932,1.414],[103.89486,1.41254],[103.89684,1.41199],[103.89771,1.41411],[103.89643,1.41469],[103.88852,1.41565],[103.8863,1.41703],[103.88348,1.41778],[103.88867,1.42546],[103.8882,1.42575],[103.88277,1.41778],[103.87713,1.41964],[103.87305,1.42387],[103.873,1.42389]]]}},{"type":"Feature","properties":{"class":"water","area_km2":0.041},"geometry":{"type":"Polygon","coordinates":[[[103.86918,1.42664],[103.86722,1.42481],[103.86958,1.42457],[103.87025,1.4256],[103.86966,1.4261],[103.86918,1.42664]]]}},{"type":"Feature","properties":{"class":"water","area_km2":0.068},"geometry":{"type":"Polygon","coordinates":[[[103.8966,1.4151],[103.89801,1.41458],[103.89984,1.4176],[103.89793,1.41831],[103.89666,1.41521],[103.8966,1.4151]]]}},{"type":"Feature","properties":{"class":"green","area_km2":0.225},"geometry":{"type":"Polygon","coordinates":[[[103.80647,1.26468],[103.80521,1.2637],[103.80511,1.26226],[103.80099,1.2659],[103.80126,1.26645],[103.7992,1.2683],[103.80061,1.27014],[103.80444,1.26623],[103.80459,1.26417],[103.80504,1.26391],[103.80666,1.26586],[103.80647,1.2647],[103.80647,1.26468]]]}},{"type":"Feature","properties":{"class":"green","area_km2":0.152},"geometry":{"type":"Polygon","coordinates":[[[103.80149,1.26653],[103.7992,1.2683],[103.80061,1.27014],[103.8043,1.26607],[103.80436,1.26422],[103.80373,1.264],[103.80144,1.26645],[103.80149,1.26653]],[[103.80253,1.26707],[103.80192,1.26708],[103.8021,1.26752],[103.80253,1.26707]],[[103.80107,1.26772],[103.80098,1.26825],[103.80103,1.26778],[103.80107,1.26772]]]}},{"type":"Feature","properties":{"class":"green","area_km2":0.074},"geometry":{"type":"Polygon","coordinates":[[[103.77417,1.29827],[103.77366,1.29741],[103.77427,1.29728],[103.77397,1.29788],[103.77514,1.29745],[103.77653,1.29523],[103.78018,1.29447],[103.77986,1.29515],[103.77762,1.29531],[103.77807,1.29634],[103.77579,1.29812],[103.7742,1.29822],[103.77417,1.29827]],[[103.77654,1.29543],[103.77722,1.2957],[103.77747,1.29516],[103.77721,1.29565],[103.77668,1.29528],[103.77654,1.29543]]]}},{"type":"Feature","properties":{"class":"green","area_km2":0.068},"geometry":{"type":"Polygon","coordinates":[[[103.77406,1.29711],[103.77624,1.29407],[103.77739,1.29472],[103.77771,1.29355],[103.77962,1.2928],[103.78017,1.29374],[103.77979,1.29445],[103.77835,1.29406],[103.77445,1.29715],[103.77406,1.29711]]]}},{"type":"Feature","properties":{"class":"green","area_km2":0.022},"geometry":{"type":"Polygon","coordinates":[[[103.89617,1.39548],[103.89599,1.39272],[103.89753,1.39516],[103.89617,1.39548]]]}},{"type":"Feature","properties":{"class":"green","area_km2":0.025},"geometry":{"type":"Polygon","coordinates":[[[103.82356,1.25215],[103.82241,1.25253],[103.82335,1.25185],[103.82348,1.25088],[103.82193,1.25072],[103.82187,1.25129],[103.82087,1.2508],[103.82318,1.24861],[103.82225,1.24988],[103.82262,1.24962],[103.82304,1.2506],[103.82175,1.25028],[103.82368,1.25046],[103.82354,1.25197],[103.82356,1.25215]]]}},{"type":"Feature","properties":{"class":"green","area_km2":0.041},"geometry":{"type":"Polygon","coordinates":[[[103.82386,1.25194],[103.82399,1.25101],[103.82493,1.25085],[103.82609,1.24955],[103.82517,1.24805],[103.82451,1.24809],[103.82451,1.24903],[103.82426,1.24836],[103.82412,1.24928],[103.82414,1.24832],[103.82342,1.24846],[103.82481,1.24749],[103.82695,1.2489],[103.82395,1.25206],[103.82386,1.25194]]]}},{"type":"Feature","properties":{"class":"green","area_km2":0.065},"geometry":{"type":"Polygon","coordinates":[[[103.87156,1.3954],[103.87024,1.39837],[103.86915,1.39899],[103.86926,1.40046],[103.86988,1.40059],[103.87113,1.39862],[103.87237,1.39534],[103.87156,1.3954]],[[103.86944,1.39913],[103.87013,1.39927],[103.86948,1.39973],[103.86934,1.39928],[103.86944,1.39913]]]}},{"type":"Feature","properties":{"class":"green","area_km2":0.132},"geometry":{"type":"Polygon","coordinates":[[[103.88241,1.40433],[103.88194,1.40193],[103.87371,1.40162],[103.87254,1.40209],[103.8802,1.40301],[103.88219,1.40426],[103.88241,1.40433]],[[103.88028,1.40255],[103.87952,1.40238],[103.88026,1.40254],[103.88028,1.40255]]]}},{"type":"Feature","properties":{"class":"green","area_km2":0.09},"geometry":{"type":"Polygon","coordinates":[[[103.88134,1.41506],[103.88431,1.41459],[103.88371,1.41553],[103.88537,1.41526],[103.88595,1.41617],[103.88212,1.41676],[103.8812,1.41514],[103.88134,1.41506]],[[103.88199,1.41606],[103.88272,1.41608],[103.88266,1.41526],[103.88167,1.41552],[103.88199,1.41606]]]}},{"type":"Feature","properties":{"class":"green","area_km2":0.053},"geometry":{"type":"Polygon","coordinates":[[[103.70831,1.31983],[103.70839,1.3187],[103.70659,1.31799],[103.70542,1.31836],[103.70454,1.31731],[103.70662,1.31648],[103.7075,1.31839],[103.7085,1.31817],[103.70907,1.31884],[103.70921,1.31937],[103.70833,1.31987],[103.70831,1.31983]],[[103.7057,1.31763],[103.70697,1.31737],[103.70618,1.31664],[103.70562,1.31751],[103.7057,1.31763]]]}},{"type":"Feature","properties":{"class":"green","area_km2":0.095},"geometry":{"type":"Polygon","coordinates":[[[103.84429,1.22326],[103.84361,1.22401],[103.84244,1.22304],[103.84309,1.22151],[103.85013,1.21345],[103.85156,1.21343],[103.84933,1.21499],[103.8433,1.22185],[103.8439,1.22271],[103.84429,1.22326]]]}},{"type":"Feature","properties":{"class":"green","area_km2":0.06},"geometry":{"type":"Polygon","coordinates":[[[103.83641,1.23324],[103.83578,1.23441],[103.83515,1.23347],[103.83627,1.23073],[103.83892,1.22842],[103.8396,1.22858],[103.83685,1.23133],[103.8363,1.23311],[103.83641,1.23324]]]}},{"type":"Feature","properties":{"class":"green","area_km2":0.38},"geometry":{"type":"Polygon","coordinates":[[[103.83721,1.21279],[103.83633,1.21171],[103.83379,1.21145],[103.83251,1.21207],[103.83019,1.21561],[103.8313,1.21748],[103.8337,1.21755],[103.83675,1.21539],[103.83723,1.21386],[103.83721,1.21279]]]}},{"type":"Feature","properties":{"class":"green","area_km2":0.043},"geometry":{"type":"Polygon","coordinates":[[[103.78173,1.28104],[103.78222,1.28132],[103.78439,1.27862],[103.79037,1.2762],[103.78469,1.2782],[103.78173,1.28096],[103.78173,1.28104]]]}},{"type":"Feature","properties":{"class":"green","area_km2":0.023},"geometry":{"type":"Polygon","coordinates":[[[103.79198,1.27591],[103.79081,1.27598],[103.79427,1.27368],[103.79282,1.27491],[103.79313,1.27566],[103.7921,1.27586],[103.79198,1.27591]]]}},{"type":"Feature","properties":{"class":"green","area_km2":0.163},"geometry":{"type":"Polygon","coordinates":[[[103.83007,1.33165],[103.83236,1.32624],[103.82748,1.32783],[103.82771,1.32934],[103.82982,1.33151],[103.83007,1.33165]]]}},{"type":"Feature","properties":{"class":"green","area_km2":0.038},"geometry":{"type":"Polygon","coordinates":[[[103.83127,1.32579],[103.83232,1.32512],[103.83155,1.32534],[103.83175,1.32475],[103.83035,1.32411],[103.83049,1.32504],[103.82874,1.32485],[103.82792,1.32542],[103.829,1.32637],[103.83085,1.325],[103.83107,1.32557],[103.83127,1.32579]]]}},{"type":"Feature","properties":{"class":"green","area_km2":0.071},"geometry":{"type":"Polygon","coordinates":[[[103.82029,1.33256],[103.81972,1.33093],[103.81728,1.33285],[103.81965,1.33411],[103.82031,1.33263],[103.82029,1.33256]]]}},{"type":"Feature","properties":{"class":"green","area_km2":0.023},"geometry":{"type":"Polygon","coordinates":[[[103.81912,1.33075],[103.81775,1.3314],[103.81632,1.33102],[103.81751,1.33024],[103.81879,1.33056],[103.81912,1.33075]]]}},{"type":"Feature","properties":{"class":"green","area_km2":0.031},"geometry":{"type":"Polygon","coordinates":[[[103.81384,1.33287],[103.81518,1.33067],[103.81567,1.33232],[103.81371,1.3334],[103.81384,1.33287]]]}},{"type":"Feature","properties":{"class":"green","area_km2":0.066},"geometry":{"type":"Polygon","coordinates":[[[103.81414,1.33577],[103.81358,1.33411],[103.81733,1.33418],[103.81635,1.33532],[103.81466,1.33594],[103.81414,1.33577]]]}},{"type":"Feature","properties":{"class":"green","area_km2":0.021},"geometry":{"type":"Polygon","coordinates":[[[103.81701,1.33615],[103.8183,1.33577],[103.81742,1.33428],[103.81684,1.33572],[103.81701,1.33615]]]}},{"type":"Feature","properties":{"class":"green","area_km2":0.101},"geometry":{"type":"Polygon","coordinates":[[[103.82178,1.33544],[103.82322,1.33372],[103.82194,1.33358],[103.82114,1.33025],[103.81983,1.33091],[103.8206,1.33301],[103.82018,1.33457],[103.82159,1.33527],[103.82178,1.33544]]]}},{"type":"Feature","properties":{"class":"water","area_km2":0.04},"geometry":{"type":"Polygon","coordinates":[[[103.76283,1.39646],[103.76177,1.39434],[103.76212,1.39295],[103.76324,1.39346],[103.76289,1.39642],[103.76283,1.39646]]]}},{"type":"Feature","properties":{"class":"green","area_km2":0.051},"geometry":{"type":"Polygon","coordinates":[[[103.82186,1.32776],[103.82315,1.32835],[103.82484,1.32764],[103.82068,1.32998],[103.8213,1.32803],[103.82186,1.32776]]]}},{"type":"Feature","properties":{"class":"green","area_km2":0.393},"geometry":{"type":"Polygon","coordinates":[[[103.82867,1.33309],[103.82858,1.33382],[103.8295,1.33387],[103.83029,1.33579],[103.82769,1.3363],[103.82701,1.33417],[103.82542,1.33451],[103.82433,1.33348],[103.82194,1.33358],[103.82114,1.33025],[103.82539,1.32774],[103.82631,1.33159],[103.82741,1.33161],[103.82872,1.33276],[103.82867,1.33309]]]}},{"type":"Feature","properties":{"class":"green","area_km2":0.031},"geometry":{"type":"Polygon","coordinates":[[[103.82754,1.32898],[103.82582,1.32864],[103.8261,1.33072],[103.82736,1.32978],[103.82889,1.33046],[103.82757,1.32906],[103.82754,1.32898]]]}},{"type":"Feature","properties":{"class":"green","area_km2":0.054},"geometry":{"type":"Polygon","coordinates":[[[103.83169,1.33438],[103.83077,1.33465],[103.8295,1.33387],[103.83029,1.33579],[103.83149,1.33688],[103.83291,1.33516],[103.83161,1.33457],[103.83169,1.33438]]]}},{"type":"Feature","properties":{"class":"green","area_km2":0.143},"geometry":{"type":"Polygon","coordinates":[[[104.04324,1.39105],[104.04117,1.39343],[104.04218,1.3929],[104.04342,1.39379],[104.0466,1.3924],[104.04539,1.39166],[104.04575,1.38801],[104.04374,1.39033],[104.04324,1.39105]]]}},{"type":"Feature","properties":{"class":"green","area_km2":0.162},"geometry":{"type":"Polygon","coordinates":[[[103.58297,1.49516],[103.58626,1.49624],[103.58774,1.49247],[103.58523,1.49157],[103.58337,1.49456],[103.58297,1.49516]]]}},{"type":"Feature","properties":{"class":"green","area_km2":0.196},"geometry":{"type":"Polygon","coordinates":[[[103.8292,1.48722],[103.82864,1.48741],[103.82748,1.48597],[103.82542,1.48527],[103.82452,1.48097],[103.82537,1.48193],[103.82816,1.48199],[103.82814,1.48311],[103.82911,1.48437],[103.82842,1.48556],[103.8292,1.48722]]]}},{"type":"Feature","properties":{"class":"water","area_km2":0.026},"geometry":{"type":"Polygon","coordinates":[[[103.85121,1.47541],[103.85178,1.47402],[103.85204,1.4745],[103.85189,1.47235],[103.8531,1.47225],[103.85072,1.47181],[103.8514,1.47261],[103.8513,1.47475],[103.85121,1.47541]]]}},{"type":"Feature","properties":{"class":"water","area_km2":0.295},"geometry":{"type":"Polygon","coordinates":[[[103.81907,1.52055],[103.82005,1.52417],[103.81892,1.5201],[103.80757,1.51544],[103.80588,1.5141],[103.80494,1.50998],[103.80527,1.50856],[103.80293,1.5043],[103.80348,1.50288],[103.8065,1.50172],[103.80579,1.49959],[103.80443,1.49772],[103.79815,1.49557],[103.79901,1.49693],[103.80482,1.49925],[103.80528,1.5001],[103.80528,1.50077],[103.8025,1.50292],[103.80235,1.50418],[103.80326,1.50667],[103.80491,1.50881],[103.80442,1.51047],[103.8058,1.51443],[103.80812,1.51599],[103.81889,1.52034],[103.81907,1.52055]]]}},{"type":"Feature","properties":{"class":"water","area_km2":0.041},"geometry":{"type":"Polygon","coordinates":[[[103.77164,1.35701],[103.77122,1.35573],[103.77236,1.35445],[103.77296,1.35744],[103.77246,1.35781],[103.77162,1.35708],[103.77164,1.35701]]]}},{"type":"Feature","properties":{"class":"green","area_km2":0.13},"geometry":{"type":"Polygon","coordinates":[[[103.72894,1.33523],[103.7296,1.33659],[103.73106,1.337],[103.73324,1.33531],[103.73373,1.33315],[103.73087,1.33464],[103.72895,1.33471],[103.72894,1.33523]]]}},{"type":"Feature","properties":{"class":"green","area_km2":0.071},"geometry":{"type":"Polygon","coordinates":[[[103.72156,1.34281],[103.72225,1.34476],[103.72799,1.34417],[103.72725,1.34292],[103.72491,1.34418],[103.7226,1.34419],[103.72215,1.34272],[103.72154,1.34269],[103.72156,1.34281]]]}},{"type":"Feature","properties":{"class":"green","area_km2":0.542},"geometry":{"type":"Polygon","coordinates":[[[103.72894,1.33523],[103.72876,1.33447],[103.72948,1.33409],[103.72805,1.33193],[103.72778,1.32902],[103.72945,1.32836],[103.73175,1.32856],[103.73244,1.32683],[103.73173,1.32666],[103.73134,1.328],[103.72798,1.32796],[103.72542,1.32695],[103.72493,1.32935],[103.7258,1.33726],[103.72153,1.34248],[103.72347,1.34117],[103.72535,1.34153],[103.72611,1.3402],[103.7275,1.33957],[103.72712,1.3376],[103.72877,1.3352],[103.72894,1.33523]]]}},{"type":"Feature","properties":{"class":"green","area_km2":0.056},"geometry":{"type":"Polygon","coordinates":[[[103.7548,1.41401],[103.75399,1.41841],[103.75433,1.42242],[103.75304,1.42214],[103.75432,1.41405],[103.75475,1.41399],[103.7548,1.41401]]]}},{"type":"Feature","properties":{"class":"green","area_km2":0.043},"geometry":{"type":"Polygon","coordinates":[[[103.75621,1.42266],[103.75448,1.42245],[103.75453,1.41773],[103.75473,1.41999],[103.75608,1.42244],[103.75621,1.42266]]]}},{"type":"Feature","properties":{"class":"green","area_km2":0.099},"geometry":{"type":"Polygon","coordinates":[[[103.73432,1.37674],[103.73388,1.37727],[103.731,1.37672],[103.7308,1.37503],[103.73241,1.37331],[103.73351,1.37458],[103.73298,1.37418],[103.73227,1.37497],[103.73301,1.37563],[103.7337,1.37486],[103.73444,1.37562],[103.73384,1.37638],[103.73432,1.37674]]]}},{"type":"Feature","properties":{"class":"green","area_km2":0.06},"geometry":{"type":"Polygon","coordinates":[[[103.73634,1.37109],[103.73559,1.3756],[103.7351,1.37559],[103.73395,1.3745],[103.73503,1.37333],[103.73474,1.37153],[103.73602,1.371],[103.73634,1.37109]]]}},{"type":"Feature","properties":{"class":"green","area_km2":0.113},"geometry":{"type":"Polygon","coordinates":[[[103.73693,1.36972],[103.73801,1.3688],[103.73928,1.36507],[103.74221,1.36311],[103.74256,1.36395],[103.73953,1.3662],[103.74001,1.36913],[103.73852,1.36966],[103.73693,1.36972]]]}},{"type":"Feature","properties":{"class":"green","area_km2":0.109},"geometry":{"type":"Polygon","coordinates":[[[103.73663,1.37086],[103.73788,1.37051],[103.73803,1.37299],[103.74073,1.37187],[103.74099,1.37249],[103.73579,1.37545],[103.73635,1.3719],[103.73663,1.37086]]]}},{"type":"Feature","properties":{"class":"green","area_km2":0.081},"geometry":{"type":"Polygon","coordinates":[[[103.70768,1.44556],[103.70991,1.44692],[103.71027,1.44653],[103.71023,1.44739],[103.71196,1.44843],[103.71199,1.4476],[103.70916,1.44503],[103.7096,1.4439],[103.70791,1.44377],[103.70761,1.44542],[103.70768,1.44556]]]}},{"type":"Feature","properties":{"class":"green","area_km2":0.166},"geometry":{"type":"Polygon","coordinates":[[[103.69346,1.37088],[103.69334,1.3699],[103.69171,1.36998],[103.69094,1.36812],[103.6888,1.36932],[103.689,1.37019],[103.69257,1.37341],[103.69414,1.37331],[103.69375,1.37186],[103.69346,1.37088]]]}},{"type":"Feature","properties":{"class":"green","area_km2":0.041},"geometry":{"type":"Polygon","coordinates":[[[103.68821,1.37349],[103.68786,1.37414],[103.68998,1.37468],[103.68995,1.37268],[103.68907,1.37225],[103.6883,1.37336],[103.68821,1.37349]]]}},{"type":"Feature","properties":{"class":"green","area_km2":0.316},"geometry":{"type":"Polygon","coordinates":[[[103.69716,1.36536],[103.69597,1.36541],[103.69447,1.36684],[103.69558,1.37297],[103.69886,1.37194],[103.69896,1.37099],[103.69961,1.37095],[103.69938,1.36883],[103.69866,1.36884],[103.69865,1.36677],[103.69719,1.36677],[103.69716,1.36536]]]}},{"type":"Feature","properties":{"class":"green","area_km2":0.173},"geometry":{"type":"Polygon","coordinates":[[[103.7679,1.2902],[103.76714,1.2911],[103.77631,1.28789],[103.77444,1.28566],[103.77366,1.28673],[103.76878,1.28977],[103.7679,1.2902]]]}},{"type":"Feature","properties":{"class":"green","area_km2":0.339},"geometry":{"type":"Polygon","coordinates":[[[103.76128,1.301],[103.7622,1.30124],[103.76672,1.29108],[103.76363,1.29279],[103.76281,1.29503],[103.7619,1.29489],[103.7619,1.29586],[103.75875,1.29902],[103.76119,1.30096],[103.76128,1.301]]]}},{"type":"Feature","properties":{"class":"green","area_km2":0.335},"geometry":{"type":"Polygon","coordinates":[[[103.90379,1.29925],[103.90442,1.29729],[103.89912,1.29566],[103.8965,1.29381],[103.89534,1.29475],[103.88543,1.29439],[103.88582,1.2955],[103.89309,1.29546],[103.89755,1.29629],[103.89838,1.29723],[103.90261,1.2988],[103.90379,1.29925]]]}},{"type":"Feature","properties":{"class":"green","area_km2":0.344},"geometry":{"type":"Polygon","coordinates":[[[103.91915,1.30372],[103.91073,1.30128],[103.9099,1.29996],[103.9084,1.30059],[103.90379,1.29925],[103.90442,1.29729],[103.91249,1.29941],[103.91687,1.30181],[103.91924,1.30194],[103.9192,1.30355],[103.91915,1.30372]]]}},{"type":"Feature","properties":{"class":"green","area_km2":0.198},"geometry":{"type":"Polygon","coordinates":[[[103.88501,1.29528],[103.88518,1.29435],[103.87854,1.2943],[103.87732,1.29487],[103.87513,1.2924],[103.87188,1.29403],[103.86859,1.29356],[103.8684,1.29456],[103.87329,1.29505],[103.87449,1.2938],[103.87585,1.2938],[103.87577,1.29303],[103.87744,1.29508],[103.88493,1.29533],[103.88501,1.29528]]]}},{"type":"Feature","properties":{"class":"green","area_km2":0.238},"geometry":{"type":"Polygon","coordinates":[[[103.92934,1.30456],[103.92893,1.3072],[103.91915,1.30354],[103.91947,1.3021],[103.92933,1.30453],[103.92934,1.30456]]]}},{"type":"Feature","properties":{"class":"green","area_km2":0.32},"geometry":{"type":"Polygon","coordinates":[[[103.93743,1.3097],[103.92893,1.3072],[103.92934,1.30456],[103.93223,1.30555],[103.93359,1.30526],[103.93826,1.30705],[103.93751,1.30949],[103.93743,1.3097]]]}},{"type":"Feature","properties":{"class":"green","area_km2":0.315},"geometry":{"type":"Polygon","coordinates":[[[103.9519,1.31196],[103.94947,1.31095],[103.94899,1.31169],[103.94429,1.31156],[103.93743,1.3097],[103.93837,1.30715],[103.9485,1.31078],[103.95223,1.31109],[103.9519,1.31196]]]}},{"type":"Feature","properties":{"class":"green","area_km2":0.215},"geometry":{"type":"Polygon","coordinates":[[[103.9519,1.31196],[103.95223,1.31109],[103.95511,1.31185],[103.95598,1.3115],[103.96116,1.3137],[103.96162,1.31462],[103.96303,1.31462],[103.96243,1.31624],[103.95296,1.31243],[103.9519,1.31196]]]}},{"type":"Feature","properties":{"class":"green","area_km2":0.131},"geometry":{"type":"Polygon","coordinates":[[[103.96554,1.31481],[103.97037,1.31608],[103.97516,1.31626],[103.97611,1.31707],[103.97035,1.31673],[103.96436,1.31517],[103.96374,1.31678],[103.96278,1.31639],[103.96389,1.31412],[103.96539,1.31476],[103.96554,1.31481]]]}},{"type":"Feature","properties":{"class":"green","area_km2":0.372},"geometry":{"type":"Polygon","coordinates":[[[103.62012,1.47417],[103.62141,1.47353],[103.62103,1.47124],[103.62329,1.47098],[103.62283,1.4726],[103.62337,1.4732],[103.6246,1.47218],[103.62777,1.47328],[103.62763,1.47509],[103.62548,1.47381],[103.62491,1.4728],[103.62312,1.47384],[103.62376,1.47489],[103.62588,1.47516],[103.62512,1.47654],[103.62648,1.47762],[103.62656,1.4794],[103.62573,1.47943],[103.62595,1.47893],[103.62528,1.47846],[103.62401,1.47882],[103.62029,1.47679],[103.62101,1.47505],[103.62069,1.47442],[103.62012,1.47417]]]}},{"type":"Feature","properties":{"class":"water","area_km2":60.21},"geometry":{"type":"Polygon","coordinates":[[[104.05937,1.49373],[104.06118,1.48774],[104.05948,1.48584],[104.05664,1.48561],[104.05698,1.48468],[104.05518,1.48119],[104.0535,1.48036],[104.05162,1.47793],[104.05223,1.47539],[104.04887,1.47408],[104.04747,1.47083],[104.0442,1.46757],[104.04021,1.46607],[104.0093,1.46495],[104.01004,1.46881],[104.01145,1.47182],[104.00831,1.47343],[104.0072,1.4761],[104.00656,1.48027],[104.00541,1.48044],[104.00381,1.47858],[104.00432,1.4816],[104.00284,1.48189],[104.00472,1.48422],[104.00524,1.48749],[104.00477,1.48887],[104.00572,1.48877],[104.00654,1.49074],[104.00865,1.50139],[104.0077,1.50572],[104.00499,1.50661],[104.00587,1.50747],[104.00391,1.51175],[104.00412,1.51586],[104.005,1.51652],[104.0043,1.51787],[104.00655,1.51745],[104.00834,1.51829],[104.00926,1.5192],[104.00899,1.51974],[104.01495,1.52437],[104.01468,1.52803],[104.01537,1.52974],[104.01303,1.5341],[104.011,1.53617],[104.01043,1.53816],[104.0061,1.54248],[104.00672,1.54566],[104.00803,1.54668],[104.00809,1.54925],[104.00855,1.5502],[104.00907,1.54974],[104.00935,1.55018],[104.00793,1.55296],[104.00577,1.55476],[104.00492,1.55307],[104.00427,1.55674],[104.00321,1.55743],[104.00258,1.55966],[103.99772,1.56362],[103.99798,1.56633],[103.99903,1.56661],[103.99904,1.56724],[103.99188,1.57402],[103.98912,1.57417],[103.98992,1.57523],[103.98941,1.57572],[103.98776,1.57553],[103.98547,1.57687],[103.98366,1.5771],[103.98298,1.57882],[103.98188,1.57792],[103.98164,1.5767],[103.98071,1.57666],[103.97839,1.58151],[103.97334,1.58444],[103.96658,1.59365],[103.96602,1.59563],[103.96663,1.59709],[103.96587,1.59981],[103.96283,1.6033],[103.96335,1.60473],[103.96376,1.60407],[103.96435,1.60442],[103.96383,1.6157],[103.96501,1.61732],[103.96454,1.61869],[103.96552,1.62221],[103.96777,1.6239],[103.97214,1.6307],[103.97644,1.63098],[103.97505,1.62626],[103.97599,1.62032],[103.98517,1.60958],[103.98584,1.60953],[103.98798,1.6063],[103.98967,1.60519],[103.9918,1.60087],[103.9932,1.60116],[103.99345,1.59966],[103.99578,1.59867],[103.9964,1.59939],[103.9969,1.59909],[103.9977,1.59718],[103.99662,1.5956],[104.00201,1.59502],[104.00231,1.59454],[104.0035,1.59498],[104.00317,1.59435],[104.00771,1.59267],[104.00977,1.59025],[104.01262,1.58882],[104.01189,1.58539],[104.01565,1.58215],[104.0167,1.57985],[104.01994,1.57726],[104.02143,1.57339],[104.02228,1.5685],[104.02411,1.56602],[104.0263,1.56476],[104.02689,1.56339],[104.02985,1.5611],[104.032,1.55618],[104.03343,1.55479],[104.03444,1.55177],[104.03278,1.54909],[104.03237,1.54485],[104.0307,1.54178],[104.03079,1.53989],[104.02913,1.53731],[104.02936,1.53355],[104.03368,1.52375],[104.03382,1.52163],[104.03498,1.51891],[104.03461,1.51042],[104.03574,1.50835],[104.03801,1.50844],[104.03779,1.50519],[104.0388,1.50365],[104.03877,1.50139],[104.04045,1.49585],[104.04399,1.49577],[104.04518,1.49706],[104.0565,1.50083],[104.05924,1.49398],[104.05937,1.49373]],[[103.98127,1.58813],[103.98176,1.58942],[103.98007,1.59028],[103.98118,1.5881],[103.98127,1.58813]]]}},{"type":"Feature","properties":{"class":"water","area_km2":0.137},"geometry":{"type":"Polygon","coordinates":[[[103.99446,1.48668],[103.99469,1.48758],[103.99643,1.48819],[103.99548,1.48864],[103.99441,1.4908],[103.99313,1.49064],[103.99366,1.48942],[103.99285,1.4889],[103.99362,1.48954],[103.99293,1.49053],[103.99336,1.49092],[103.99465,1.49085],[103.99565,1.48869],[103.99664,1.48837],[103.99634,1.48767],[103.99468,1.48701],[103.99803,1.48568],[103.99886,1.48646],[103.99842,1.48909],[104.0023,1.48959],[104.00286,1.48747],[104.00099,1.48473],[104.00223,1.48283],[104.00309,1.48255],[104.00284,1.48189],[104.00105,1.48329],[104.00054,1.48492],[104.0025,1.48772],[104.00214,1.4891],[103.99897,1.48898],[103.9993,1.48625],[103.99842,1.48529],[103.99462,1.48658],[103.99446,1.48668]]]}},{"type":"Feature","properties":{"class":"water","area_km2":5.837},"geometry":{"type":"Polygon","coordinates":[[[104.07186,1.34578],[104.07369,1.3477],[104.0718,1.34821],[104.07054,1.34701],[104.07152,1.34609],[104.05525,1.35953],[104.08009,1.38769],[104.08009,1.38927],[104.08047,1.38864],[104.08324,1.38829],[104.07979,1.38233],[104.07631,1.37289],[104.07472,1.3665],[104.07437,1.3584],[104.0731,1.35651],[104.07473,1.35282],[104.07525,1.35231],[104.07625,1.35261],[104.08289,1.34184],[104.08302,1.34098],[104.08227,1.34102],[104.08198,1.33972],[104.0805,1.33894],[104.07822,1.34032],[104.07186,1.34578]]]}},{"type":"Feature","properties":{"class":"water","area_km2":0.666},"geometry":{"type":"Polygon","coordinates":[[[104.02958,1.38152],[104.03031,1.38082],[104.0407,1.39341],[104.03997,1.3944],[104.04028,1.39544],[104.03948,1.39494],[104.03807,1.3957],[104.03699,1.40012],[104.03517,1.40252],[104.03584,1.40451],[104.03559,1.40583],[104.0349,1.40326],[104.03086,1.40375],[104.03028,1.40255],[104.03084,1.40075],[104.03459,1.39885],[104.03673,1.39387],[104.03802,1.39234],[104.03775,1.39119],[104.03331,1.38594],[104.02958,1.38152]]]}},{"type":"Feature","properties":{"class":"water","area_km2":0.063},"geometry":{"type":"Polygon","coordinates":[[[103.85532,1.23191],[103.85533,1.23146],[103.8566,1.23144],[103.85583,1.23023],[103.8527,1.23069],[103.85046,1.22966],[103.85218,1.23117],[103.85513,1.23145],[103.85509,1.2319],[103.85532,1.23191]]]}},{"type":"Feature","properties":{"class":"water","area_km2":0.048},"geometry":{"type":"Polygon","coordinates":[[[103.9728,1.38873],[103.97416,1.38857],[103.97443,1.38733],[103.97677,1.38656],[103.97608,1.38571],[103.97626,1.38688],[103.97422,1.38647],[103.97287,1.38749],[103.9728,1.38873]]]}},{"type":"Feature","properties":{"class":"green","area_km2":3.779},"geometry":{"type":"Polygon","coordinates":[[[103.93437,1.13609],[103.93399,1.13505],[103.9334,1.13623],[103.93241,1.13578],[103.93288,1.13468],[103.9343,1.13417],[103.93297,1.13422],[103.93234,1.13303],[103.93185,1.13295],[103.93163,1.13388],[103.93105,1.13351],[103.93114,1.13259],[103.928,1.13308],[103.92887,1.13392],[103.9302,1.13773],[103.92858,1.13911],[103.92951,1.14],[103.92988,1.14184],[103.92874,1.14008],[103.92737,1.14012],[103.9268,1.13913],[103.92525,1.14044],[103.92591,1.14117],[103.92498,1.14317],[103.92411,1.14101],[103.9233,1.14101],[103.92264,1.14242],[103.92206,1.14239],[103.92085,1.13976],[103.91984,1.13903],[103.91936,1.13982],[103.91852,1.1398],[103.91988,1.13774],[103.92205,1.13779],[103.9224,1.13711],[103.92295,1.13731],[103.92285,1.13886],[103.92401,1.1355],[103.92802,1.13263],[103.92867,1.13099],[103.93047,1.13155],[103.93045,1.13096],[103.93121,1.13082],[103.93219,1.1317],[103.93266,1.1305],[103.93386,1.13048],[103.93393,1.12959],[103.93652,1.12992],[103.9368,1.12963],[103.93586,1.12966],[103.93406,1.12811],[103.93653,1.12588],[103.93576,1.12469],[103.9364,1.12355],[103.9361,1.12288],[103.93717,1.12187],[103.93507,1.12229],[103.93646,1.121],[103.93834,1.12142],[103.93884,1.12019],[103.9397,1.1205],[103.93938,1.11968],[103.94041,1.11901],[103.94065,1.11995],[103.94124,1.11837],[103.9404,1.11751],[103.94228,1.11899],[103.94294,1.11794],[103.94419,1.11765],[103.94511,1.11978],[103.94844,1.11996],[103.94851,1.11861],[103.94987,1.11868],[103.94975,1.11631],[103.95056,1.11715],[103.95323,1.11607],[103.95208,1.11487],[103.95301,1.1141],[103.95434,1.11532],[103.95502,1.11485],[103.95609,1.11517],[103.95522,1.11582],[103.95528,1.11757],[103.95392,1.11859],[103.95517,1.12109],[103.95689,1.12182],[103.95523,1.12209],[103.95401,1.12078],[103.95415,1.12259],[103.95316,1.12282],[103.95401,1.12535],[103.95275,1.12582],[103.95131,1.12537],[103.94965,1.12673],[103.94976,1.12756],[103.9486,1.12703],[103.94686,1.12769],[103.94566,1.1308],[103.94652,1.1318],[103.94578,1.13322],[103.94421,1.13195],[103.94379,1.13289],[103.94256,1.13207],[103.94068,1.13269],[103.94127,1.13391],[103.93961,1.13496],[103.93828,1.13757],[103.93648,1.13726],[103.93667,1.13504],[103.93542,1.13548],[103.93437,1.13609]],[[103.92609,1.13877],[103.9254,1.13739],[103.92767,1.13584],[103.92746,1.1384],[103.9265,1.13883],[103.92609,1.13877]],[[103.92485,1.13701],[103.92574,1.13632],[103.92466,1.137],[103.92485,1.13701]],[[103.92782,1.13889],[103.9285,1.13797],[103.92797,1.13788],[103.92782,1.13889]],[[103.93805,1.12972],[103.93841,1.1287],[103.93756,1.12807],[103.93803,1.12972],[103.93805,1.12972]],[[103.94124,1.1244],[103.94211,1.12412],[103.94211,1.1233],[103.94125,1.12399],[103.94124,1.1244]],[[103.94552,1.12388],[103.94579,1.12269],[103.94567,1.12395],[103.94552,1.12388]],[[103.94483,1.12224],[103.94561,1.1225],[103.94552,1.12196],[103.94497,1.12213],[103.94483,1.12224]],[[103.93527,1.1278],[103.93549,1.12854],[103.93605,1.12837],[103.93538,1.12774],[103.93527,1.1278]],[[103.93641,1.13257],[103.93725,1.13313],[103.93654,1.13229],[103.9368,1.13173],[103.93627,1.13248],[103.93641,1.13257]],[[103.93854,1.13186],[103.93923,1.13197],[103.93891,1.13225],[103.93854,1.13186]],[[103.93785,1.13402],[103.93831,1.13414],[103.93786,1.13385],[103.93785,1.13402]],[[103.93722,1.13641],[103.93742,1.13561],[103.93665,1.13681],[103.938,1.1367],[103.93924,1.13394],[103.93818,1.13449],[103.93808,1.13598],[103.93726,1.13642],[103.93722,1.13641]],[[103.93618,1.1308],[103.93684,1.13008],[103.93793,1.13021],[103.93629,1.13089],[103.93618,1.1308]],[[103.94265,1.12895],[103.94172,1.12831],[103.94195,1.12752],[103.94541,1.12538],[103.94369,1.12708],[103.94377,1.12844],[103.94327,1.12821],[103.94344,1.12723],[103.94249,1.12752],[103.94224,1.12806],[103.94286,1.12865],[103.94265,1.12895]],[[103.94137,1.12844],[103.93956,1.12958],[103.94154,1.12814],[103.94137,1.12844]],[[103.9427,1.12965],[103.9439,1.12862],[103.94353,1.12909],[103.94551,1.12903],[103.94591,1.12945],[103.94468,1.12924],[103.94473,1.12999],[103.94413,1.12922],[103.94411,1.13013],[103.94552,1.13185],[103.94434,1.13051],[103.94333,1.13118],[103.94404,1.12923],[103.9428,1.12972],[103.9427,1.12965]]]}},{"type":"Feature","properties":{"class":"green","area_km2":0.098},"geometry":{"type":"Polygon","coordinates":[[[103.9761,1.13454],[103.97648,1.13653],[103.97846,1.1374],[103.97932,1.13432],[103.97647,1.13424],[103.9761,1.13454]],[[103.9767,1.13607],[103.97662,1.13543],[103.97726,1.13554],[103.97832,1.13668],[103.97744,1.13706],[103.97669,1.13615],[103.9767,1.13607]]]}},{"type":"Feature","properties":{"class":"green","area_km2":0.022},"geometry":{"type":"Polygon","coordinates":[[[103.9767,1.13607],[103.97662,1.13543],[103.97726,1.13554],[103.97832,1.13668],[103.97744,1.13706],[103.97669,1.13615],[103.9767,1.13607]],[[103.9767,1.13607],[103.97738,1.13676],[103.97811,1.13646],[103.97711,1.13617],[103.9767,1.13607]]]}},{"type":"Feature","properties":{"class":"green","area_km2":0.11},"geometry":{"type":"Polygon","coordinates":[[[103.87591,1.34182],[103.87328,1.34099],[103.87271,1.33783],[103.87416,1.33784],[103.87454,1.33921],[103.87552,1.33848],[103.87606,1.34186],[103.87591,1.34182]],[[103.87298,1.33884],[103.87359,1.33902],[103.87404,1.3383],[103.87286,1.33827],[103.87298,1.33884]]]}}]}